"公司代號","公司名稱","公司簡稱","產業類別","外國企業註冊地國","住址","營利事業統一編號","董事長","總經理","發言人","發言人職稱","代理發言人","總機電話","成立日期","上市日期","普通股每股面額","實收資本額(元)","已發行普通股數或TDR原發行股數","私募普通股(股)","特別股(股)","編製財務報告類型","普通股盈餘分派或虧損撥補頻率","普通股年度(含第4季或後半年度)現金股息及紅利決議層級","股票過戶機構","過戶電話","過戶地址","簽證會計師事務所","簽證會計師1","簽證會計師2","英文簡稱","英文通訊地址","傳真機號碼","電子郵件信箱","公司網址","投資人關係聯絡人","投資人關係聯絡人職稱","投資人關係聯絡電話","投資人關係聯絡電子郵件","公司網站內利害關係人專區網址","公司網站內公司治理資訊專區網址"
"1101","臺灣水泥股份有限公司","台泥","水泥工業","－","台北市中山北路2段113號","	11913502","張安平","程耀輝","葉毓君","永續長","賴家柔","(02)2531-7099","1950/12/29","1962/02/09",新台幣                 10.0000元,77231817420,7523181742,0,200000000,合併,每年,股東會,"中國信託商業銀行代理部","66365566","台北市重慶南路一段83號5樓","勤業眾信聯合會計師事務所","翁雅玲","黃惠敏","TCC","No.113, Sec.2, Zhongshan N. Rd.,Taipei City 104,Taiwan (R.O.C.)","(02)2531-6529","finance@taiwancement.com","https://www.tccgroupholdings.com/tw/","永續辦公室","永續辦公室","02-25317099","ir@taiwancement.com","https://www.tccgroupholdings.com/tw/esgStakeholder.html","https://www.tccgroupholdings.com/tw/ir_index.html"
"1102","亞洲水泥股份有限公司","亞泥","水泥工業","－","台北市大安區敦化南路2段207號30、31樓","	03244509","徐旭東","李坤炎","王照宇","協理","楊淯玲","02-2733-8000","1957/03/21","1962/06/08",新台幣                 10.0000元,35465628810,3546562881,0,0,合併,每季,董事會,"亞東證券股份有限公司","02-7753-1699","新北市板橋區新站路16號13樓","勤業眾信聯合會計師事務所","劉紋伶","陳培德","ACC","30-31F., No.207, Sec. 2, Dunhua S. Rd., Da' an Dist., Taipei City 106, TaiwanTAIPEI,TAIWAN,R.O.C","02-2736-6263","service@acc.com.tw","www.acc.com.tw","陳韋仲","投資人關係經理","02 27338000 ext.8336","ir@acc.com.tw","https://www.acc.com.tw/esg/stakeholders","https://www.acc.com.tw/about-us/corporate-governance"
"1103","嘉新水泥股份有限公司","嘉泥","水泥工業","－","台北市中山北路二段96號","	11892801","張剛綸","王立心","金哲毅","董事會秘書室協理","馮文裕","(02)2551-5211","1954/12/13","1969/11/14",新台幣                 10.0000元,7902474590,790247459,0,0,合併,每年,股東會,"群益金鼎證券股份有限公司股代部","(02)2702-3999","台北市敦化南路2段97號地下2樓","勤業眾信聯合會計師事務所","陳薔旬","梁盛泰","CHC","No.96, Sec. 2, Zhongshan N. Rd., Zhongshan Dist.Taipei City 10449, Taiwan (R.O.C.)","(02)2511-4002","ir@chcgroup.com.tw","www.chcgroup.com.tw","金哲毅","董事會秘書室協理","(02)2551-5211#277","ir@chcgroup.com.tw","www.chcgroup.com.tw/index.php?route=system/system&id=89","www.chcgroup.com.tw/?page_id=32650"
"1104","環球水泥股份有限公司","環泥","水泥工業","－","台北市南京東路二段125號10樓","	07568009","博智投資股份有限公司","侯智升","楊宗仁","副總經理","高琮堯","02-25077801","1960/03/21","1971/02/01",新台幣                 10.0000元,6866818160,686681816,0,0,合併,每年,股東會,"永豐金證券股份有限公司","02-23816288","台北市博愛路17號3樓","勤業眾信聯合會計師事務所","李季珍","廖鴻儒","UCC","10th F., 125 Nanking E.Rd Sec. 2,Taipei Taiwan","02-25075870","ucc@ucctw.com","www.ucctw.com","楊宗仁","副總經理","02-2507-7801","p1590@ucctw.com","http://www.ucctw.com/m/412-1518-12822.php?Lang=zh-tw","http://www.ucctw.com/m/412-1518-19258.php?Lang=zh-tw"
"1108","幸福水泥股份有限公司","幸福","水泥工業","－","台北市松江路237號15樓","	40601248","陳韻如","陳明賢","溫秀菊","財務部經理","陳一誠","25092188","1974/05/07","1990/06/06",新台幣                 10.0000元,4047380490,404738049,0,0,合併,每半會計年度,股東會,"永豐金證券股務代理","2381-6288","台北市中正區博愛路17號3樓","勤業眾信聯合會計師事務所","陳招美","陳薔旬","LUCKY CEMENT","15TH FL.,NO.237,SUNG KIANG RD.,TAIPEI,TAIWAN,R.O.C.","25048672","wendy@luckygrp.com.tw","www.luckygrp.com.tw","溫秀菊","財務部經理","25092188","wendy@luckygrp.com.tw","http://www.luckygrp.com.tw/tw/index.asp?au_id=66&sub_id=79","https://www.luckygrp.com.tw/tw/index.asp?au_id=7&sub_id=45"
"1109","信大水泥股份有限公司","信大","水泥工業","－","台北市寶慶路37號7樓","	03279507","楊智雄","楊大寬","張清壽","資深協理","蔡素秋","(02)23816731","1964/03/15","1991/12/05",新台幣                 10.0000元,3411588680,341158868,0,0,合併,每年,股東會,"中國信託商業銀行代理部","(02)6636-5566","台北巿重慶南路一段83號5樓","資誠聯合會計師事務所","余正富","支秉鈞","HsingTa","No. 37, 7F, Baoqing Rd.,Taipei City 100, Taiwan (R.O.C.)","23314086","service@hsingta.com.tw","www.hsingta.com.tw","蔡素秋","財會部經理","02-23816731#160","emily@hsingta.com.tw","http://www.hsingta.com.tw/Aboutusdetail.asp?lv=-1&id=14","https://www.hsingta.com.tw/Download.asp?lv=0&id=7"
"1110","東南水泥股份有限公司","東泥","水泥工業","－","高雄市前金區五福三路21號4樓之1","	83078600","陳敏斷","吳炎輝","黃薪翰","財務部副總經理","唐榮宗","07-2711121","1956/12/28","1994/10/22",新台幣                 10.0000元,5720007970,572000797,0,0,合併,每年,股東會,"元大證券股份有限公司","02-25865859","臺北市大安區敦化南路2段67號地下一樓","國富浩華聯合會計師事務所","黃致富","黃鈴雯","SE CEMENT","NO.21 Wu Fu 3 RoadKaohsiung, Taiwan, R.O.C.","07-9505895","southeast@secement.com","www.southeastcement.com.tw","黃薪翰","財務部副總經理","07-2711121","vance.huang@secement.com","https://southeastcement.com.tw/interested-parties/","https://southeastcement.com.tw/sustainable-development/corporate-governance-zone/"
"1201","味全食品工業股份有限公司","味全","食品工業","－","台北市松江路125號","	11347802","徐文芳","滕以勇","李文學","財務長","待補","(02)25065020","1953/09/22","1962/02/09",新台幣                 10.0000元,5060629140,506062914,0,0,合併,每年,董事會,"元大證券股務代理部","(02)25865859","臺北市大安區敦化南路2段67號地下一樓","資誠聯合會計師事務所","黃世鈞","葉翠苗","WEI CHUAN","10F., No.125, Sung Chiang Rd.Taipei, Taiwan, R.O.C.","(02)25063182","service@weichuan.com.tw","https://www.weichuan.com.tw","李文學","財務長","(02)25065020","IR@weichuan.com.tw","https://www.weichuan.com.tw/tw/sustainability/stakeholder#gsc.tab=0","https://www.weichuan.com.tw/tw/investor#gsc.tab=0"
"1203","味王股份有限公司","味王","食品工業","－","台北市中山北路二段79號5樓","	07067309","陳清福","陳恭平","魏璟雄","協理","李兆弘","(02)25717271","1959/07/04","1964/08/24",新台幣                 10.0000元,2400000000,240000000,0,0,合併,每年,股東會,"群益金鼎證券股份有限公司","27023999","台北市敦化南路二段97號地下2樓","大中國際聯合會計師事務所","溫明郁","張卉諭","VE WONG","5TH FL., 79 CHUNG SHAN N. RD., SEC.2TAIPEI TAIWAN","(02)25811006","wei@vewong.com.tw","https://www.vewong.com/","魏璟雄","協理","(02)25717271-610","wei@vewong.com.tw","https://www.vewong.com/ec99/ushop20069/profile-9.asp","https://www.vewong.com/ec99/ushop20069/profile-6.asp"
"1210","大成長城企業股份有限公司","大成","食品工業","－","台南市永康區蔦松二街三號","	73008303","韓家宇","韓芳豪","夏銜譽","副總經理","許博涵","06-2531111","1960/12/28","1978/05/20",新台幣                 10.0000元,8947672220,894767222,0,0,合併,每年,董事會,"中國信託商業銀行代理部","02-66365566","台北市重慶南路一段八十三號六樓","安侯建業會計師事務所","李逢暉","蔡佩汝","GREATWALL","3 NIAOSUN 2TH STREETYONGKONG TAINAN CONTY TAIWAN","06-2534596","ir@ms.greatwall.com.tw","http://www.dachan.com","夏銜譽","副總經理","02-26577111","ir@ms.greatwall.com.tw","https://www.dachan.com/shareholder","https://www.dachan.com/investor/governance"
"1213","大西洋飲料股份有限公司","大飲","食品工業","－","桃園市平鎮區南勢里2鄰南東路410號","	35012903","蘇芸樂","洪松輝","蘇芸樂","董事長","洪松輝","(02)2982-0061","1965/07/24","1981/04/10",新台幣                 10.0000元,566226270,56622627,0,0,合併,每年,股東會,"大西洋飲料股份有限公司","(02)2982-0061","新北市三重區重陽路三段99號10樓","南台聯合會計師事務所","丁澤祥","蔡玉琴","OCEANIC Bev.","No. 410, Nandong Rd., 2nd Neighborhood, Nanshi Vil., Pingzhen Dist., Taoyuan CTaipei Hsien,Taiwan,R.O.C.","(02)2984-1154","c5012903@ms23.hinet.net","http://applesidra.com.tw","林松聖","襄理","02-29820061#235","c5012903@ms23.hinet.net","http://applesidra.com.tw","https://applesidra.com.tw/%e6%8a%95%e8%b3%87%e4%ba%ba%e5%b0%88%e5%8d%80/%e5%85%ac%e5%8f%b8%e6%b2%bb%"
"1215","台灣卜蜂企業股份有限公司","卜蜂","食品工業","－","台北市松江路八十七號十七樓","	36514783","鄭武樾","許瑞通","劉明哲","特別助理","謝筱芬","02-25077071","1977/08/22","1987/07/27",新台幣                 10.0000元,2947900980,294790098,0,0,合併,每年,董事會,"中國信託商業銀行代理部","02-66365566","台北市重慶南路一段八十三號五樓","資誠聯合會計師事務所","廖福銘","蔡蓓華","CPE","17F., No. 87, Songjiang Rd.Taipei City, Taiwan 104","02-25064137","service@cptwn.com.tw","http://www.cptwn.com.tw","劉明哲","特別助理","02-25077071","service@cptwn.com.tw","https://www.cptwn.com.tw/ec99/rwd1785/category.asp?category_id=29","https://www.cptwn.com.tw/ec99/rwd1785/category.asp?category_id=22"
"1216","統一企業股份有限公司","統一","食品工業","－","71001台南市永康區中正路301號","	73251209","羅智先","郭慶峰","陳國煇","財務長","&#20931;忠正","(06)253-2121","1967/08/25","1987/12/28",新台幣                 10.0000元,56820154210,5682015421,0,0,合併,每年,股東會,"統一綜合證券(股)公司股務代理部","(02)2746-3797","10570台北市松山區東興路8號統一大樓地下室一樓","資誠聯合會計師事務所","田中玉","吳建志","UNI-PRESIDENT","No.301, Zhongzheng Rd., Yongkang Dist.,Tainan City 71001, Taiwan (R.O.C.)","(06)253-2661","jlian@mail.pec.com.tw","https://www.uni-president.com.tw","吳婉瑜","課長","(02)8786-6888-2536","public@mail.pec.com.tw","https://www.uni-president.com.tw/","https://www.uni-president.com.tw/invest/board.html"
"1217","愛之味股份有限公司","愛之味","食品工業","－","嘉義縣民雄鄉工業二路11號","	65534366","陳冠翰","陳冠豪","陳冠翰","董事長","陳志展 陳冠豪 陳建華","05-2211521-4","1971/06/26","1989/10/28",新台幣                 10.0000元,4945133360,494513336,0,0,合併,每年,董事會,"群益金鼎證券股份有限公司","02-27023999","台北市大安區敦化南路二段97號地下二樓","國富浩華聯合會計師事務所","黃鈴雯","李國銘","AGV","NO.11,Kung Yeh Second Rd.,Min Hsiong Industrial ZoneChiayi Hsien,Taiwan","05-2216287","YUEHCHU@mail.agv.com.tw","www.agv.com.tw","蔡月足","總監","05-2211521","YUEHCHU@mail.agv.com.tw","www.agv.com.tw","https://www.agv.com.tw/ir/"
"1218","泰山企業股份有限公司","泰山","食品工業","－","彰化縣田中鎮興工路6號","	59661701","劉偉龍","沈怡君","李淑惠","副總經理","沈怡君","04-8742211","1950/10/26","1989/11/11",新台幣                 10.0000元,4999990380,499999038,0,0,合併,每年,董事會,"元大證券股份有限公司","(02)25863117","106045台北市大安區敦化南路二段67號B1","安永聯合會計師事務所","黃子評","林素雯","TAISUN","No.6, Xinggong Rd., Tianzhong Township.Changhua County 520, Taiwan (R.O.C.)","04-8758989","taisunir@taisun.com.tw","www.taisun.com.tw","李淑惠","副總經理","02-25064152","taisunir@taisun.com.tw","https://www.taisun.com.tw/corporate/stakeholder/","https://www.taisun.com.tw/corporate/corporate-governance-practices/"
"1219","福壽實業股份有限公司","福壽","食品工業","－","台中市沙鹿區沙田路45號","	56192402","洪堯昆","趙文強","徐沛妤","協理","陳祺炆","04-26362111","1955/02/07","1990/12/01",新台幣                 10.0000元,3412383640,341238364,0,0,合併,每年,董事會,"凱基證券股份有限公司","02-23892999","100502台北市重慶南路一段2號5樓","群智聯合會計師事務所","張鈞富","吳乾萌","FWUSOW","45,Sha-Tyan,Sha-LuTaichung Taiwan R.O.C","04-26358452","fwusow@fwusow.com.tw","www.fwusow.com.tw","徐沛妤","協理","04-26362111#210","pyhsu@fwusow.com.tw","http://www.fwusow.com.tw/information/itemlist/category/52.html","https://esg.fwusow.com.tw"
"1220","台榮產業股份有限公司","台榮","食品工業","－","台北市中山區南京東路二段206號6樓","	03543210","倍安利投資有限公司","陳英凱","周忠平","經理","張大慶","(02)2506-9521","1969/03/13","1991/11/20",新台幣                 10.0000元,1770779440,177077944,0,0,合併,每年,股東會,"中國信託商業銀行代理部","(02)66365566","台北市重慶南路一段83號5樓","立本台灣聯合會計師事務所","柯俊輝","陳玉芳","TAIROUN","6TH FL. NO. 206.  NANKING E. RD., SEC. 2Taipei,Taiwan,ROC","(02)2507-7020","csr@tairoun.com.tw","http://www.tairoun.com.tw/","周忠平","經理","02-25069521#231","grantchou@tairoun.com.tw","https://www.tairoun.com.tw/stake-holder.php","https://www.tairoun.com.tw/index.php"
"1225","福懋油脂股份有限公司","福懋油","食品工業","－","台中市大肚區沙田路一段453號","	22102298","晉懋投資股份有限公司(代表人吳星澄)","張志賓","李建儀","財務資深經理","郭中儀","25073121","1986/04/18","1993/09/27",新台幣                 10.0000元,2422683060,242268306,0,0,合併,每年,董事會,"群益金鼎證券股份有限公司","02-27023999","台北市敦化南路二段97號地下二樓","群智聯合會計師事務所","呂松裕","張鈞富","FOPCO","3RD FL,150 NANJING EAST RD, SEC.2 TAIPEI TAIWAN R.O.CTAIPEI TAIWAN R.O.C.","(02)25071312","cherry.lin@fopco.com.tw","WWW.FOPCO.COM.TW","郭中儀","協理","04-26933621#268","matt.kuo@fopco.com.tw","WWW.FOPCO.COM.TW","https://www.fopco.com.tw/About.php?ADKey=31"
"1227","佳格食品股份有限公司","佳格","食品工業","－","台北市內湖區瑞光路610號10樓","	22102473","曹德風","邱子權","曹博睿","執行長","李倍蓮","2709-2323","1986/06/06","1994/04/09",新台幣                 10.0000元,9150895910,915089591,0,0,合併,每年,股東會,"中國信託商業銀行代理部","(02)6636-5566","台北市重慶南路一段83號5樓","勤業眾信聯合會計師事務所","方涵妮","陳昭宇","SFC","10F., No. 610, Ruiguang Rd., Neihu Dist.Taipei,Taiwan,R.O.C.","2706-7955","spokesperson1@sfworldwide.com","https://www.sfworldwide.com/","曾玉如","副理","2709-2323 分機10860","Spokesperson2@sfworldwide.com","https://www.sfworldwide.com/new-esg-199-203","https://www.sfworldwide.com/directors"
"1229","聯華實業控股股份有限公司","聯華","食品工業","－","臺北市南港區南港路一段209號10樓","	11996904","苗豐強","林信宏","林信宏","總經理","嚴文卿","(02)2786-1188","1955/07/20","1976/07/19",新台幣                 10.0000元,17959606680,1795960668,0,0,合併,每季,董事會,"中國信託商業銀行代理部","(02)6636-5566","台北市重慶南路一段83號5樓","安侯建業聯合會計師事務所","許淑敏","江曉苓","LHIHC","10F., No. 209, Sec. 1, Nangang Rd., Nangang Dist.,Taipei, Taiwan, R.O.C.","(02)2786-3232","info@lhic.com.tw","https://www.lhicholdings.com/","張玉虎","財會中心經理","02-27861188 # 1622","ir@lhic.com.tw","https://www.lhicholdings.com/csr/index/crs-stakeholder/","https://www.lhicholdings.com/investors/2member/Board-of-directors-01/"
"1231","聯華食品工業股份有限公司","聯華食","食品工業","－","台北市迪化街一段148號","	07569627","李開源","扶兆民","林志遠","財務處協理","陳姵岑","(02)25534546","1970/07/07","1995/11/02",新台幣                 10.0000元,2984544750,298454475,0,0,合併,每年,股東會,"永豐金證券股份有限公司","(02)23816288","台北市博愛路17號3樓","勤業眾信聯合會計師事務所","劉明賢","張青霞","Lian Hwa Foods","148 TI HWA STREET SEC.1,Taipei,Taiwan,R.O.C","(02)25533479","tomlin@lianhwa.com.tw","www.lianhwa.com.tw","林志遠","財務處協理","(02)25521666-1580","tomlin@lianhwa.com.tw","https://www.lianhwa.com.tw/column_list.php?content_category_sn=423","https://www.lianhwa.com.tw/column_list.php?content_category_sn=184"
"1232","大統益股份有限公司","大統益","食品工業","－","台南市官田區二鎮里工業西路32號","	20927014","羅智先","陳昭良","陳昭良","總經理","陳冠州","06-698-4500","1982/05/24","1996/02/09",新台幣                 10.0000元,1599749150,159974915,0,0,合併,每年,股東會,"統一綜合證券股份有限公司","02-2746-3797","台北市東興路8號地下一樓","資誠聯合會計師事務所","徐惠榆","葉芳婷","TTET","32, Gongye West Road, Erzhen Village, Guantian District, Tainan City, TaiwanTAINAN CITY, TAIWAN","06-698-5530","finance@mail.ttet.com.tw","https://www.ttet.com.tw","陳冠州","經理","06-6984500#800","sam@mail.ttet.com.tw","https://www.ttet.com.tw/index.php?temp=investors&lang=cht","https://www.ttet.com.tw/index.php?option=module&lang=cht&task=showlist&id=406&index=1"
"1233","天仁茶業股份有限公司","天仁","食品工業","－","台北市忠孝東路4段107號6樓","	18559415","李建德","陳中智","王華榮","營運部品牌策略副總","謝艾芸","02-27765580","1975/12/11","1999/01/20",新台幣                 10.0000元,905919480,90591948,0,0,合併,每年,董事會,"元大證券股份有限公司","02-25865859","臺北市大安區敦化南路2段67號地下一樓","安永聯合會計師事務所","陳智忠","李育儒","Ten Ren","6F. NO.107,SEC 4, Chung Hsiao East Road,Taipei, Taiwan, ROC","02-27403035","chafortea@tenren.com.tw","http://www.tenren.com.tw/","謝艾芸","公司治理室副理","02-27765580","irene@tenren.com.tw","http://www.tenren.com.tw/Content/IRContactUS/Contact.aspx?SiteID=10&MmmID=654044433016605753","https://www.tenren.com.tw/Content/IRContactUS/Contact.aspx?SiteID=10&MmmID=654044433016605753"
"1234","黑松股份有限公司","黑松","食品工業","－","台北市大安區信義路四段296號3樓","	20651901","張斌堂","張智鈞","杜居燦","財務處處長","沈榮宗","(02)2706-2191","1969/12/13","1999/03/12",新台幣                 10.0000元,4018710940,401871094,0,0,合併,每年,董事會,"宏遠證券股份有限公司股務代理部","(02)7719-8899","台北市大安區信義路四段236號3樓","勤業眾信聯合會計師事務所","翁博仁","蔡宗遠","HEY SONG","3F. No. 296, Sec. 4, Xinyi Rd., Da’an Dist.,Taipei City 106427, Taiwan (R.O.C.)","(02)2755-2119","heysong@heysong.com.tw","www.heysong.com.tw","杜居燦","財務處處長","(02)2706-2191#403","16222@heysong.com.tw","http://www.heysong.com.tw/Stakeholder/Stakeholder","https://www.heysong.com.tw/investor/corporateorganize"
"1235","興泰實業股份有限公司","興泰","食品工業","－","高雄市仁武區高楠公路10號","	85617982","美安生化科技股份有限公司(代表人楊淑樺)","葉文籐","王麗雯","會計主管","葉文籐","07-3425301-5","1972/11/15","2000/09/11",新台幣                 10.0000元,1885778360,188577836,0,0,合併,每年,股東會,"國票綜合證券股份有限公司","02-25288988","105411台北市松山區南京東路五段188號15樓","群智聯合會計師事務所","呂松裕會計師","張鈞富會計師","ST","10 KAO-NANG HIGHWAYJEN-WUH KAOHSIUNG TAIWAN R.O.C.","07-3425694","shintailtd@gmail.com","www.goldenbrand.com.tw","葉文隆","法務處經理","07-3425301","shintailtd@gmail.com","http://www.goldenbrand.com.tw/stakeholder.php","http://www.goldenbrand.com.tw/invest.php"
"1236","宏亞食品股份有限公司","宏亞","食品工業","－","新北市新店區北新路一段86號20樓之6","	34106066","張云綺","張云綺","許士彬","總經理特助","許士彬","(02)29180786","1976/06/14","2001/09/17",新台幣                 10.0000元,866740080,86674008,0,0,合併,每年,董事會,"福邦證券股份有限公司","(02)2383-6888","台北市中正區忠孝西路一段6號6樓","安永聯合會計師事務所","徐榮煌","劉榮進","Hunya","20F.-6, No.86, Sec. 1, Beixin Rd.,Xindian Dist., New Taipei City 23147","(02)29180706","hunya.com.tw","https://www.hunya.com.tw","林世祺","財務會計主管","(02)29180786","IR@hunya.com.tw","https://csr.hunya.com.tw/","https://www.hunya.com.tw/ir/management"
"1256","鮮活控股股份有限公司","鮮活果汁-KY","食品工業","KY","Suite 102, Cannon Place, P.O. Box 712, North Sound Rd.","	37759808","黃國晃","黃薰毅","吳明憲","董事","陳怡如","512-57515501","2010/01/12","2016/03/17",新台幣                 10.0000元,357721600,35772160,0,0,合併,每年,股東會,"兆豐證券股份有限公司股務代理部","02-3393-0898","台北市忠孝東路二段95號1樓","勤業眾信聯合會計師事務所","彭以驊","張至誼","Sunjuice","Suite 102, Cannon Place, P.O. Box 712, North Sound Rd.Grand Cayman, KY1-9006","512-57515503","ky@sunjuice.com","https://www.sunjuice.com/","吳明憲","發言人","0972522666","sam.wu@sunjuice.com","https://www.sunjuice.com/category/stakeholders.html","https://www.sunjuice.com/category/directorate.html"
"1301","台灣塑膠工業股份有限公司","台塑","塑膠工業","－","高雄市仁武區水管路100號","	75708007","郭文筆","林勝冠","林勝冠","總經理","簡嘉宏","(02)2712-2211","1954/11/05","1964/07/27",新台幣                 10.0000元,63657407810,6365740781,0,0,合併,每年,董事會,"本公司股務組","(02)2718-9898","台北市內湖區南京東路六段380號10樓","安侯建業聯合會計師事務所","郭欣頤","張肇文","FPC","(A1-11F) No.380, Section 6, Nanjing E. RdTaipei, Taiwan, R.O.C.","(02)2717-8108","formosa@fpc.com.tw","http://www.fpc.com.tw","劉祈廷","資深經理","(02)2712-2211","formosa@fpc.com.tw","http://www.fpc.com.tw/fpcw/index.php?op=res&id=18","https://www.fpc.com.tw/fpcw/index.php?op=res&id=11&c=64#"
"1303","南亞塑膠工業股份有限公司","南亞","塑膠工業","－","台北市內湖區南京東路六段380號(A1)7樓","	75370905","吳嘉昭","鄒明仁","鄒明仁","總經理","彭福榮","(02)27122211","1958/08/22","1967/11/15",新台幣                 10.0000元,79308215890,7930821589,0,0,合併,每年,董事會,"本公司股務組","(02)27189898","台北市內湖區南京東路六段380號10樓","安侯建業聯合會計師事務所","郭欣頤","陳俊光","NPC","7F, No. 380, Sec. 6, Nanjing E. Rd., Neihu Dist., Taipei City(A1)Taipei, Taiwan, R.O.C.","(02)27178533","nanya@npc.com.tw","http://www.npc.com.tw","彭福榮","副總經理","(02)27122211","nanya@npc.com.tw","http://www.npc.com.tw/j2npc/zhtw/stakeholder.jsp","https://www.npc.com.tw/j2npc/zhtw/co_governance.jsp"
"1304","台灣聚合化學品股份有限公司","台聚","塑膠工業","－","台北市內湖區基湖路37號12樓","	11917107","吳亦圭","吳培基","吳銘宗","業務副總經理","周澤宜","02-87516888","1965/05/26","1972/05/20",新台幣                 10.0000元,11887635000,1188763500,0,0,合併,每年,股東會,"本公司股務部","02-26503773","台北市內湖區內湖路一段120巷17號6樓","勤業眾信聯合會計師事務所","陳俊宏","張正修","USI","12TH FLOOR, NO. 37 JI-HU ROAD, NEI-HU DISTRICTTAIPEI 114, TAIWAN, R.O.C.","02-26599524","mtwu@usig.com","www.usife.com.tw","周澤宜","代理發言人","02-87516888分機3318","kellychou@usig.com","https://www.usife.com.tw/ESG/zh-tw/ESG13.aspx","https://www.usife.com.tw/zh-tw/dirInvestor/frmInvestor"
"1305","華夏海灣塑膠股份有限公司","華夏","塑膠工業","－","台北市內湖區基湖路37號12樓","	11686106","吳亦圭","胡吉宏","吳建興","營業處處長","黃俊閔","(02)8751-6888","1964/04/29","1973/03/05",新台幣                 10.0000元,5810504940,581050494,0,0,合併,每年,股東會,"本公司股務部","(02)2650-3773","台北市內湖區內湖路一段120巷17號6樓","勤業眾信聯合會計師事務所","張正修","劉怡青","CGPC","12th Floor , NO.37 , Ji-Hu Rd. Nei-Hu DistrictTaipei, Taiwan, R.O.C.","(02)2659-9516","jhwu@usig.com","https://www.cgpc.com.tw","吳建興","營業處處長","(02)2650-3749","jhwu@usig.com","https://www.cgpc.com.tw/ESG/tw/issue-SDGs.aspx","https://www.cgpc.com.tw/zh-tw/dirServices/frmServices.aspx"
"1307","三芳化學工業股份有限公司","三芳","塑膠工業","－","高雄市三民區通化街120號","	83387850","林孟經","林至逸","李禮權","總監","林信宏","(07)3712111","1973/06/16","1985/11/23",新台幣                 10.0000元,3978181260,397818126,0,0,合併,每年,董事會,"中國信託代理部","(02)6636-5566","台北市重慶南路一段83號5樓","勤業眾信會計師事務所","王騰葦","劉裕祥","SAN FANG","402 FENGJEN RD.,JENWU SHIANG,KAOSHIUNG,TAIWAN","(07)3711940","jui@sanfang.com.tw","http://www.sanfang.com.tw","李禮權","總監","073712111","leo@sanfang.com.tw","http://www.sanfang.com.tw/main/ems_c01.asp","https://www.sanfang.com/interested"
"1308","亞洲聚合股份有限公司","亞聚","塑膠工業","－","高雄市林園區工業一路3號","	20747385","吳亦圭","吳培基","黃克名","業務處處長","張勝川","(02)8751-6888","1977/01/25","1986/06/20",新台幣                 10.0000元,5937439190,593743919,0,0,合併,每年,股東會,"亞洲聚合股份有限公司股務部","(02)2650-3773","台北市內湖區內湖路一段120巷17號6樓","勤業眾信聯合會計師事務所","劉怡青","莊碧玉","APC","NO.3,INDUSTRIAL 1ST RD., LINYUAN DIST.,KAOHSIUNG, TAIWAN, 832 ROC","(02)2659-9553","gltzeng@usig.com","https://www.apc.com.tw/","張勝川","會計部經理","(02)2650-3351","david.chang@usig.com","https://www.apc.com.tw/ESG/zh-tw/ESG13.aspx","https://www.apc.com.tw/zh-tw/dirServices/frmServices.aspx"
"1309","台達化學工業股份有限公司","台達化","塑膠工業","－","台北市內湖區基湖路37號12樓","	11893409","吳亦圭","吳培基","黃俊豪","協理","陳錫明","(02)8751-6888","1960/04/06","1986/06/27",新台幣                 10.0000元,3975868480,397586848,0,0,合併,每年,股東會,"台達化學工業股份有限公司股務部","(02)2650-3773","台北市內湖區內湖路一段120巷17號6樓","勤業眾信聯合會計師事務所","陳俊宏","劉怡青","TTC","12th Floor, No.37, Ji-Hu Rd.,Taipei 114,Taiwan,R.O.C.","(02)2659-9504","chunhao@usig.com","http://www.ttc.com.tw","黃俊豪","發言人","(02)8751-6888#3278","chunhao@usig.com","https://www.ttc.com.tw/zh-tw/dirCSRnew/frmStakeholder.aspx","https://www.ttc.com.tw/zh-tw/dirServices/frmServices2.aspx"
"1310","台灣苯乙烯工業股份有限公司","台苯","塑膠工業","－","台北市中正區羅斯福路一段六號八樓之一","	20844865","林文淵","仲崇國","呂政欣","協理","陳明男","02-23966007","1979/11/16","1987/08/06",新台幣                 10.0000元,5278697640,527869764,0,0,合併,每年,董事會,"康和綜合證券股份有限公司","02-8787-1118","台北市信義區基隆路一段176號B1","安侯建業聯合會計師事務所","尹元聖","吳麟","T.S.M.C.","8F-1, No. 6, Sec. 1, Roosevelt Rd., Taipei City , TaiwanTaipei,Taiwan","23960755","investors@mail.smct.com.tw","http://www.smct.com.tw/","陳明男","協理","02-23966007","investors@mail.smct.com.tw","http://www.smct.com.tw/contact/contactUs","https://www.smct.com.tw/investors/corporateGovernance"
"1312","國喬石油化學股份有限公司","國喬","塑膠工業","－","臺北市敦化北路135號8樓","	04212250","邱德馨","曾嘉雄","沈美佑","經理","薛鴻敏","(02)2175-4567","1973/09/25","1988/12/21",新台幣                 10.0000元,11266203280,1106620328,0,20000000,合併,每年,董事會,"凱基證券(股)公司代理部","(02)2389-2999","台北市重慶南路一段2號5 樓","安侯建業聯合會計師事務所","吳政諺","連淑凌","GPPC","8F., No. 135, Dunhua N. Rd., Songshan Dist.,TAIPEI, TAIWAN  R.O.C.","(02)2545-8755","gppc@gppc.com.tw","http://www.gppc.com.tw","沈美佑","經理","(02)2175-4567","gppc@gppc.com.tw","http://www.gppc.com.tw/gppc/Investment-2.asp","https://www.gppc.com.tw/gppc/Investment.asp"
"1313","聯成化學科技股份有限公司","聯成","塑膠工業","－","台北市南港區南港路一段209號A棟9樓","	04748660","苗豐強","畢淑蒨","張嘉麟","專案經理","徐桂梅","(02)26517889","1976/08/14","1989/03/27",新台幣                 10.0000元,13308461070,1330846107,0,0,合併,每年,董事會,"中國信託商業銀行代理部","(02)6636-5566","台北市重慶南路一段83號5F","勤業眾信聯合會計師事務所","劉建良","王儀雯","UPC","9F., Building A, No. 209 NanGang Rd., Sec. 1, NanGang Dist., Taipei, 115,Taiwan, R.O.C","(02)26515818","ir@upc.com.tw","http://www.upc.com.tw","張嘉麟","專案經理","(02)26517889-6003","ir@upc.com.tw","https://www.upc.com.tw/zh-TW/Html/stakeholder_engagement","https://www.upc.com.tw/zh-TW/Html/corporate_governance"
"1314","中國石油化學工業開發(股)公司","中石化","塑膠工業","－","高雄市大社區經建路1號","	03084741","陳瑞隆","陳穎俊(代理)","陳穎俊","總經理(代理)","李建憲、陳台彰","07-3513521","1969/07/08","1991/07/12",新台幣                 10.0000元,37848501300,3784850130,0,0,合併,每年,股東會,"本公司股務室","02-89782589","台北市松山區東興路12號3樓","信永中和會計師事務所","陳光慧","楊子陞","CPDC","No. 1, Jingjian Road, Dashe DistrictKaohsiung, Taiwan, R. O. C.","07-3513642","investors@cpdc.com.tw","www.cpdc.com.tw","季天蔚","副理","02-87878461","investors@cpdc.com.tw","https://reurl.cc/9vkEQa","https://www.cpdc.com.tw/tw/ir_info"
"1315","達新工業股份有限公司","達新","塑膠工業","－","台中市西屯區工業區35路51號","	51059101","吳子聰","陳以千","賴耿民","副總經理","陳明哲","04-23595511","1966/10/24","1992/05/09",新台幣                 10.0000元,990990000,99099000,0,0,合併,每半會計年度,董事會,"中國信託商業銀行(股)公司代理部","02-66365566","台北市重慶南路一段83號5樓","國富浩華聯合會計師事務所","張福郎","林志隆","TAH HSIN","NO.51, 35TH RD.,TAICHUNG INDUSTRIAL PARK ,TAICHUNG ,TAIWAN, R.O.C","04-23595557","thst@mail.tahhsin.com.tw","www.tahhsin.com.tw","賴耿民","副總經理","04-23595511#1151","kmlai@mail.tahhsin.com.tw","www.tahhsin.com.tw","https://www.tahhsin.com.tw/internal-policies/"
"1316","上曜建設開發股份有限公司","上曜","建材營造","－","台南市安平區永華路二段248號20樓之6","	73654033","張祐銘","曾鵬光","郭育政","財務部副總經理","朱麗娟","(06)2988318","1979/12/11","1992/10/15",新台幣                 10.0000元,3759461500,375946150,0,0,合併,每半會計年度,董事會,"元大證券股份有限公司","(02)2586-5859","臺北市大安區敦化南路2段67號地下一樓","安侯建業聯合會計師事務所","許振隆","高鈺倫","SUN  YAD","20F.-6, No.248, Sec. 2, Yonghua RdAnping Dist., Tainan City 708, Taiwan","(06)2988311","sunyad_101@yahoo.com.tw","www.sunyad.com.tw","郭育政","財務部副總經理","06-2988318","sunyad_101@yahoo.com.tw","www.sunyad.com.tw","https://sunyad.com.tw/management.asp#"
"1319","東陽實業廠股份有限公司","東陽","汽車工業","－","台南市安和路二段98號","	68326665","吳永茂","吳永祥","許芳華","助理副總經理","洪櫻芬","06-3560511","1967/10/30","1994/12/12",新台幣                 10.0000元,5914770680,591477068,0,0,合併,每年,董事會,"中國信託商業銀行代理部","02-66365566","台北市重慶南路一段83號5F","安永聯合會計師事務所","胡子仁","洪國森","TYG","98 AN HO ROAD.,SEC,2TAINAN,TAIWAN,R,O,C","06-3566055","15469@tyg.com.tw","WWW.TYG.COM.TW","黃和傑","專案經理","06-3560511-6170","15531@tyg.com.tw","https://www.tyg.com.tw/traditiona-relationship.html","https://www.tyg.com.tw/governance-structure.html"
"1321","大洋塑膠工業股份有限公司","大洋","塑膠工業","－","台北市莒光路310號5,6樓","	15024509","陳欽明","陳欽明","邱俊福","經理","鄭有峰","(02)23062131","1965/06/07","1999/01/26",新台幣                 10.0000元,2272282680,227228268,0,0,合併,每年,股東會,"凱基證券(股)公司股務代理部","(02)23148800","台北市重慶南路一段2號5樓","安侯建業聯合會計師事務所","余聖河","羅瑞芝","OPC","5F,310 CHUKWANG ROADTAIPEI,TAIWAN,R.O.C","(02)23027464","mauwau@opc.com.tw","www.opc.com.tw","鄭有峰","經理","23062131-1611","mauwau@opc.com.tw","https://www.opc.com.tw/zh-tw/a2/%E6%8A%95%E8%B3%87%E6%9C%8D%E5%8B%99.html","https://www.opc.com.tw/zh-tw/a2/%E6%8A%95%E8%B3%87%E6%9C%8D%E5%8B%99.html"
"1323","永裕塑膠工業股份有限公司","永裕","塑膠工業","－","台南市仁德區勝利路88號","	68192103","王威程","王威程","郭錦添","副總經理","蔡崇誠","06-2793711","1973/04/02","2000/09/11",新台幣                 10.0000元,912745540,91274554,0,0,合併,每年,董事會,"凱基證券股份有限公司","02-23892999","台北市重慶南路一段2號5樓","資誠聯合會計師事務所","葉芳婷","徐惠榆","YONYU","No. 88, Shengli Rd., Rende Dist.Tainan City 717018, Taiwan (R.O.C.)","06-2705088","kct3232@yonyu.com.tw","www.yonyu.com.tw","蔡崇誠","財務總監","+886-6-2793711#160","cct0368@yonyu.com.tw","http://www.yonyu.com.tw/yonyu/stakeholder.php","https://www.yonyu.com.tw/yonyu/ir.php"
"1324","地球綜合工業股份有限公司","地球","塑膠工業","－","台北市中山區南京東路3段61號7樓","	07147916","鈞鼎投資股份有限公司(代表人張德照)","黃林慶","張雅琪","財務部部長","曾嬿妤","(02)2506-6666","1964/12/08","2000/09/11",新台幣                 10.0000元,751218820,75121882,0,0,合併,每年,董事會,"永豐金證券股份有限公司","02-23816288","台北市中正區博愛路17號3樓","安永聯合會計師事務所","徐榮煌","楊弘斌","GLOBE TAPE","7F.NO.61.SECTION 3,NANKING E ROADTAIPEI TAIWAN R.O.C.","(02)2507-0226","ir@globetape.com.tw","https://www.globetape.com","張雅琪","財務部部長","(02)2506-6666","doris@globetape.com.tw","https://www.globetape.com/investor/corporate-governance/project/communicate-2","https://www.globetape.com/investor/corporate-governance"
"1325","恒大股份有限公司","恆大","塑膠工業","－","台北市林森北路372號10樓","	11455800","黃美慧","黃美慧","周壽祿","協理","廖淑姬","(02)25119161","1962/10/14","2000/09/11",新台幣                 10.0000元,852811980,85281198,0,0,合併,每年,董事會,"中國信託商業銀行代理部","(02)66365566","台北市重慶南路一段83號5樓","勤業眾信聯合會計師事務所","薛峻泯","陳昭伶","UK","10F, 372, LIN SHEN N. ROADTAIPEI, TAIWAN, R.O.C.","(02)25374473","uk4409@ms34.hinet.net","www.uk.com.tw","周壽祿","協理","(02)25119161","slchou@uk.com.tw","www.uk.com.tw","https://www.uk.com.tw"
"1326","台灣化學纖維股份有限公司","台化","塑膠工業","－","彰化市中山路3段359號","	58650902","洪福源","呂文進","呂文進","總經理","黃國賢","(02)27122211","1965/03/05","1984/12/20",新台幣                 10.0000元,58611862910,5861186291,0,0,合併,每年,董事會,"本公司股務組","(02)27189898","台北市內湖區南京東路六段380號10樓","資誠聯合會計師事務所","阮呂曼玉","徐聖忠","FCFC","10F., No.388, Sec.6, Nanjing E. Rd.Taipei, Taiwan, R.O.C","(02)27133229","fcfc@fcfc.com.tw","http://www.fcfc.com.tw","劉佳儒","資深經理","(02)27122211-8410","u127129@fcfc.com.tw","https://www.fcfc.com.tw/data-22337","https://www.fcfc.com.tw/principles-organizations"
"1337","亞洲塑膠再生資源控股有限公司","再生-KY","塑膠工業","KY","高雄市苓雅區四維四路190號12樓之2","	26068617","丁金山","丁金礦","王維民","財務協理","丁華雄","(07)2696099","2010/01/08","2011/08/17",新台幣                 10.0000元,2689547290,268954729,0,0,合併,每年,股東會,"元大證券股份有限公司股務代理部","(02)2586-5859","台北市大安區敦化南路二段67號地下1樓","德昌聯合會計師事務所","林兆民","史岱平","Asia Plastic","12F.-2, No. 190, Siwei 4th Rd.Lingya Dist.,Kaohsiung City 802 Taiwan","(07)2696099","weimin831@gmail.com","http://asia-recycle.com","王維民","財務主管","(07)2696099","weimin831@gmail.com","http://asia-recycle.com(?]?m??)","http://asia-recycle.com/governance/organized/index.html"
"1338","廣華控股有限公司","廣華-KY","汽車工業","KY","廣東省東莞市厚街鎮橋頭第三工業區","	26594386","余澤民","黃建中","邱守瑞","財務協理","黃建中","0769-89278888","2009/12/08","2012/12/19",新台幣                 10.0000元,838400000,83840000,0,0,合併,每年,股東會,"兆豐證券股份有限公司股務代理部","02-33930898","台北市忠孝東路二段95號3樓","安侯建業聯合會計師事務所","陳宜君","江曉苓","Hiroca","3rd Industrial Zone, Qiaotou, Houjie TownDongguan City, Guangdong Province, PRC","0769-85903818","hiroca@hirosawa.com.cn","https://www.hiroca.co/","邱守瑞","財務協理","0903119680","hiroca@hirosawa.com.cn","https://www.hiroca.co/article_d.php?lang=tw&tb=1&id=211","https://www.hiroca.co/article_d.php?lang=tw&tb=1&id=211"
"1339","昭輝實業股份有限公司","昭輝","汽車工業","－","彰化縣鹿港鎮興業路8號","	22078327","禾翰投資股份有限公司","林睿澤","劉淑梅","副總經理","王淑慧","(04)7810781","1986/03/07","2012/04/24",新台幣                 10.0000元,741238750,74123875,0,0,合併,每年,董事會,"統一綜合證券股份有限公司","02-27463797","台北市松山區東興路八號地下一樓","資誠聯合會計師事務所","王玉娟","賴志維","Y.C.C.","8, Xingye Rd., Lukang TownChung Hua Hsien, Taiwan ., R.O.C.","(04)7813209","ycc888@yccco.com.tw","http://www.yccco.com.tw","劉淑梅","副總經理","(04)7810781","ycc888@yccco.com.tw","http://www.yccco.com.tw/index.php?action=public-link","http://www.yccco.com.tw/index.php?action=public-org"
"1340","勝悅新材料有限公司","勝悅-KY","塑膠工業","KY","中國福建省晉江市青陽蓮嶼工業區","	37722768","莊國清","莊輝煌","陳圖炎","財務長","郭燈佳","8659582889862","2012/06/14","2014/01/14",新台幣                 10.0000元,1529228550,152922855,0,0,合併,每年,股東會,"永豐金證券公司股務代理部","(02)2381-6288","台北市中正區博愛路17號3樓","信永中和聯合會計師事務所","陳光慧","楊子陞","VICTORY","Qingyang Lianyu Industrial AreaJinjiang, Fujian, China","8659585689208","peter.chen@sportspowersole.com","www.vnm.com.tw","陳圖炎","財務長","8659582889862","peter.chen@sportspowersole.com","www.vnm.com.tw","http://www.vnm.com.tw/index.php?temp=mng&lang=cht"
"1341","富林塑膠工業(開曼)控股(股)公司","富林-KY","塑膠工業","KY","越南海防市陽京郡海城坊范文同路第9里程","	82716171","王源林","王源林(暫代)","許乃仁","協理","徐鈿朋","(07)535-2366","2016/11/30","2018/12/24",新台幣                 10.0000元,528506340,52850634,0,0,合併,每季,董事會,"中國信託商業銀行代理部","(02)6636-5566","台北市中正區重慶南路一段83號5樓","勤業眾信聯合會計師事務所","王騰葦","陳珍麗","FULIN-KY","Km9 Pham Van Dong Hai Thanh Ward Duong Kinh DistrictHai Phong Viet Nam","(07)535-2368","acc@fulintw.com.tw","http://www.fulinvn.com","許乃仁","協理","075352366","acc@fulintw.com.tw","http://www.fulinvn.com/tc/investor_detail.php?PKey=101","http://www.fulinvn.com/tc/investor.php?PKey=6"
"1342","八貫企業股份有限公司","八貫","其他","－","宜蘭縣冬山鄉德興四路6號","	12386676","劉宗熹","劉宗熹","李宏毅","副總經理","游憶敏","03-9109568","1982/06/17","2020/11/24",新台幣                 10.0000元,780009020,78000902,0,0,個別,每年,董事會,"富邦綜合證券(股)公司股務代理部","(02)2361-1300","台北市中正區許昌街17號11樓","安永聯合會計師事務所","張志銘","黃建澤","CCI Yilan","No. 6, Dexing 4th Rd., Daxing Vil., Dongshan TownshipYilan County 269031, Taiwan (R.O.C.)","03-9903297","investor@cathay1342.com.tw","http://www.cathayconsolidated.com","李宏毅","副總經理","03-9109568","investor@cathay1342.com.tw","http://www.cathayconsolidated.com","https://www.cathayconsolidated.com/IN_Html/investor-a.html"
"1402","遠東新世紀股份有限公司","遠東新","紡織纖維","－","台北市大安區敦化南路二段207號36樓","	03522600","徐旭東","吳高山,鄭澄宇,范欽智,李源珍","鄭澄宇","行政總部總經理","王健誠","02-27338000","1954/01/13","1967/04/14",新台幣                 10.0000元,53528752270,5352875227,0,0,合併,每年,股東會,"亞東證券股份有限公司","02-7753-1699","新北市板橋區新站路16號13樓","勤業眾信聯合會計師事務所","黃國寧","邵志明","FENC","36F,Taipei Metro Tower No.207,Tun Hwa South Road,Sec.2Taipei,Taiwan,R.O.C.","02-27367184","csostaff@metro.feg.com.tw","www.fenc.com","汪承雯","協理","02-27338000轉8537","ir@fenc.com","https://csr.fenc.com/Identification-of-Stakeholders-and-Topics?lang=zh","https://www.fenc.com/zh-TW/cg"
"1409","新光合成纖維股份有限公司","新纖","紡織纖維","－","台北市大安區仁愛路三段136號5樓","	07435515","吳東昇","歐金達","許毓麟","協理","何浩寧","25071259","1967/04/25","1973/08/31",新台幣                 10.0000元,16184092860,1618409286,0,0,合併,每年,董事會,"新光證券(股)公司股務代理部","02-23118787","台北市中正區重慶南路一段66之1號11樓","勤業眾信聯合會計師事務所","陳文香","徐文亞","SSFC","5th Floor, No. 136, Section 3, Ren'ai Road, Taipei City.TAIPEI, TAIWAN, R.O.C.","25072264","analysis@shinkong.com.tw","https://www.shinkong.com.tw/","許毓麟","協理","25071259#7300","analysis@shinkong.com.tw","https://www.shinkong.com.tw/front/investors","https://www.shinkong.com.tw/front/investors"
"1410","南洋染整股份有限公司","南染","紡織纖維","－","桃園市蘆竹區南山路三段二三三號","	35286207","何  鈞","何承榮","張愛玉","發言人","孟家立","02-25940361","1964/12/22","1973/10/18",新台幣                 10.0000元,620000000,62000000,0,0,合併,每年,董事會,"中國信託商銀代理部","02-66365566","台北市100重慶南路一段83號5樓","安侯建業聯合會計師事務所","余聖河","羅瑞芝","NYDF","No.233, Sec. 3, Nanshan Rd.,Luzhu Dist., Taoyuan City 338, Taiwan","02-25919227","nydyeing@ms19.hinet.net","www.nydf.com.tw","張愛玉","發言人","02-25940361","nydyeing@ms19.hinet.net","http://www.nydf.com.tw/#[object%20Object]","http://www.nydf.com.tw/#[object%20Object]"
"1413","宏洲纖維工業股份有限公司","宏洲","紡織纖維","－","台北市內湖區瑞光路607號7樓","	07220710","詹正田","蕭尚祐","張恆嘉","董事","林勝欽","2657-5859","1968/07/30","1975/12/23",新台幣                 10.0000元,1321124540,132112454,30000000,0,個別,每年,董事會,"福邦證券股份有限公司股務代理部","02-23711658","台北市忠孝西路一段6號6樓","安侯建業聯合會計師事務所","潘俊名","張淑瑩","H.C.","7F., No.607, Ruiguang Rd., Neihu Dist., Taipei City 114, Taiwan (R.O.C.)TAIPEI TAIWAN","8797-7888","wallace@hungchou.com.tw","http://www.hungchou.com.tw/","張恆嘉","董事","02-26575859","albert@yijinn.com.tw","http://www.hungchou.com.tw/","http://www.hungchou.com.tw/"
"1414","東和紡織股份有限公司","東和","紡織纖維","－","台北市仁愛路四段376號13樓","	73141105","蔡淑櫻","張嘉亨","張嘉亨","總經理","郭彥良","(02)27001840","1959/09/11","1976/02/02",新台幣                 10.0000元,1980000000,198000000,0,0,合併,每年,董事會,"中國信託商業銀行代理部","(02)66365566","台北市重慶南路一段83號6樓","勤業眾信聯合會計師事務所","馬偉峻","謝東儒","TUNG HO","13TH FLOOR NO376,SEC 4 JEN AI ROADTAIPEI,TAIWAN,R.O.C","(02)27060967","admsect@tungho.com.tw","www.tungho.com.tw","郭彥良","經理","(02)27001840","david@tungho.com.tw","http://www.tungho.com.tw/index.php?option=module&lang=cht&task=pageinfo&id=244&index=1","－"
"1416","廣豐實業股份有限公司","廣豐","其他","－","台北市大安區敦化南路2段97號28樓","	43434316","賀錫敬","劉家丞","陳素靜","會計經理","林黛芬","02-27048111","1968/06/28","1976/04/20",新台幣                 10.0000元,1853421680,185342168,0,0,合併,每年,股東會,"元大證券股份有限公司","2586-5859","台北市大安區敦化南路2段67號B1","資誠聯合會計師事務所","余正富","賴宗羲　","KFIC","28th Floor, No. 97, Section 2, Dunhua South Road, Da'an District, Taipei City(Taipei,Taiwan","02-27061881","s.j.chern@kfic.com.tw","www.kfic.com.tw","陳素靜","會計經理","02-27048111#828","s.j.chern@kfic.com.tw","http://www.kfic.com.tw/shareholders.html","https://www.kfic.com.tw/shareholders.html(?????°??°T?§/???q?v?z?i?J)"
"1417","嘉裕股份有限公司","嘉裕","紡織纖維","－","臺北市仁愛路四段25號7樓","	11825825","陳陞","陳盈璋","陳盈璋","總經理","王壬輔","27113171","1969/12/12","1976/12/28",新台幣                 10.0000元,1899418400,189941840,0,0,合併,每年,股東會,"公司股務課","25156421","新北市新店區中興路三段3號1樓","勤業眾信聯合會計師事務所","許秀明","陳培德","CARNIVAL","7TH FL.,25 JEN AI ROAD.SEC.4TAIPEI,TAIWAN,R.O.C.","27811045","investor@carnival.com.tw","https://www.carnival.com.tw/index.php?lang=tw","王壬輔","資深經理","02-27113171","investor@carnival.com.tw","https://www.carnival.com.tw/article_d.php?lang=tw&tb=8&id=823","https://www.carnival.com.tw/???q?v?z"
"1418","東華龍股份有限公司","東華","紡織纖維","－","台北市新生南路1段56號9樓","	11083148","林壯儒","林壯燁","葉燕玲","協理","江志恒","(02)23967768","1970/03/02","1977/02/14",新台幣                 10.0000元,568343090,56834309,10000000,0,合併,每年,股東會,"永豐金證券股務代理部","(02)23816288","台北市博愛路17號3樓","正風聯合會計師事務所","吳欣亮","賴家裕","TongHwa","9F., No.56, Sec. 1, Xinsheng S. Rd.,Taipei City 100, Taiwan (R.O.C.)","(02)23962568","thsf@ms22.hinet.net","www.tonghwa.com.tw","葉燕玲","協理","(02)23967768","thsf@ms22.hinet.net","www.tonghwa.com.tw","www.tonghwa.com.tw"
"1419","新光紡織股份有限公司","新紡","紡織纖維","－","台北市中山區中山北路二段44號15樓","	07435901","吳昕恩","張淑娣","張淑娣","總經理","沈欣儀","(02)25071258","1955/06/06","1977/03/14",新台幣                 10.0000元,3000412800,300041280,0,0,合併,每年,董事會,"台新證券股務代理部","(02)25048125","台北市建國北路一段96號地下一樓","勤業眾信聯合會計師事務所","郭乃華","翁博仁","SHINKO.TEXTILE","15F., No. 44, Sec. 2, Zhongshan N. Rd.TAIPEI.TAIWAN.R.O.C","(02)25072576","marketing@sktextile.com.tw","http://www.sktextile.com.tw","張淑娣","總經理","(02)25071258-854","shuti@sktextile.com.tw","http://www.sktextile.com.tw","https://www.sktextile.com.tw/tw/investors"
"1423","利華羊毛工業股份有限公司","利華","紡織纖維","－","台北市忠孝東路四段310號12樓","	11311608","應柔爾","洪志成","洪志成","總經理","楊遵五","02-27811161","1964/07/23","1979/04/02",新台幣                 10.0000元,996480000,99648000,0,0,個別,每年,董事會,"中國信託商業銀行代理部","02-66365566","台北市重慶南路一段83號5樓","安永聯合會計師事務所","余倩如","王彥鈞","REWARD WOOL","12th Floor, 310 Sec. 4, Chung Hsiao East RoadTaipei, 106 , Taiwan, R. O. C.","02-27521193","reward@reward.com.tw","www.reward.com.tw","楊遵五","經理","886-2-27811161","ir@reward.com.tw","www.reward.com.tw/contact.htm","www.reward.com.tw/default.htm"
"1432","大魯閣實業股份有限公司","大魯閣","運動休閒","－","台中市東區復興路4段186號","	04690983","林曼麗","王盈之","許俊麒","副董事長","羅淑敏","0436118888","1973/07/18","1982/07/26",新台幣                 10.0000元,1080000000,108000000,18000000,0,合併,每年,股東會,"華南永昌綜合證券股份有限公司","02-27186425","台北市民生東路四段54號4樓","資誠聯合會計師事務所","陳&#21843;東","王方瑜","TAROKO","No186, Sec 4, Fusing Rd., East Dist.,Taichung, Taiwan, R.O.C.","0436080809","will.chen@trkmall.com.tw","https://www.taroko.com.tw/","許俊麒","副董事長","0436118888","kelly.lo@trkmall.com.tw","https://www.taroko.com.tw/crs-stakeholder-01/","https://www.taroko.com.tw/board-of-directors-01/"
"1434","福懋興業股份有限公司","福懋","紡織纖維","－","雲林縣斗六市榴中里石榴路317號","	14001199","王文淵","李敏章","李敏章","總經理","鄭宏寧","(05)5573966","1973/04/19","1985/12/24",新台幣                 10.0000元,16846646370,1684664637,0,0,合併,每年,董事會,"本公司股務科","2718-9898","台北市內湖區南京東路六段380號10樓","資誠聯合會計師事務所","阮呂曼玉","林雅慧","F.T.C","2F., No.388, Sec.6, Nanjing East Rd.Neihu Dist. Taipei City 114030","2713-1329","t1000@ftc.com.tw","https://www.ftc.com.tw","鄭宏寧","副總經理","(05)5573966轉7161","u133232@ftc.com.tw","https://www.ftc.com.tw/newftc/reflect.htm","https://www.ftc.com.tw/newftc/governance.php"
"1435","中福國際(股)公司","中福","其他","－","新北市中和區景平路666號2樓","	03101946","陳建","陸榮木","陳建","董事長","陸榮木","(02)82422881","1971/01/15","1987/12/28",新台幣                 10.0000元,1397800800,139780080,0,0,個別,每年,股東會,"宏遠證券(股)公司股務代理部","(02)2326-8818","台北市信義路4段236號3樓","冠恆&#32852;合會計師事務所","張進德","朱淑梅","C.F.CORP.","2FL., No. 666, JING PING RD.,ZHONGHE DIST,NEWTAIPEI CITY, R.O.C.","(02)22457595","ir@chungfutex.com.tw","www.chungfutex.com.tw","陳建","董事長","(02)82422881","ir@chungfutex.com.tw","www.chungfutex.com.tw","http://www.chungfutex.com.tw"
"1436","華友聯開發股份有限公司","華友聯","建材營造","－","高雄市鳳山區文龍路85號11樓","	07510318","陸炤廷","陸炤廷","吳家德","執行副總經理","黃雅敏","(07)780-1381","1967/01/31","1988/04/11",新台幣                 10.0000元,1941517950,194151795,0,0,合併,每年,董事會,"群益金鼎證券(股)股務代理部","(02)2702-3999","台北市大安區敦化南路二段97號B2","勤業眾信聯合會計師事務所","陳秀雯","王兆群","HUA YU LIEN","11F., No. 85,Wenlong Rd.,Fengshan Dist.,Kaohsiung City, Taiwan (R.O.C.)","(07)777-7398","steven@huakai.com.tw","www.huakai.com.tw","龔怡菁","公司治理主管","(07)780-1381","amanda@huakai.com.tw","https://www.huakai.com.tw/blank-17","https://www.huakai.com.tw/36-2/"
"1437","勤益投資控股股份有限公司","勤益控","其他","－","台北市大安區忠孝東路4段320號9樓","	35535607","顧立楷","顧立楷","馮于珍","會計部協理","曾瑞澤","(02)2741-5000","1961/02/23","1988/11/10",新台幣                 10.0000元,2018712840,201871284,0,0,合併,每季,董事會,"中國信託商業銀行代理部","(02)6636-5566","10008台北市中正區重慶南路一段83號5樓","安侯建業聯合會計師事務所","吳佳翰","王勇勝","GTM","9F,320 Zhong Xiao  E. Rd. Sec.4,Taipei, Taiwan 10694Taipei Taiwan R.O.C","(02)2776-5073","gtm@gtm.com.tw","http://www.gtm.com.tw","馮于珍","會計部協理","(02)2741-5000","gtm@gtm.com.tw","http://www.gtm.com.tw/web/stakeholder/stakeholder.jsp","https://www.gtm.com.tw/governance/"
"1438","三地開發地產股份有限公司","三地開發","建材營造","－","高雄市苓雅區中正二路175號16樓之3","	03561011","鍾育霖","莊峻宇","鍾育霖","董事長","莊峻宇","(07)2259599","1955/10/11","1988/12/15",新台幣                 10.0000元,1112057590,111205759,20000000,0,個別,每年,股東會,"中國信託商業銀行代理部","(02)6636-5566","台北市中正區重慶南路一段83號5樓","安侯建業聯合會計師事務所","高鈺倫","陳永祥","SanDi","16F.-3, No. 175, Zhongzheng 2nd Rd.,Lingya Dist., Kaohsiung City 802","(07)2256099","yufoongb@ms37.hinet.net","http://www.sandirealestate.com.tw/","莊峻宇","總經理","(07)2259599","yufoongb@ms37.hinet.net","http://www.sandirealestate.com.tw/atjRSZaIiOiKHOCS","https://www.sandirealestate.com.tw/corporate-overview"
"1439","雋揚國際股份有限公司","雋揚","建材營造","－","臺北市南港區經貿一路170號11樓","	11113403","侯嘉騏","游文玉(代理)","葉品卉","財務會計部經理","尚未派任","(02)27566777","1964/10/01","1989/05/22",新台幣                 10.0000元,920000000,92000000,0,0,合併,每年,董事會,"福邦證券股份有限公司股務代理部","(02)2371-1658","台北市中正區忠孝西路一段6號6樓","資誠聯合會計師事務所","梁益彰","陳&#21843;東","ASCENT","11F., No. 170, Jingmao 1st Rd., Nangang Dist.,Taipei 115018, Taiwan (R.O.C.)","(02)27531999","ir@ascentglobal.com.tw","https://www.ascentglobal.com.tw/","葉品卉","財務會計部經理","(02)27566777","ir@ascentglobal.com.tw","https://www.ascentglobal.com.tw/tw/governance/stakeholder","https://www.ascentglobal.com.tw/governance/policies/1"
"1440","臺南紡織股份有限公司","南紡","紡織纖維","－","臺南市東區裕農路511號","	68919301","侯博明","江俊謀","蘇冠銘","總經理室協理","林祺傑、吳若蘭","(06)2376161","1955/03/21","1989/10/03",新台幣                 10.0000元,16568158570,1656815857,0,0,合併,每年,董事會,"統一綜合證券(股)公司股務代理部","(02)2746-3797","台北市松山區東興路8號地下一樓","資誠聯合會計師事務所","田中玉","徐惠榆","TAINAN SPINNING","No. 511, Yunong Rd. , East Dist. ,Tainan City, Taiwan (R. O. C.)","(06)2361156","general@tainanspin.com.tw","https://www.tainanspin.com.tw/","林祺傑","財務部協理","(06)2376161#301","lccfinance@tainanspin.com.tw","https://www.tainanspin.com.tw/index.php?option=module&lang=cht&task=showlist&id=69&index=1","https://www.tainanspin.com.tw/index.php?option=module&lang=cht&task=pageinfo&id=389&index=1"
"1441","大東紡織股份有限公司","大東","紡織纖維","－","台北市松山區南京東路三段346號3樓","	51037304","陳修忠","陳建州","陳建州","總經理","黃永昌","(02)27522244","1958/03/15","1989/10/27",新台幣                 10.0000元,717443870,71744387,28024542,0,合併,每年,股東會,"群益金鼎證券(股)公司股務代理部","(02)27023999","106台北市大安區敦化南路二段97號B2","資誠聯合會計師事務所","林雅慧","林永智","TAH TONG","No. 346, 3/F, Sec. 3, Nanking E. Rd.,Taipei,Taiwan 105TAIPEI,TAIWAN R.O.C.","(02)27718186","spokesperson@tahtong.com.tw","www.tahtong.com.tw","黃永昌","董事暨董事長室特別助理","(02)2752-2244#290","spokesperson@tahtong.com.tw","investors.tahtong.com.tw/index.htm","https://www.tahtong.com.tw/zh_TW/corporate-governance"
"1442","名軒開發股份有限公司","名軒","建材營造","－","新北市新莊區中華路三段218號8樓","	04615057","吳泓瑩","吳勝利","吳勝利","總經理","黃慧勤,許莉蓁","82922288","1974/07/18","1989/11/16",新台幣                 10.0000元,3662113580,366211358,0,0,合併,每年,股東會,"台新證券股務代理部","25048125","北市建國北路一段96號地下一樓","惠眾聯合會計師事務所","項文婷","盧聯生","ADVANCETEK","8F., No. 218, Sec. 3, Zhonghua Rd.Xinzhuang Dist., New Taipei City, Taiwan","82925561","servicemail@advancetek.com.tw","https://www.advancetek.com.tw","黃慧勤","協理","82922288#688","hchuang@advancetek.com.tw","https://www.advancetek.com.tw/§Q?`???Y?H±M°?","https://www.advancetek.com.tw/???q?v?z±M°?"
"1443","立益物流開發股份有限公司","立益物流","其他","－","台北市大同區西寧北路70號6樓","	04287483","蘇東榮","蘇慶源","蘇東榮","董事長","王建中","(02)25557680","1972/11/25","1990/04/21",新台幣                 10.0000元,1353430110,135343011,0,0,合併,每年,股東會,"台新證券股份有限公司股務代理部","(02)25048125","台北市中山區建國北路一段96號地下一樓","國富浩華聯合會計師事務所","邱繼盛","王戊昌","LILYTEXTILE","6TH FLOOR 70,HSI NING NORTH ROAD.TAIPEI,TAIWAN,R.O.C","(02)25587492","lily161@ms31.hinet.net","www.lily.com.tw","王建中","協理","(02)25598230","lily161@ms31.hinet.net","www.lily.com.tw","－"
"1444","力麗企業股份有限公司","力麗","紡織纖維","－","104台北市松江路162號11樓","	07663290","郭紹儀","陳漢卿","陳漢卿","總經理","施吉禹","(02)2100-2888","1979/01/15","1990/08/08",新台幣                 10.0000元,9955950590,995595059,0,0,合併,每年,股東會,"台新綜合證券  股務代理部","(02)25048125","台北市建國北路一段96號地下一樓","勤業眾信聯合會計師事務所","黃毅民","洪國田","LEALEA","11F,NO.162,SUNG CHIANG RD.,TAIPEI,TAIWAN,R.O.C","(02)2100-1352","srd0e8@lipeng.com.tw","https://www.lealeagroup.com.tw/","陳漢卿","總經理","(02)2100-2888#1105","chihtn@lealea.com.tw","https://www.lealeagroup.com.tw/project/","https://www.lealeagroup.com.tw/project/48/53/"
"1445","大宇紡織股份有限公司","大宇","紡織纖維","－","台北市西寧北路62-5號7樓","	07015014","陳曜銘","楊任凱","楊任凱","總經理","林玉津","2552-3977","1969/09/12","1991/02/05",新台幣                 10.0000元,1306660340,130666034,0,0,合併,每年,董事會,"群益金鼎證券(股)公司股務代理部","27023999","(10601) 台北市大安區敦化南路二段97號B2","安永聯合會計師事務所","黃靖雅","劉榮進","UNIVERSAL","7/F 62-5 SINING N. ROADTAIPEI TAIWAN R.O.C.","02-25521969","Lyc@universal-tex.com","www.universal-tex.com","林玉津","協理","02-25523977#710","Lyc@universal-tex.com","https://www.universal-tex.com/stakes.aspx","https://www.universal-tex.com/governance.aspx#"
"1446","宏和精密紡織股份有限公司","宏和","紡織纖維","－","台南市永康區中山南路473號","	73641170","黃大功","何天明","張滄祐","經理","陳永祿","06-2333133","1978/06/09","1991/10/15",新台幣                 10.0000元,1377095130,137709513,0,0,合併,每年,股東會,"元大證券股份有限公司","02-25865859","台北市大安區敦化南路2段67號B1","安永聯合會計師事務所","胡子仁","姚世傑","HONG HO","No.473, Zhongshan S. Rd.,Yongkang Dist., Tainan City , Taiwan","06-2332133","u1081@hongho.com.tw","www.hongho.com.tw","張滄祐","經理","06-2333133","u0904@hongho.com.tw","www.hongho.com.tw","www.hongho.com.tw"
"1447","力鵬企業股份有限公司","力鵬","紡織纖維","－","104台北市松江路162號6樓","	33955322","郭紹儀","童敏雄","陳漢卿","總經理","蘇彥銘","(02)2100-2888","1975/08/20","1992/01/28",新台幣                 10.0000元,9100712420,910071242,0,0,合併,每年,股東會,"台新證券股務代理部","(02)2504-8125","104台北市建國北路一段96號地下一樓","勤業眾信聯合會計師事務所","黃毅民","洪國田","LP","6F,NO.162 SUNG CHIANG RD;TAIPEI,TAIWAN,R.O.C","(02)2100-2688","lynn@lealea.com.tw","http://www.lipeng.com.tw","陳漢卿","總經理","02-21002888","chihtn@lealea.com.tw","https://www.lealeagroup.com.tw/project/49/66/","https://www.lealeagroup.com.tw/project/49/58/"
"1449","佳和實業股份有限公司","佳和","紡織纖維","－","台南市新市區三舍里復興路533號","	72055019","翁偉翔","翁偉翔","翁瑋駿","協理","黃崇海","(06)7029961","1972/12/12","1992/05/06",新台幣                 10.0000元,1271145720,127114572,0,0,合併,每年,股東會,"群益金鼎證券股份有限公司","(02)27023999","台北市大安區敦化南路二段97號B2","安侯建業會計師事務所","蘇彥達","許振隆","CHIA HER","No.207, San Sheh Tsun, Hsin Shih HsiangTainan Hsien, Taiwan,R.O.C","(06)7029965","u110507@chgtex.com","www.chgtex.com","翁瑋駿","協理","(06)7029961#1350","u110507@chgtex.com","www.chgtex.com","www.chgtex.com"
"1451","年興紡織股份有限公司","年興","紡織纖維","－","台北市內湖區內湖路一段306號13樓","	22266307","陳威翰","蔡樹軒","蔡樹軒","總經理","周泰源","(02)26568888","1986/10/13","1992/12/21",新台幣                 10.0000元,1980000000,198000000,0,0,合併,每年,董事會,"群益金鼎證券股份有限公司","(02)27023999","台北市敦化南路二段97號B2","勤業眾信聯合會計師事務所","陳怡伶","辛宥呈","NIEN HSING","13F., No. 306, Sec. 1, Neihu Rd., Neihu Dist., Taipei City 114, TaiwanTaipei City 114, Taiwan (R.O.C.)","(02)26568899","nienhsing@nhjeans.com","https://www.nhjeans.com/","蔡樹軒","總經理","(02)2656-8888","nienhsing@nhjeans.com","https://www.nhjeans.com/§????H???Y/§Q?`???Y?H±M°?/?lang=zh-hant","https://www.nhjeans.com/§????H???Y/?lang=zh-hant"
"1452","宏益纖維工業股份有限公司","宏益","紡織纖維","－","台北市塔城街66號6樓","	43121481","施淑賢","王慶榮","王慶榮","總經理","張筱玉","02-25521191","1968/08/23","1992/12/28",新台幣                 10.0000元,1326414000,132641400,0,0,合併,每年,董事會,"康和綜合證券股份有限公司","02-87871118","台北市信義區基隆路一段176號B1","立本台灣聯合會計師事務所","柯俊輝","張鈞鈞","HONG YI","6F, No. 66, Ta-cheng St.Taipei, Taiwan, R.O.C","02-25523610","hongyi@hongyilon.com.tw","http://www.hongyilon.com.tw","張筱玉","財務長","02-25521191","hongyi@hongyilon.com.tw","https://www.hongyilon.com.tw/%E5%88%A9%E5%AE%B3%E9%97%9C%E4%BF%82%E4%BA%BA%E5%B0%88%E5%8D%80","https://www.hongyilon.com.tw/blank-9"
"1453","大將開發股份有限公司","大將","建材營造","－","台北市大安區敦化南路二段71號6樓","	07617901","葉義雄","林靜怡","葉義雄","董事長","余明德","27069999","1978/04/15","1993/04/19",新台幣                 10.0000元,1132430480,113243048,0,0,合併,每年,股東會,"元大證券股份有限公司","27175566","台北市大安區敦化南路二段67號地下一樓","勤業眾信聯合會計師事務所","楊靜婷","莊文源","TA  JIANG","6F,NO.71.SEC2 TUNG HWA SOUTH ROAD TAIPEI,TAIWANTAIPEI ,TAIWAN,ROC","27061166","md.yu@tajiang.com.tw","www.tajiang.com.tw","余明德","會計主管","(02)27069999","md.yu@tajiang.com.tw","http://www.tajiang.com.tw/finance_info.aspx?tag_id=T0022","http://www.tajiang.com.tw/finance_info.aspx?tag_id=T0074"
"1454","台灣富綢纖維股份有限公司","台富","紡織纖維","－","台北市西寧北路70-1號8樓","	04301794","莊燿銘","莊燿銘","華淑玲","協理","游婉嬅","02-25568282","1973/06/01","1993/05/07",新台幣                 10.0000元,1298338480,129833848,0,0,合併,每年,董事會,"富邦證券股份有限公司","02-23611300","台北市中正區許昌街17號11樓","勤業眾信聯合會計師事務所","王攀發","曾建銘","TTF","8F.70-1 HSI-NING NORTH ROADTAIPEI TAIWAN","02-25500501","iris@ttfco.com","http://www.ttfco.com","華淑玲","協理","02-25568282","iris@ttfco.com","http://www.ttfco.com","http://www.ttfco.com"
"1455","集盛實業股份有限公司","集盛","紡織纖維","－","台北市西寧北路七十號二樓","	43295237","蘇百煌","葉必祿","蘇百煌","董事長","郭世誠 顏仲梓","02-25557151","1969/08/18","1993/10/07",新台幣                 10.0000元,5316883800,531688380,0,0,合併,每年,董事會,"群益金鼎證券(股)公司股務代理部","02-27023999","台北市敦化南路二段97號地下二樓","國富浩華聯合會計師事務所","陳桂美","林志隆","ZIG SHENG","2ND FL 70 SHI-NING N RD.TAIPEI,TAIWAN, R.O.C.","02-25503740","jason_kuo@zigsheng.com","www.zigsheng.com","郭世誠","管理部副總經理","25557151-8006","jason_kuo@zigsheng.com","http://www.zigsheng.com/corporate-social-responsibility-zh/sustainable-business-zh/#stakeholders","http://www.zigsheng.com/investor-area-zh/"
"1456","怡華實業股份有限公司","怡華","建材營造","－","台北市內湖區內湖路一段392號12樓之1","	33144175","黃士豪","黃士豪","李世豪","經理","黃經博","02-87978780","1968/08/02","1993/12/09",新台幣                 10.0000元,937200000,93720000,0,0,合併,每年,董事會,"群益金鼎證券股份有限公司","(02)27035000","台北巿敦化南路2段97號B2","安侯建業聯合會計師事務所","黃欣婷","池世欽","I-HWA","12F-1,NO.392,SEC.1 NEI-HU RD.,TAIPEI 114,TAIWAN,R.O.C.TAIPEI,TAIWAN","(02)87978106","haul@ybworld.com.tw","http://www.ihwa.com.tw","李世豪","經理","02-87978780","haul@ybworld.com.tw","http://www.ihwa.com.tw/stakeholders.html","https://www.ihwa.com.tw/investment_tw.php?id=653"
"1457","宜進實業股份有限公司","宜進","紡織纖維","－","台北市內湖區瑞光路607號7樓","	07669338","詹正田","翁茂誠(原名:林鏡地)","張恆嘉","副總經理","賴毓敏","(02)26575859","1981/03/24","1994/10/20",新台幣                 10.0000元,3167300220,316730022,0,0,合併,每年,董事會,"福邦證券股份有限公司","02-2371-1658","台北市中正區忠孝西路一段６號６樓","安侯建業聯合會計師事務所","潘俊名","毛聖崴","YI JINN","7F., No.607, Ruiguang Rd.,TAIPEI,TAIWAN","(02)87978898","yijinn@ms8.hinet.net","www.yijinn.com.tw","張恆嘉","副總經理","(02)26575859-530","albert@yijinn.com.tw","www.yijinn.com.tw/interested-parties","https://www.yijinn.com.tw/corporate-governance"
"1459","聯發紡織纖維股份有限公司","聯發","紡織纖維","－","台北市環河北路1段73號5樓之5","	33653494","葉清澤","王豐岳","王豐岳","總經理","糜福相","(02)2552-1255","1972/12/11","1994/10/26",新台幣                 10.0000元,3586289070,358628907,0,0,合併,每年,股東會,"富邦綜合證券(股)公司股務代理部","(02)2361-1300","台北市許昌街17號2樓","勤業眾信聯合會計師事務所","尤盟貴","池瑞全","LAN FA","5-5FL,No.73,HUAN HO N. RD.,SEC.1TAIPEI.TAIWAN. R.O.C.","(02)2552-7037","tpe_hr@lanfa.com.tw","www.lanfa.com.tw","王豐岳","總經理","(02)25521255","tpe_hr@lanfa.com.tw","http://main.lanfa.com.tw/index.php/2019-11-12-17-45-00","http://main.lanfa.com.tw/index.php/2019-11-12-17-30-00"
"1460","宏遠興業股份有限公司","宏遠","紡織纖維","－","台南市山上區明和里256號","	22817999","席家宜","暫缺","李憲忠","行政長","陳逸鵬","(06)5782561","1988/02/08","1995/04/28",新台幣                 10.0000元,6946434840,694643484,0,0,合併,每年,股東會,"亞東證券股份有限公司代理部","02-77531699","新北市板橋區新站路16號13樓","勤業眾信聯合會計師事務所","李季珍","楊朝欽","EVEREST","No.256 Minghe Vil.,Shanshang  DistTainan City, Taiwan ROC","06-5782864","tnan.lu@everest.com.tw","https://www.everest.com.tw/tw","李憲忠","行政長","(06)5782561","brian.lee@everest.com.tw","https://esg.everest.com.tw/tw","https://www.everest.com.tw/tw/governance/overview"
"1463","強盛新投資控股股份有限公司","強盛新","紡織纖維","－","桃園市大園區大工路一二六號","	07715023","成漢傑","張士志","鄭以民","副總經理","藍美娜協理","(02)8181-3800","1983/10/19","1996/12/05",新台幣                 10.0000元,1732683810,173268381,0,0,合併,每年,股東會,"台新綜合證券(股)公司股務代理部","(02)2504-8125","台北市建國北路一段96號地下一樓","安侯建業聯合會計師事務所","黃泳華","余聖河","CSG","6F,63 SEC. 1,DI-HWA ST.,TAIPEI, TAIWAN, R.O.C","(02)2558-5300","investorrelations@csg.holdings","www.csgroup.com.tw","鄭以民","副總經理","(02)8181-3800","investorrelations@csg.holdings","www.csgroup.com.tw","www.csgroup.com.tw/zh-hant/investor/structure_1/"
"1464","得力實業股份有限公司","得力","紡織纖維","－","台南市新市區三舍里005鄰復興路820號","	73686632","葉家銘","游逸能","游逸能","總經理","朱螢珠","06-5992866","1982/07/10","1997/01/18",新台幣                 10.0000元,4255757330,425575733,0,0,合併,每年,股東會,"台新綜合證券(股)公司","(02)2504-8125","台北市中山區建國北路1段96號B1","勤業眾信聯合會計師事務所","廖鴻儒","王騰葦","DE LICACY","No. 820, Fuxing Rd., Xinshi Dist.,Tainan City 744007 , Taiwan (R.O.C.)","06-5996798","tainan@delicacy.com.tw","www.delicacy.com.tw","朱螢珠","管理部協理","06-5992866-201","chuchu5811@delicacy.com.tw","http://www.delicacy.com.tw/zh-tw/Investor/§????H?A°????f/§Q?`???Y?H±M°?","https://www.delicacy.com.tw/zh-tw/Investor/???q?v?z/???q?v?z??????°?"
"1465","偉全實業股份有限公司","偉全","紡織纖維","－","台北市西寧北路62-5號6樓","	33700601","陳建柱","陳建柱","曾昭勳","副總經理","林毓蓁","02-25522174","1972/11/27","1997/09/08",新台幣                 10.0000元,1036072670,103607267,0,0,個別,每年,董事會,"台新證券股務代理部","02-25048125","台北市建國北路一段96號地下一樓","立本台灣聯合會計師事務所","劉克宜","許坤錫","WISHER","6th FL., 62-5 Hsining N. Rd.Taipei, Taiwan , R. O. C.","02-25502121","service@wisher.com.tw","http://www.wisher.com.tw","曾昭勳","副總經理","02-25522174","tseng@wisher.com.tw","https://sites.google.com/view/wisher-ch/§Q?`???Y?H","https://sites.google.com/view/wisher-ch/§????H±M°?/???q?v?z"
"1466","聚隆纖維股份有限公司","聚隆","紡織纖維","－","彰化縣埔鹽鄉永樂村番金路94號","	22976047","周文東","周文東","賴明毅","業務副總","張美紅","886-4-8652321","1988/07/22","1998/04/04",新台幣                 10.0000元,1111573200,111157320,0,0,合併,每年,董事會,"凱基證券股份有限公司","02-2314-8800","臺北市重慶南路一段二號五樓","建智聯合會計師事務所","廖年傑","陳靜宜","Acelon","94 FAN CHIN ROAD PUYEN HSIANG CHANGHUACHANG HUA，TAIWAN，R.O.C","886-4-8656171","service@acelon.com.tw","http://www.acelon.com.tw","張美紅","財務處長","886-4-7638869","cmh@acelon.com.tw","https://www.acelon.com.tw/zh-tw/stakeholder-contact","https://www.acelon-yarn.com/zh-tw/csr-cate-first/corporate-governance"
"1467","南緯實業股份有限公司","南緯","紡織纖維","－","台北市中山區林森北路426號2樓","	69559487","林瑞岳","林宗頤","吳健中","財務長","葉鳳花","02-25215155","1978/08/18","1998/12/21",新台幣                 10.0000元,2336246670,233624667,65414906,0,合併,每年,股東會,"富邦綜合證券股務代理部","02-2361-1300","台北市100中正區許昌街17號11樓","安侯建業","鄒依芸","黃欣婷","TEX-RAY","2F.NO426,LINSEN N.RD.,TAIPEI CITY TAIWAN R.O.C.","02-25816558","info@texray.com","WWW.TEXRAY.COM","陳秀文","高專","02-25215155","1467@texray.com","www.texray.com","https://www.texray.com/%e5%85%ac%e5%8f%b8%e6%b2%bb%e7%90%86%e5%b0%88%e5%8d%80-new/?lang=zh-hant"
"1468","昶和纖維興業股份有限公司","昶和","紡織纖維","－","桃園市蘆竹區南崁路一段277號","	36123364","陳明澤","陳明澤","葉佐偉","財務副理","吳昇緯","(02)2741-9299","1982/04/10","1999/01/21",新台幣                 10.0000元,1604052440,160405244,0,0,合併,每年,董事會,"中國信託商業銀行代理部","(02)6636-5566","台北市中正區重慶南路一段83號5樓","安侯建業聯合會計師事務所","郭冠纓","區耀軍","CHANG HO","NO.277, NAN KAN ROAD, SEC.1, LU CHU SHIANG,TAOYUAN HSIEN, TAIWAN, R.O.C.","(02)2752-2690","investor@chang-ho.com.tw","www.chang-ho.com.tw","吳昇緯","會計主管","(02)2741-9299","investor@chang-ho.com.tw","www.chang-ho.com.tw/content/","https://www.chang-ho.com.tw/overview/"
"1470","大統新創股份有限公司","大統新創","紡織纖維","－","台北市塔城街64號4樓","	22267777","葉泉發","葉柏亮","洪憲忠","副總經理","徐肇男","02-25503266","1986/12/09","1999/05/21",新台幣                 10.0000元,857670000,85767000,0,0,合併,每半會計年度,董事會,"富邦綜合證券股份有限公司","02-23611300","台北市許昌街17號11樓","勤業眾信聯合會計師事務所","尤盟貴","張耿禧","EVERTEX","4F,64,Ta Cheng ST.TAIPEI, TAIWAN.","02-25505080","alan.hung@evertex.tw","www.evertex.tw","洪憲忠","副總經理","03-3222241","alan.hung@evertex.tw","www.evertex.tw/tw/about/?????o?i/§Q?`???Y?H±M°?","www.evertex.tw/tw/about/?????o?i/???q?v?z?Bwww.evertex.tw/tw/about/?????o?i/????????"
"1471","首利實業股份有限公司","首利","電子零組件業","－","新北市五股區五權七路18號3樓","	07699023","鄭傑","鄭翔","邱志偉","總經理特助","林大鈞","(02)2299-1907","1982/10/21","2000/03/06",新台幣                 10.0000元,1504145360,150414536,5000000,0,合併,每年,董事會,"福邦證券股份有限公司股務代理部","(02)23711658","臺北市中正區忠孝西路一段6號6樓","資誠聯合會計師事務所","吳仁杰","胡智華","SL","3F,NO.18 Wu Chun 7 Rd.,Wu Gu Industry AreaWu Gu Shiang,Taipei,Taiwan,R.O.C","(02)2290-1974","sales@soly-tech.com","www.soly-tech.com","邱志偉","總經理特助","(02)2299-1907","David_chiou@soly-tech.com","www.soly-tech.com/stakeholders.htm","www.soly-tech.com/investors_4/1.htm"
"1472","三洋實業股份有限公司","三洋實業","建材營造","－","高雄市大社區嘉保路360號","	07029919","蔣玉蓮","徐正哲","徐正哲","總經理","陳淑瑩","07-3560666","1968/10/07","2000/09/11",新台幣                 10.0000元,524880820,52488082,17500000,0,合併,每年,股東會,"凱基證券股務代理部","02-23892999","台北市重慶南路一段2號5樓","勤業眾信聯合會計師事務所","陳珍麗","陳秀雯","TRIOCEAN","No.360 Jiabao RoadDashe Dist., Kaohsiung City 815006","07-356-1256","admin@triocean.com.tw","triocean.com.tw","徐正哲","總經理","07-356-0666","spokesman@triocean.com.tw","https://reurl.cc/MjMnXL","https://reurl.cc/qGY8Yy"
"1473","台南企業股份有限公司","台南","紡織纖維","－","台南市歸仁區中山路三段320號","	68919702","楊青&#23791;","蘇炯忠","吳建德","財務長","蔡承志","06-2307911","1961/08/26","2000/09/11",新台幣                 10.0000元,1461535340,146153534,0,0,合併,每年,股東會,"元大證券(股)公司股務代理部","02-25865859","臺北市大安區敦化南路2段67號地下一樓","資誠聯合會計師事務所","田中玉","徐惠榆","TAINAN","320 Sec.3,Chung Shan Road,Kuei JenHsiang,Tainan Hsien Taiwan R.O.C","06-2300112","contact@tai-nan.com","https://www.tai-nan.com/","蔡承志","資深經理","02-23916421-197","warren_tsai@tai-nan.com","https://www.tai-nan.com/stakeholder-survey.php","https://www.tai-nan.com/manage-board.php"
"1474","弘裕企業股份有限公司","弘裕","紡織纖維","－","彰化縣伸港鄉全興工業區工西一路60號","	58003997","葉博宇","郭正沛","徐為芳","經理","葉博宇","04-7994888","1970/09/04","2000/10/31",新台幣                 10.0000元,1298969690,129896969,0,0,合併,每年,股東會,"富邦綜合證券股份有限公司","02-23611300","台北市許昌街17號2樓","資誠聯合會計師事務所","劉美蘭","吳松源","HONMYUE","NO.60 KUNG HSI 1 RD.,HSI TI VILLAGESHEN KANG HSIANG,CHANG HWA HSIEN,TAIWAN.","04-7994252","list1474@honmyue.com.tw","http://www.textile-hy.com.tw","徐為芳","經理","04-7994888#101","hsu@honmyue.com.tw","http://www.textile-hy.com.tw/§Q?`???Y?H.htm","http://www.textile-hy.com.tw/???q?v?z.htm"
"1475","台灣業旺股份有限公司","業旺","紡織纖維","－","台北市中正區北平東路36號8樓","	23912057","陳清土","陳坤木","陳清土","董事長","楊景喬","03-2756558","1990/11/02","2000/10/27",新台幣                 10.0000元,660167490,66016749,0,0,合併,每年,董事會,"福邦證券股份有限公司","02-2371-1658","台北市中正區忠孝西路一段6號6樓","資誠聯合會計師事務所","楊蕙慈","張淑瓊","BIG SUNSHINE","No. 36, Beiping E. Rd., Zhongzheng Dist., Taipei City 100009, Taiwan (R.O.C.)Taipei City 100009, Taiwan (R.O.C.)","02-23217892","contact@big-sunshine.com.tw","http://www.big-sunshine.com.tw","楊景喬","財務主管及代理發言人","03-2756558","contact@big-sunshine.com.tw","http://www.big-sunshine.com.tw","http://www.big-sunshine.com.tw"
"1476","儒鴻企業股份有限公司","儒鴻","紡織纖維","－","新北市新莊區中央路738號","	35884479","王樹文","洪瑞廷","林芬如","財務會計部副總經理","洪瑞廷","(02)2299-6000","1977/11/28","2001/04/18",新台幣                 10.0000元,2743671110,274367111,0,0,合併,每年,董事會,"元大證券股份有限公司","(02)2586-5859","臺北市大安區敦化南路二段67號地下一樓","安侯建業聯合會計師事務所","寇惠植","郭欣頤","ECLAT","No. 738, Zhongyang Rd., Xinzhuang Dist.New Taipei City, Taiwan","(02)2299-5483","services@eclat.com.tw","http://www.eclat.com.tw","林芬如","發言人暨財務會計部副總經理","(02)2299-6000","tiffanylin@eclat.com.tw","http://www.eclat.com.tw/zh-tw/investors/","https://www.eclat.com.tw/zh-tw/investors/governance/"
"1477","聚陽實業股份有限公司","聚陽","紡織纖維","－","台北市忠孝東路四段550號8樓","	23609668","周理平","周心鵬","林恆宇","協理","&#28201;玉岑","23455588","1990/01/10","2003/01/21",新台幣                 10.0000元,2466937130,246693713,0,0,合併,每半會計年度,董事會,"凱基證券股份有限公司","23892999","台北市重慶南路一段二號五樓","安侯建業聯合會計師事務所","陳蓓琪","于紀隆","Makalot　　","8F., 550, Sec. 4, Zhongxiao E. Rd.,Taipei City 110, Taiwan, R.O.C.","23455590","pr@makalot.com.tw","www.makalot.com.tw","黃仲傑","IR經理","02-23455588","pr@makalot.com.tw","https://www.makalot.com.tw/contact-us","https://www.makalot.com.tw/investor/corporate-governance/structure"
"1503","士林電機廠股份有限公司","士電","電機機械","－","台北市士林區中山北路六段88號16樓","	11039306","許育瑞","郭約瑟、程相智","李盈助","副總經理","郭約瑟、程相智、朱汶彬","02-2834-2662","1955/11/03","1969/12/15",新台幣                 10.0000元,5209722230,520972223,0,0,合併,每年,股東會,"中國信託商業銀行 代理部","(02)6636-5566","台北市中正區重慶南路一段83號5樓","勤業眾信聯合會計師事務所","黃堯麟","莊業偉","SEEC","FL.16, NO.88, SEC.6, CHUNG SHAN N. RDTAIPEI, TAIWAN, R.O.C.","02-2836-6187","fnd@seec.com.tw","www.seec.com.tw","李盈助","副總經理","02-2834-2662","ahkem@seec.com.tw","https://www.seec.com.tw/Content/Messagess/contents.aspx?SiteID=10&MmmID=1307577075012432241","https://www.seec.com.tw/Content/Messagess/contents.aspx?SiteID=10&MmmID=655617024606727412"
"1504","東元電機股份有限公司","東元","電機機械","－","臺北市南港區三重路19-9號5樓","	11332202","利明&#29486;","高飛鳶","簡世雄","處長","暫缺","2655-3333","1956/06/12","1973/11/05",新台幣                 10.0000元,23764406840,2376440684,0,0,合併,每年,董事會,"台新證券股務代理部","02-25048125","台北市中山區建國北路一段９６號地下一樓","資誠聯合會計師事務所","涂展源","徐聖忠","TECO","5F, NO.19-9,SAN CHONG RD. NAN-KANGTAIPEI TAIWAN","2655-2291","ir@teco.com.tw","http://www.teco.com.tw","簡世雄","處長","02-2655-3333","ir@teco.com.tw","https://www.teco.com.tw/esg/?gid=1&nid=919","https://www.teco.com.tw/zh-tw/about/management-team-and-internal/"
"1506","正道工業股份有限公司","正道","電機機械","－","台南市仁德區大甲里中正西路1015號","	68193807","謝麗雲","羅仕溢","羅仕溢","總經理","黃俊達","06-266 4101","1965/03/13","1980/08/11",新台幣                 10.0000元,3003885010,300388501,166000000,0,合併,每年,股東會,"元大證券股份有限公司","02-2586 5859","臺北市大安區敦化南路2段67號地下一樓","勤業眾信聯合會計師事務所","李季珍","吳長駿","RIGHT WAY","No. 1015, ZHONGZHENG W. RD., RENDE DIST.,TAINAN CITY,TAIWAN R.O.C.","06-266 4374","Don.Huang@rightway.tw","http://www.rightway.com.tw","黃俊達","協理","06-2664101#1688","Don.Huang@rightway.tw","https://www.rightway.com.tw/index.php?temp=investor&lang=cht","https://www.rightway.com.tw/index.php?option=module&lang=cht&task=showlist&id=612&index=2"
"1512","瑞利企業股份有限公司","瑞利","汽車工業","－","高雄市仁武區高楠公路廿二號","	85330636","吳明燦","林維輝","林維輝","總經理","徐巧玶","07-3438301","1970/06/18","1994/01/28",新台幣                 10.0000元,981834980,98183498,32669876,0,合併,每年,股東會,"群益金鼎證券股份有限公司","02-2703-5000","台北市敦化南路二段九十七號地下二樓","資誠聯合會計師事務所","王玉娟","徐建業","JL","NO.22 KAONAN ROAD.JENWU DIST KAOHSIUNG ,TAIWAN","07-3425116","irenehsu@juili.com.tw","http://www.juili.com.tw","徐巧玶","代理發言人","07-3438301","irenehsu@juili.com.tw","http://www.juili.com.tw/c/inv_6.htm","http://esg.twse.com.tw"
"1513","中興電工機械股份有限公司","中興電","電機機械","－","新北市中和區中正路801號3樓","	33029464","江馥年","郭慧娟","郭慧娟","總經理","賴靜鳳","(03)3284170","1956/05/01","1994/03/08",新台幣                 10.0000元,5031125150,503112515,0,0,合併,每年,股東會,"凱基證券股份有限公司","(02)2389-2999","台北市重慶南路一段2號5樓","國富浩華聯合會計師事務所","林春枝","張亞荃","CHEM","NO.25,Wende Rd.,Guishan Dist.,Taoyuan City 33383,Taiwan (R.O.C.)Taoyuan City,Taiwan (R.O.C.)","(03)3284155","TW006525@CHEM.COM.TW","WWW.CHEM.COM.TW","賴靜鳳","公司治理主管","(03)3284170#2101","TW006466@CHEM.COM.TW","WWW.CHEM.COM.TW/A_CONTACT.ASPX","WWW.CHEM.COM.TW/TC/GOVERNANCE.ASPX"
"1514","亞力電機股份有限公司","亞力","電機機械","－","台北市南港區三重路19-11號12樓","	03213392","慧德實業有限公司代表人宋和業","鄭朝彬","鄧春生","副總經理","詹益源","(02)2655-3456","1968/09/25","1994/03/26",新台幣                 10.0000元,2731084730,273108473,0,0,合併,每年,股東會,"元大證券股份有限公司","(02)2586-5859","臺北市大安區敦化南路2段67號地下一樓","惠眾聯合會計師事務所","洪佑伶","卓敏枝","AEC","12F,NO.19-11,San-Chung RoadTaipei ,Taiwan ,R.O.C","26553388","sales@allis.com.tw","www.allis.com.tw","詹益源","會計主管","(02)26553456-2640","jamesjan@allis.com.tw","https://goo.gl/Dc81zK","https://www.allis.com.tw/zh-tw/download-c3443/%E5%85%AC%E5%8F%B8%E6%B2%BB%E7%90%86.html"
"1515","力山工業股份有限公司","力山","電機機械","－","台中市大里區仁化路261號","	55759180","王冠祥","羅政洲","郭卜僑","副總經理","許森源","04-24914141","1973/04/30","1995/02/04",新台幣                 10.0000元,1814735000,181473500,0,0,合併,每年,董事會,"中國信託商業銀行代理部","(02)6636-5566","台北市重慶南路一段83號5樓","安侯建業聯合會計師事務所","陳政學","張字信","REXON","NO.261, Jen Hwa  RDTali, Taichung, Taiwan","04-24910371","invest@rexon.com.tw","http://www.rexon.net","郭卜僑","副總經理","04-24914141#6501","invest@rexon.com.tw","https://www.rexon.net/esg-survery.php","https://www.rexon.net/manage-info.php"
"1516","川飛能源股份有限公司","川飛","其他","－","台北市信義區光復南路495號6樓之5","	22071751","Fang Jason Kin Hoi","陳郁嵐","陳郁嵐","總經理","林勝驊","02-27200095","1986/02/20","1995/04/01",新台幣                 10.0000元,400081950,40008195,0,0,個別,每年,股東會,"國票綜合證券(股)公司代理部","02-25288988","臺北市松山區南京東路五段188號15樓","安永聯合會計師事務所","鄭清標","林政緯","FALCON","6F-5., No.495, Guangfu S. Rd., Xinyi District,Taipei City 110, Taiwan (R.O.C.)","02-27584414","falconpower123@yahoo.com.tw","www.falconpower.tw","陳郁嵐","總經理","02-27200095","falconpower123@yahoo.com.tw","www.falconpower.tw/stakeholders/","https://www.falconpower.tw/corporate/"
"1517","利奇機械工業股份有限公司","利奇","電機機械","－","彰化縣彰化市石牌里石牌路一段112號","	59008318","林育新","林宜賢","李育政","管理部經理","蔡芳珠","04-7382121","1973/05/16","1995/11/14",新台幣                 10.0000元,2200000070,220000007,0,0,合併,每年,股東會,"福邦證券股份有限公司","(02)2371-1658","(10041) 台北市中正區忠孝西路一段6號6樓","勤業眾信聯合會計師事務所","劉力維","吳麗冬","Lee Chi","NO. 112 , SEC.  1 ,  SHIPAI   RD,CHANGHUA,TAIWAN,ROC.","04-7371283","gmoe@leechi.com.tw","https://www.leechi.com.tw/","李育政","管理部經理","04-7382121","gmoe@leechi.com.tw","https://www.leechi.com.tw/investor/category/40","https://www.leechi.com.tw/investor/category/21"
"1519","華城電機股份有限公司","華城","電機機械","－","桃園市中壢區吉林路10號","	33284077","許邦福","許逸德/許逸晟(執行長)","許逸德","總經理","邱旭蘭","02-27047001","1969/08/26","1997/04/16",新台幣                 10.0000元,3158808440,315880844,0,0,合併,每年,董事會,"台新綜合證券(股)公司股務代理部","02-25048125","台北市建國北路一段96號B1","勤業眾信聯合會計師事務所","李穗青","李東峰","FE","No.10, Jilin Rd.,Zhongli City, Taoyuan County, R.O.C.","02-27047005","Ted@fortune.com.tw","www.fortune.com.tw","許逸德","總經理","02-27047001-218","ted@fortune.com.tw","https://www.fortune.com.tw/tw/contact_stakeholder.aspx","https://www.fortune.com.tw/tw/Investor_governance_01.aspx"
"1521","大億交通工業製造股份有限公司","大億","汽車工業","－","台南市南區新信路11號","	69408876","吳俊億","莊智清","鄭清香","協理","蔡宗翰","06-2615151","1976/01/28","1997/10/06",新台幣                 10.0000元,762300000,76230000,0,0,合併,每年,董事會,"中國信託商業銀行代理部","02-66365566","100  台北市重慶南路一段83號5樓","資誠聯合會計師事務所","林秀珊","葉芳婷","TA YIH","NO.11,Xinxin Rd.,South Dist.,Tainan CityTAINAN,TAIWAN (R.O.C)","06-2644614","budget@tayih-ind.com.tw","www.tayih-ind.com.tw","鄭清香","協理","06-2615151","budget@tayih-ind.com.tw","https://www.tayih-ind.com.tw/investors/%E5%88%A9%E5%AE%B3%E9%97%9C%E4%BF%82%E4%BA%BA","https://www.tayih-ind.com.tw/investors/%E5%85%AC%E5%8F%B8%E6%B2%BB%E7%90%86"
"1522","堤維西交通工業股份有限公司","堤維西","汽車工業","－","台南市新樂路72之2號","	22269487","吳國禎","蘇彥碩","翁一峰","財務主管","黃琴月","06-2658781","1986/09/09","1997/10/06",新台幣                 10.0000元,3428978810,312897881,0,30000000,合併,每年,股東會,"群益金鼎證券股份有限公司","02-27023999","台北市敦化南路二段97號地下二樓","安永聯合會計師事務所","胡子仁","洪國森","TYC","72-2, Shin-leh RdTainan 70248, Taiwan, R.O.C","06-2647458","tycir@tyc.com.tw","www.tyc.com.tw","顏鳳姿","財會專員","06-2658781分機121","tycir@tyc.com.tw","https://www.tyc.com.tw/investors/view/61","https://www.tyc.com.tw/governance"
"1524","耿鼎企業股份有限公司","耿鼎","汽車工業","－","338桃園市蘆竹區內溪路48號","	22081250","李茂源","李茂源","李庭祥","總經理室經理","陳健榮","03-3244011","1986/03/13","1998/10/30",新台幣                 10.0000元,1653103970,165310397,0,0,個別,每年,董事會,"群益金鼎證券股份有限公司","02-27035000","台北市敦化南路二段97號地下二樓","正風聯合會計師事務所","賴家裕","彭莉真","GORDON","No.48, Nieh Hsi Road, Luchu Dist.,Taoyuan City, 338,Taiwan  (R.O.C)","886-3-3244255","as3@gordon.com.tw","www.gordon.com.tw","李庭祥","總經理室經理","03-324-4011","as3@gordon.com.tw","http://www.gordon.com.tw/respons.html","http://www.gordon.com.tw/report4.html"
"1525","江申工業股份有限公司","江申","汽車工業","－","桃園市楊梅區新江路100號","	35129100","熊東台","曾火冏誌","陳一宇","經理","陳瓊如","03-4783121","1963/05/30","1999/05/15",新台幣                 10.0000元,734001350,73400135,0,0,合併,每年,股東會,"江申工業股份有限公司股務課","02-2515-6421","新北市新店區中興路三段3號1樓","安永聯合會計師事務所","黃宇廷","黃建澤","KSC","NO.100,HSIN CHIANG ROAD,YANG MEI CHENTAOYUAN HSIEN,TAIWAN,R.O.C","03-4852205","ethan.chen@kian-shen.com","https://www.kian-shen.com/","陳一宇","經理","03-4783121","ethan.chen@kian-shen.com","https://www.kian-shen.com/tw/Web/page/63","https://www.kian-shen.com/tw/Web/page/84"
"1526","日馳企業股份有限公司","日馳","電機機械","－","桃園市蘆竹區海山中街51號","	11099726","徐義雄","徐義雄","徐予霖","副總經理","葉永禎","(03)3543900","1972/05/26","2000/03/27",新台幣                 10.0000元,600000000,60000000,0,0,合併,每半會計年度,董事會,"富邦綜合證券(股)公司股務代理部","(02)2361-1300","台北市100中正區許昌街17號11樓","霈昇聯合會計師事務所","林育雅","邱奕志","SUNRACE","NO.51, Haishan Central StreetLuzhu District, Taoyuan City, Taiwan","(03)354-4988","spokesman@sunrace.com","www.sunrace.com","徐予霖","副總經理","(03)3543900","meilian.zhu@sunrace.com","www.sunrace.tw","www.sunrace.tw"
"1527","鑽全實業股份有限公司","鑽全","電機機械","－","台中市工業區36路24號","	20982120","賴伯彥先生","賴伯峰先生","陳盈助先生","財務部 副理","顏慶迎先生","(04)23598877","1983/07/02","2000/06/21",新台幣                 10.0000元,1385706400,138570640,0,0,個別,每年,股東會,"群益金鼎證券股份有限公司","(02)27023999","台北市106大安區敦化南路二段97號B2","安侯建業聯合會計師事務所","張字信","郭士華","BASSO","No. 24, 36th Road, Taichung Industrial ParkTaichung City, Taiwan (R.O.C.)","(04)23598869","IR@basso.com.tw","www.basso.com.tw","陳盈助先生","財務部 副理","(04)23598877-1619","IR@basso.com.tw","www.basso.com.tw","https://www.basso.com.tw/zh-tw/a4-11235/%E5%85%AC%E5%8F%B8%E6%B2%BB%E7%90%86%E5%B0%88%E5%8D%80.html"
"1528","恩德科技股份有限公司","恩德","電機機械","－","臺北市士林區中山北路五段478號6樓","	11551634","廖文嘉","李明哲","李明哲","總經理","林其泉","(02)28376866","1972/07/21","2000/09/11",新台幣                 10.0000元,1913310000,191331000,0,0,合併,每年,股東會,"凱基證券股務代理部","(02)2389-2999","台北市重慶南路一段2號5樓","勤業眾信聯合會計師事務所","劉建良","吳鈞麟","ANDERSON","6 F., No. 478, Sec. 5, Zhongshan N. Rd., Shilin Dist.,Taipei City 111005, Taiwan (R.O.C.)","(02)28321866","thomas@anderson.com.tw","http://www.anderson.com.tw","黃逸嫺","董事長特別助理","(02)28376866","daphne@anderson.com.tw","www.anderson.com.tw","https://www.anderson.com.tw/responsibility.asp"
"1529","樂事綠能科技股份有限公司","樂事綠能","電機機械","－","台南市北區成功路114號7樓之1","	34211074","陳介仁","陳連聰","陳介仁","董事長","鄧春香","(02)2559-1021","1978/05/24","2000/09/11",新台幣                 10.0000元,1550950740,155095074,0,0,合併,每年,股東會,"統一綜合證券(股)公司股務代理部","(02)2747-8266","台北市松山區東興路8號B1樓","正風聯合會計師事務所","賴家裕","傅睿崗","LUXE","4F.-2, No. 188, Sec. 5, Nanjing E. Rd., Songshan Dist., 105411Taipei City,Taiwan(R.O.C)","(02)2559-1071","luxe@luxe.com.tw","http://www.luxe.com.tw","簡世昌","副總經理","02-25591021#184","tiger7086@luxe.com.tw","http://luxe.com.tw/","https://www.luxe.com.tw/tw/investors/1/1"
"1530","亞崴機電股份有限公司","亞崴","電機機械","－","新竹縣新埔鎮文山里關埔路水車頭段629號","	22224692","楊丞鈞","楊尚儒","范國軒","財務部副理","梁梅芳","03-5885191","1986/07/16","2000/09/11",新台幣                 10.0000元,945941710,94594171,0,0,合併,每年,股東會,"群益金鼎證券股份有限公司","02-27023999","台北市敦化南路二段97號地下二樓","建智聯合會計師事務所","陳貴端","鍾欣妤","AWEA","629,Suezhetou section,Kwanpu Rd.,Wenshan LiHsinpu Town,Hsinchu county,Taiwan 305","03-5889896","alex.fan@awea.com","www.awea.com","范國軒","財務部副理","04-24629698-62720","alex.fan@awea.com","www.awea.com/tw/investor/stakeholders.html","https://www.awea.com/tw/investor/announcement.html"
"1531","高林股份有限公司","高林股","電機機械","－","台北市松山區105敦化北路167號8樓","	29538509","林陳雅子","林培嘉","鍾文藝","董事長特別助理","吳秋霞","(02)27130232","1965/10/05","2000/09/11",新台幣                 10.0000元,1821080800,182108080,0,0,合併,每年,股東會,"華南永昌證券(股)公司股務代理部","(02)2718-6425","台北市民生東路四段54號4樓","安侯建業聯合會計師事務所","陳明輝","寇惠植","KAULIN","8th Floor, No. 167, Dunhua North Road, 105, Songshan District,TAIPEI, TAIWAN,  R.O.C.","(02)27130501","SIRUBATW@SIRUBA.COM","WWW.SIRUBA.COM","鍾文藝","董事長特別助理","(02)27130232","queen.chung@siruba.com","https://siruba.com/tw/investor-7/","https://siruba.com/tw/report/board-of-directors/"
"1532","勤美股份有限公司","勤美","電機機械","－","台北市106大安區仁愛路四段八十五號四樓","	03474311","林廷芳","林靖誼/麥聖偉","陳鴻毅","資深協理","何式剛","02-27112831","1972/09/09","2000/09/11",新台幣                 10.0000元,4226042710,422604271,0,0,合併,每年,董事會,"凱基證券股份有限公司","02-23892999","台北市重慶南路一段2號5樓","安侯建業聯合會計師事務所","鄒依芸","韓沂璉","CMP","4F, NO.85, JEN-AI RD., SEC. 4TAIPEI, TAIWAN, R.O.C.","02-27112837","ir@cmp.com.tw","www.cmp.com.tw","陳鴻毅","資深協理","02-27112831","ir@cmp.com.tw","http://www.cmp.com.tw/cht/investor/stakeholder","http://www.cmp.com.tw/cht/investor/governance"
"1533","車王電子股份有限公司","車王電","汽車工業","－","台中市大雅區中清路4段85號","	04827138","蔡裕慶","蔡裕慶","蔡珠蘭","財務副總","薛珮玲","04-25683366","1982/07/19","2001/04/06",新台幣                 10.0000元,985474860,98547486,0,0,合併,每年,股東會,"凱基證券股份有限公司","02-23892999","臺北市重慶南路一段2號5F","資誠聯合會計師事務所","劉美蘭","賴志維","MORE","85,Sec.4, Chung-Ching Rd.,Ta-Ya,Taichung Hsien, Taiwan 428","04-25673069","mobiletron@more.com.tw","http://www.more.com.tw","蔡珠蘭","財務副總","04-25683366","nancy@more.com.tw","http://www.more.com.tw/Csr/Page/c1606ebc-6ffc-4789-952f-c442c995cc48","https://www.more.com.tw/Investor/Directors"
"1535","中宇環保工程股份有限公司","中宇","電機機械","－","高雄市前鎮區成功二路88號8樓","	84252401","謝英斌","余政典","莊雅閔","副總經理","楊幼梅","07-3336138","1993/03/15","2001/09/17",新台幣                 10.0000元,1237425520,123742552,0,0,合併,每年,股東會,"統一綜合證券股份有限公司","02-2746-3797","台北市松山區東興路8號地下一樓","勤業眾信會計師事務所","郭麗園","王兆群","CEC","8F, No.88 Chenggong 2nd Road,Cianjhen Dist., Kaohsiung,806Taiwan, Republic of China","886 7 3363030","finance@ecotek.com.tw","www.ecotek.com.tw","洪靜雲","專業管理師","07-3336138-31606","finance@ecotek.com.tw","https://www.ecotek.com.tw/?prog=cec_apply","https://www.ecotek.com.tw/?prog=corporate_governance"
"1536","和大工業股份有限公司","和大","汽車工業","－","台中市大里區仁化路115號","	52264848","沈千慈","陳俊智","陳俊智","總經理","沈千慈","04-25692299","1973/01/16","2001/09/17",新台幣                 10.0000元,2789595130,278959513,0,0,合併,每半會計年度,董事會,"台新證券股務代理部","02-25048125","台北市中山區建國北路1段96號B1","國富浩華聯合會計師事務所","張福郎","邵朝彬","HOTA","NO.115, JEN-HUA  RD.TALI,TAICHUNG , TAIWAN","04-25692578","louis-lee@hota.com.tw","www.hota.com.tw","陳俊智","總經理","04-25692299分機1234","louis-lee@hota.com.tw","www.hota.com.tw","www.hota.com.tw/director.html"
"1537","廣隆光電科技股份有限公司","廣隆","電機機械","－","南投市自立三路6號","	23556563","李瑞勳","楊瑞祥","劉晃瑋","協理","洪相正","049-2254777","1990/01/25","2002/01/22",新台幣                 10.0000元,820627940,82062794,0,0,合併,每年,股東會,"凱基證券股份有限公司股務代理部","02-23892999","台北市100重慶南路一段2號5樓","資誠會計師事務所","賴志維","吳松源","KUNG LONG","NO.6.TZU-LI 3 RD.NANTOU CITY,TAIWAN,R.O.C.","049-2255139","vincent@mail.klb.com.tw","www.klb.com.tw","劉晃瑋","協理","049-2254777-171","spokeman@mail.klb.com.tw","https://www.klb.com.tw/investor/stakeholder/stakeholder/","https://www.klb.com.tw/investor/corporate-governance/organization/"
"1538","正峰工業股份有限公司","正峰","電機機械","－","320 桃園市中壢區中正路二段433巷33號","	44947686","陳永倫","陳永倫","葉璨增","財務長","陳育章","(03)490-4111","1976/04/24","2002/08/26",新台幣                 10.0000元,323000000,32300000,24033643,0,合併,每年,股東會,"元大證券(股)公司股務代理部","02-25865859","台北市大安區敦化南路2段67號B1","安侯建業聯合會計師事務所","連淑凌","陳盈如","　　JF","No.33, Ln. 433, Sec. 2, Zhongzheng Rd.,Zhongli Dist.,TAOYUAN CITY, TAIWAN, R.O.C.","(03)426-0030","jennfeng@ms2.hinet.net","www.jennfeng.com","葉璨增","財務長","(03)490-4111","tsantseng@jennfeng.com","http://www.jennfeng.com/index.asp?lang=1","https://www.jennfeng.com/zh-tw/faq-c1577/%E5%85%AC%E5%8F%B8%E6%B2%BB%E7%90%86.html"
"1539","巨庭機械股份有限公司","巨庭","電機機械","－","台中市太平區永豐路78號","	52646207","莊博彥","張永和","陳志濱","財務部協理","莊佳玲特助","(04)2270-0258","1981/08/17","2002/10/29",新台幣                 10.0000元,653700000,65370000,0,0,合併,每年,股東會,"群益金鼎證券(股)公司","(02)2702-3999","台北市大安區敦化南路二段97號地下二樓","國富浩華聯合會計師事務所","林明壽","楊貞瑜","GT　　","No.78, Yongfeng Rd., Taiping Dist.,Taichung City 411032, Taiwan (R.O.C.)","(04)2270-1096","chiuting@geetech.com.tw","www.geetech.com.tw","陳志濱","財務部協理","04-22700258","investor@geetech.com.tw","www.geetech.com.tw","https://www.geetech.com.tw/tw/investors/finance-detail/"
"1540","喬福機械工業股份有限公司","喬福","電機機械","－","台中市神岡區中山路1056號","	52903090","林聖明","詹正淦","陳文助","會計課長","谷成祥","(04)25624721","1984/08/08","2002/08/26",新台幣                 10.0000元,854736120,85473612,0,0,個別,每年,股東會,"統一綜合證券股份有限公司","(02)27463797","台北市東興路８號Ｂ１F","資誠聯合會計師事務所","劉美蘭","賴志維","　ROUNDTOP　","　　1056,Chungshan Rd.,ShenKang Dist,Taichung City,Taiwan R.O.C.　　Taichung City,Taiwan R.O.C.","(04)25614696","misc@johnford.com.tw","www.johnford.com.tw","陳文助","會計課長","(04)25624721","misc@johnford.com.tw","http://www.johnford.com.tw/tw/relationship","－"
"1541","錩泰工業股份有限公司","錩泰","電機機械","－","台中市后里區南村路41號","	23248433","張經金","張經金","賈雨翰","稽核主管","林美君","04-25580669","1989/04/21","2003/03/19",新台幣                 10.0000元,788000000,78800000,0,0,合併,每年,董事會,"台新證券股務代理部","02-25048125","台北市建國北路一段96號地下一樓","安永聯合會計師事務所","羅文振","黃宇廷","Chang Type","No 41 Nan-tsuen RoadHo-Li , Taichung City , Taiwan","04-25574960","hazel@mail.toty.com.tw","www.toty.com.tw","劉姿妙","財務主管","04-25580669","hazel@mail.toty.com.tw","http://www.toty.com.tw/chinese/stakeholder/ip.html","https://www.changtype.com/1"
"1558","伸興工業股份有限公司","伸興","電機機械","－","台中市太平區永成路78號","	55754185","林志誠","劉棟樑","莊子禾","協理","周俊伸","(04)22785177","1975/01/03","2014/12/23",新台幣                 10.0000元,645356310,64535631,0,0,合併,每年,股東會,"永豐金證券股份有限公司","(02)23816288","臺北市中正區博愛路17號3樓","安永聯合會計師事務所","黃靖雅","羅文振","ZENG HSING","No. 78, Yong Cheng Rd., Taiping District, Taichung City, Taiwan, R.O.C.Taichung City, Taiwan, R.O.C.","(04)22751789","spokesman@zenghsing.com.tw","www.zenghsing.com.tw/","莊子禾","協理","04-22785177#182","spokesman@zenghsing.com.tw","www.zenghsing.com.tw/csr/stakeholder/?lang=zh-hant","https://www.zenghsing.com.tw/investor/corporate-principles/?lang=zh-hant"
"1560","中國砂輪企業股份有限公司","中砂","電機機械","－","新北市鶯歌區中山路64號","	03089008","林伯全","謝榮哲","李偉彰","副總經理","白景中","02-26791931","1964/07/08","2005/01/31",新台幣                 10.0000元,1472918800,147291880,0,0,合併,每年,董事會,"凱基證券股份有限公司","02-23892999","台北市100重慶南路一段2號5樓","勤業眾信聯合會計師事務所","劉明賢","趙永祥","KINIK","No.64,Zhongshan Rd., Yingge Dist.,New Taipei City 23942, Taiwan(R.O.C.)","02-26797562","ir@kinik.com.tw","www.kinik.com.tw","白景中","副總經理","02-26791931#2005","ir@kinik.com.tw","https://www.kinik.com.tw/zh-tw/Stakeholders/Stakeholders.html?def=0","https://www.kinik.com.tw/zh-tw/menu.html?id=D03"
"1563","巧新科技工業股份有限公司","巧新","汽車工業","－","640雲林縣斗六市雲科路三段八十號","	84980915","黃聰榮","黃聰榮","黃冠賓","副總經理","王惠斐","05-5512288","1994/06/24","2024/05/13",新台幣                 10.0000元,2256081400,225608140,0,0,合併,每年,董事會,"兆豐證券股份有限公司股務代理部","02-33930898","台北市中正區忠孝東路2段95號1樓","資誠聯合會計師事務所","劉美蘭","賴志維","SAI","No.80, Sec. 3,Yun-Ko RoadDou Liu,Yun-Lin County  640, TAIWAN　　","05-5514567","info@superalloy.tw","www.superalloy.tw","王惠斐","經理","05-5512288","info@superalloy.tw","https://www.superalloy.tw/sustainability/interested-parties/","https://www.superalloy.tw/governance/"
"1568","倉佑實業股份有限公司","倉佑","汽車工業","－","62154嘉義縣民雄鄉福樂村中山路18號","	66654986","蘇祈澤","蘇祈祜","蔡玫芳","經理","鄭麗君","05-2200888","1985/01/16","2014/05/14",新台幣                 10.0000元,1030865590,103086559,0,0,合併,每年,董事會,"凱基證券股份有限公司","02-23892999","台北市重慶南路1段2號5樓","勤業眾信聯合會計師事務所","陳秀雯","陳珍麗","T.Y.","No. 18 Chung-Shan Rd., Fu-Lo Village Min-Hsiung Industrial Park,Chia  Yi  County, Taiwan R.O.C.","05-2216811","public@tsangyow.com.tw","www.tsangyow.com.tw","蔡玫芳","經理","05-2200888#1130","sharontsai@tsangyow.com.tw","https://www.tsangyow.com.tw/page7_1.php?vv=eyJwZyI6MSwicGdjIjoxfQ==","https://www.tsangyow.com.tw/page9_1.php?vv=eyJwZyI6MSwicGdjIjoxfQ=="
"1582","信錦企業股份有限公司","信錦","電子零組件業","－","新北市中和區建康路168號9樓","	35966577","陳秋郎","陳秋郎","黃逸群","董事長特別助理","劉皇佑","02-66215888","1979/07/07","2009/12/17",新台幣                 10.0000元,1442686040,144268604,0,0,合併,每年,股東會,"中國信託商業銀行代理部","02-66365566","台北市重慶南路一段83號5樓","勤業眾信會計師事務所","李東峰","周仕杰","SYNCMOLD","9F., No.168, Jiankang Rd.,Zhonghe Dist.New Taipei City 235, Taiwan (R.O.C.)","02-66216000","information@syncmold.com.tw","www.syncmold.com.tw","劉皇佑","經理","02-66215888","information@syncmold.com.tw","https://www.syncmold.com.tw/item_interested_person_2018.html","https://www.syncmold.com.tw/index_syncmold_2018.html"
"1583","程泰機械股份有限公司","程泰","電機機械","－","台中市西屯區協和里工業區五路十三號","	52353530","楊舒涵","陳深祥","林廷霜","財務部副理","林佳樺","(04)2463-6000","1975/09/28","2008/01/24",新台幣                 10.0000元,1094003720,109400372,0,0,合併,每年,董事會,"群益金鼎證券股份有限公司","(02)2702-3999","台北市大安區敦化南路二段97號B2","建智聯合會計師事務所","陳貴端","鍾欣妤","GOODWAY","13, 5th Road, Taichung  Industrial  Park,Taichung 40767, Taiwan, R.O.C.","(04)2463-6500","1718@goodwaycnc.com.tw","http://www.goodwaycnc.com/","林廷霜","財務部副理","(04)2463-6000#12056","1718@goodwaycnc.com","http://www.goodwaycnc.com/exhtml_goodway/goodway_tw/publication/stakeholders/index.htm","https://www.goodwaycnc.com/tw/investor/directors.html"
"1587","吉茂精密股份有限公司","吉茂","汽車工業","－","(52861)彰化縣芳苑鄉後寮村工區路28號","	24157564","劉彥狄","劉彥狄","許乃龍","經理","蔡淑萍","(04)896-7892","1984/08/22","2018/04/16",新台幣                 10.0000元,800556720,80055672,0,0,合併,每半會計年度,董事會,"宏遠證券股份有限公司","02-7719-8899","台北市大安區信義路四段236號3樓","資誠聯合會計師事務所","王玉娟","賴志維","CM","NO.28,KUNG-CHIU RD.,FANG-YUAN INDUSTRIAL DISTCHANGHUA,TAIWAN,R.O.C","(04)896-7907","info@cryomaxcooling.com","www.cryomaxcooling.com","許乃龍","經理","(04)23105666","nailong@cryomaxcooling.com","https://www.cryomaxcooling.com/cht/coporate-social-responsibility.htm","https://www.cryomaxcooling.com/cht/corporate-governance.htm"
"1589","永冠能源科技集團有限公司","永冠-KY","電機機械","KY","台北市內湖區新湖一路93號4樓","	41048746","張賢銘","李熔","蔡樹根","副董事長","蔡青武","(02)2791-7198","2008/01/22","2012/04/27",新台幣                 10.0000元,1531359410,153135941,0,0,合併,每年,股東會,"群益金鼎證券(股)公司股務代理部","(02)2702-3999","臺北市大安區敦化南路二段97號B2","遴選繼任會計師","遴選繼任會計師","遴選繼任會計師","YGG","4F., No.93, Xinhu 1st Rd., Neihu Dist.Taipei City 114757, Taiwan (R.O.C.)","(02)2791-7808","ygg@ygget.com","http://www.ygget.com/index/tw.aspx","李冠昕","協理","(02)2791-7198 分機17","ir@ygget.com","http://www.ygget.com/content/tw/508.aspx","https://www.ygget.com/content/tw/237.aspx"
"1590","亞德客國際集團","亞德客-KY","電機機械","KY","台北市中山區民生東路三段10號9樓","	53666460","王世忠","李懷文","曹永祥","集團副總經理","李懷文","(02)27197538","2009/09/16","2010/12/13",新台幣                 10.0000元,1999999980,199999998,0,0,合併,每年,董事會,"中國信託商業銀行代理部","(02)6636-5566","台北市中正區重慶南路一段83號五樓","勤業眾信聯合會計師事務所","翁博仁","李麗凰","AIRTAC","9F., No. 10, Sec. 3, Minsheng E. Rd., Zhongshan Dist.,Taipei City 104511 , Taiwan (R.O.C.)","(02)27197939","ir@airtac.com","http://www.airtac.com/","林道萱","財務高級專員","(02)27197538","ir@airtac.com","https://as-tw.airtac.com/about4.aspx?c_kind=11&c_kind2=405","https://as-tw.airtac.com/about.aspx?c_kind=5&c_kind2=132"
"1597","直得科技股份有限公司","直得","電機機械","－","74145 台南市新市區大利一路3號","	16755427","陳麗芬","許明哲","李柏蒼","財務長","許澄璞","(06)505-5858","1998/10/19","2020/12/23",新台幣                 10.0000元,892618040,89261804,0,0,合併,每年,董事會,"富邦綜合證券股份有限公司","(02)2361-1300","10047台北市中正區許昌街17號11樓","資誠聯合會計師事務所","田中玉","葉芳婷","cpc","No.3, Dali 1st Rd., Xinshi Dist.,Tainan City 74145,Taiwan (R.O.C.)","(06)505-5959","act07@mail2.chieftek.com","http://www.chieftek.com/","李柏蒼","財務長","(06)505-5858","act07@mail2.chieftek.com","http://www.chieftek.com/","https://www.chieftek.com/chinese/INVESTORS.asp"
"1598","岱宇國際股份有限公司","岱宇","運動休閒","－","(104)台北市中山區松江路111號12樓","	23751545","林佑穎","陳明男","邱源聲","副總經理","林佑霖","(02)25152288","1990/06/02","2016/09/20",新台幣                 10.0000元,1791420920,179142092,0,0,合併,每年,董事會,"富邦證券股務代理部","(02)2361-1300","台北市中正區許昌街17號2樓","安侯建業聯合會計師事務所","陳宗哲","鄒依芸","Dyaco","12F,NO.111, Songjiang Road,(104)Taipei, Taiwan","(02)25159963","investor@dyaco.com","http://www.dyaco.com","邱源聲","副總經理","02-25152288","investor@dyaco.com","https://www.dyaco.com/en/investors","https://dyaco.com/zh-hant/investors/corporate-governance"
"1603","中華電線電纜股份有限公司","華電","電器電纜","－","台北市中山區中山北路三段58號4樓","	35882520","陳亮吟","陳鶴原","蔡旭卿","法務室主管","吳鳳蘭","2599-3456","1961/02/23","1968/06/03",新台幣                 10.0000元,1916880000,191688000,0,0,合併,每年,股東會,"富邦綜合證券(股)公司股務代理部","(02)2361-1300","台北市100中正區許昌街17號11樓","馬施云大華聯合會計師事務所","吳獻恩","吳昆益","CWCO","4TH FLOOR NO.58, CHUNGSHAN NORTH ROAD, SEC. 3Taipei,Taiwan,R.O.C.","2598-7766","acct@cwco.com.tw","www.cwco.com.tw","蔡旭卿","法務室主管","2599-3456","legal@cwco.com.tw","www.cwco.com.tw","http://www.cwco.com.tw/ACC/ACC1.htm"
"1604","聲寶股份有限公司","聲寶","電器電纜","－","桃園市龜山區大華里頂湖26-3號","	03607500","財團法人陳茂榜工商發展基金會","許經朝","簡淑慧","財會處(協理)","高治誠","03-3975151","1962/09/11","1970/12/14",新台幣                 10.0000元,3842000000,384200000,0,0,合併,每年,董事會,"元大證券股份有限公司","02-25865859","106 臺北市大安區敦化南路2段67號地下一樓","勤業眾信聯合會計師事務所","蘇郁琇","吳恪昌","SAMPO","No.26-3. Dinghu Rd, Gueishan Dist.,Taoyuan City 33378, Taiwan ( R.O.C)","03-3275581","1604email@sampo.com.tw","www.sampo.com.tw","簡淑慧","協理","03-3975151#1711","sophy@sampo.com.tw","http://www.sampo.com.tw/aboutlist.aspx?q=15","https://www.sampo.com.tw/aboutlist.aspx?q=12"
"1605","華新麗華股份有限公司","華新","電器電纜","－","台北市信義區松智路1號25樓","	35412204","焦佑倫","王錫欽","文德誠","董事長室特別助理","潘思如","(02)8726-2211","1966/12/02","1972/11/03",新台幣                 10.0000元,44313329480,4431332948,0,0,合併,每年,董事會,"本公司股務聯辦室","(02)2790-5885","台北市內湖區行善路398號8樓","勤業眾信聯合會計師事務所","洪國田","陳文香","WALSIN","25F, No.1, Songzhi Rd.,Taipei 11047, Taiwan","(02)2720-2234","walsinspk@walsin.com","https://www.walsin.com","投資管理部","投資管理部","(02)8726-2211","IR@walsin.com","https://www.walsin.com","https://www.walsin.com/investors/corporate-governance/#pills-corporate"
"1608","華榮電線電纜股份有限公司","華榮","電器電纜","－","高雄巿前金區中正四路170號","	79460007","王宏仁","黃華志","黃華志","總經理","劉秀美","07-2814161","1956/12/08","1988/07/11",新台幣                 10.0000元,6327735060,632773506,0,0,合併,每年,股東會,"本公司股務課","02-27717611","台北巿南京東路三段210號11樓","安侯建業聯合會計師事務所","陳永祥","蘇彥達","HE","170,CHUNG CHENG 4TH ROAD,KAOHSIUNG,TAIWAN,R.O.C.","07-2818871","he520@hegroup.com.tw","http://www.hegroup.com.tw","劉秀美","管理部副總經理","07-2814161","misherr@hegroup.com.tw","https://www.hegroup.com.tw/index.php?option=module&lang=cht&task=pageinfo&id=142&index=5","https://www.hegroup.com.tw/index.php?option=module&lang=cht&task=showlist&id=31&index=1"
"1609","大亞電線電纜股份有限公司","大亞","電器電纜","－","台南市關廟區中山路二段249號","	68035907","沈尚弘","沈尚宜","陳重光","總管理處處總經理","洪崇銘","06-5953131","1962/11/07","1988/12/12",新台幣                 10.0000元,7852619440,785261944,0,0,合併,每年,股東會,"凱基證券股份有限公司","02-23892999","台北市重慶南路一段二號五樓","群智聯合會計師事務所","吳乾萌","張鈞富","TA YA","249 Chung Shan Rd.,KuanMiao Dist, Tainan City,Taiwan,ROC","06-5958190","stock@mail.taya.com.tw","www.taya.com.tw","陳重光","處總經理","06-5953131","ck_chen@mail.taya.com.tw","www.taya.com.tw","https://www.taya.com.tw/download/download48.html"
"1611","中國電器股份有限公司","中電","電器電纜","－","台北市行善路124號2樓","	03086001","廖銘輝","吳一麟代理","黃至賢","經理","王志崧","(02)27191188","1955/02/01","1990/01/16",新台幣                 10.0000元,3227357420,322735742,0,0,合併,每年,董事會,"群益金鼎證券股份有限公司","02-2702-3999","台北市大安區敦化南路二段97號B2","勤業眾信聯合會計師事務所","陳昭宇","謝東儒","CE","2F, No. 124, Xingshan Road, Taipei CityTAIPEI,TAIWAN","(02)27137111","eservice@chinaelectric.com.tw","http://www.chinaelectric.com.tw","黃至賢","經理","(02)27191188","frank@chinaelectric.com.tw","http://www.chinaelectric.com.tw/investor11.php","https://www.chinaelectric.com.tw/investor8.php"
"1612","宏泰電工股份有限公司","宏泰","電器電纜","－","桃園市328觀音區樹林里國建一路2號","	43125162","久疆投資股份有限公司","黎文斌","潘少屏","營運長","陳良驊","(02)27011000","1968/08/08","1993/05/08",新台幣                 10.0000元,3160800630,316080063,0,0,合併,每年,董事會,"福邦證券(股)公司","(02)2371-1658","100台北市中正區忠孝西路ㄧ段6號6樓","安永聯合會計師事務所","劉榮進","楊弘斌","HONG TAI","20F., NO.65, SEC2,  DUNHUA S. RD., DA'AN DIST., TAIPEI CITY106, TAIWAN R.O.C.TAIPEI TAIWAN R.O.C.","(02)27081100","managerdep@hong-tai.com.tw","www.hong-tai.com.tw","潘少屏","營運長","(02)2701-1000#280","paulpan@hong-tai.com.tw","https://www.hong-tai.com.tw/tc/investor18_39_0_0.htm","https://www.hong-tai.com.tw/tc/investor18_39_0_0.htm"
"1614","台灣三洋電機股份有限公司","三洋電","電器電纜","－","台北市中山區松江路266號10F","	03564501","李文峰","李文琳","林張惠","協理","陳建霖","(02)25210251","1963/02/13","1997/09/18",新台幣                 10.0000元,2691134060,269113406,0,0,合併,每年,董事會,"華南永昌綜合證券股份有限公司","(02)2718-6425","台北市松山區民生東路四段54號4樓","資誠聯合會計師事務所","陳晉昌","廖福銘","Taiwan Sanyo","10F,NO. 266,Sung Chiang Road,Taipei,Taiwan,R.O.C","(02)25119935","san3@sanyo.com.tw","https://sanlux.com.tw/","林張惠","協理","(02)25210251-3001","atalanta@sanyo.com.tw","https://sanlux.com.tw/company-investment-contact","https://sanlux.com.tw/corporate-governance-status"
"1615","大山電線電纜股份有限公司","大山","電器電纜","－","雲林縣斗六市雲林路三段369號","	64829434","蘇文彬","蘇文彬","張國忠","協理","謝彩芬","05-5222331","1974/04/15","2000/03/30",新台幣                 10.0000元,1966637020,196663702,0,0,合併,每年,董事會,"凱基證券股份有限公司","02-23892999","台北市重慶南路一段二號五樓","安侯建業聯合會計師事務所","陳盈如","郭柔蘭","Dah  San","NO.369 Sec. 3 Yun-Lin Rd. Douliou CityYunlin County , Taiwan,(R.O.C)","05-5220478","fin1615@dahsan.com.tw","http://www.dahsan.com.tw","張國忠","協理","05-5222331","gzchang@dahsan.com.tw","http://www.dahsan.com.tw/chinese-105.html","http://www.dahsan.com.tw"
"1616","億泰電線電纜股份有限公司","億泰","電器電纜","－","台北市中正區仁愛路二段九十一巷一號一樓","	22819700","王銀河","張程浩(代理)","王銀河","董事長","鄒玫君","02-2321-8855","1988/03/21","2000/09/11",新台幣                 10.0000元,1941485150,194148515,0,0,合併,每年,股東會,"台新綜合證券股份有限公司","02-2504-8125","台北市中山區建國北路1段96號地下1樓","安侯建業聯合會計師事務所","黃泳華","余聖河","EVERTOP","1F, No. 1, Lane 91, Sec. 2, Ren-Ai Rd.,Taipei 100 , Taiwan, R.O.C.","02-2321-3236","evertopf@ms27.hinet.net","http://www.evertop.com","王銀河","董事長","02-2321-8855","evertopf@ms27.hinet.net","http://www.evertop.com/?action=info&info=34","http://www.evertop.com/?action=info&lang=chinese"
"1617","榮星電線工業股份有限公司","榮星","電器電纜","－","台南市仁德區中正路三段231號","	73341336","王東澤","邱守基","薛添得","協理","黃維民","06-2705211","1971/07/17","2000/09/11",新台幣                 10.0000元,1695147000,169514700,0,0,合併,每年,股東會,"中國信託商業銀行代理部","02-66365566","台北市重慶南路一段83號5樓","安侯建業聯合會計師事務所","蘇彥達","許振隆","JSW","231,Sec.3,Chung-Cheng RD.,Jen-Teh District ,Tainan CityTainan City,717 TAIWAN,R.O.C.","06-2700599","frank@nt1.jswire.com.tw","http://www.jswire.com.tw","薛添得","協理","06-2705211","frank@nt1.jswire.com.tw","http://www.jswire.com.tw","http://www.jswire.com.tw"
"1618","合機電線電纜股份有限公司","合機","電器電纜","－","台北市中山區復興南路一段36之9號3樓","	23206102","李新政","郭晉勳","周亭儀","財務主管","林淑萍","02-23956603","1989/03/01","2000/09/11",新台幣                 10.0000元,1926917470,192691747,0,0,合併,每年,董事會,"康和綜合證券股份有限公司","02-87871888","台北巿信義區基隆路1段176號B1","勤業眾信聯合會計師事務所","莊文源","陳致源","HK","3F., No. 36-9, Sec. 1, Fusing S. Rd., Jhongshan Dist., Taipei City 104, TaiwanTAIPEI,TAWAN,R.O.C.","02-23563700","ir@hold-key.com.tw","WWW.HOLD-KEY.COM.TW","周亭儀","財務主管","(02)23956603","hkinvestors@hold-key.com.tw","http://www.hold-key.com.tw/stakeholder_holdkey_01.html","https://www.hold-key.com.tw/shareholderservices_tw.php?id=137"
"1623","大東電業廠股份有限公司","大東電","電器電纜","－","桃園市楊梅區梅獅路二段349巷3號","	18523000","林志明","楊博文","江美虹","財務長","林雨萱","03-4818138","1962/07/16","2026/01/22",新台幣                 10.0000元,660000000,66000000,0,0,個別,每年,董事會,"凱基證券股份有限公司股務代理部","02-23892999","台北市中正區重慶南路一段2號5樓","安侯建業聯合會計師事務所","余聖河","羅瑞芝","TEWC","No. 3, Ln. 349, Sec. 2, Meishi Rd.Taoyuan City, 326014, Taiwan(R.O.C.)","03-4817064","tewc_ir@tewc.com.tw","http://tewc.com.tw/","江美虹","公司治理主管","03-4818138","tewc_ir@tewc.com.tw","http://tewc.com.tw/","－"
"1626","艾美特(開曼)國際有限公司","艾美特-KY","電器電纜","KY","台南市新忠路11號","	34995738","史瑞斌","史瑞斌","莊亞菘","集團投資關係室經理","史瑞斌","8675527655988","2004/03/11","2013/03/21",新台幣                 10.0000元,1498217210,149821721,0,0,合併,每年,董事會,"中國信託商業銀行代理部","02- 6636 5566","台北市重慶南路1段83號5樓","資誠聯合會計師事務所","王國華","吳建志","AIRMATE","NO.11 SHIN CHUNG ROAD, AN PING INDUSTRIAL DISTRICT,TAINAN.TAIWAN.R.O.CTAINAN.TAIWAN.R.O.C","8675527643640","yasung@airmate-china.net","www.airmate-china.com","莊亞菘","集團投資關係室經理","02-27043094","yasung@airmate-china.net","www.airmate-china.com","https://airmate-china.com.tw/governance.php"
"1702","南僑投資控股股份有限公司","南僑","食品工業","－","台北市延平北路四段100號","	07305506","陳正文","李勘文","李勘文","總經理","尚待選任","(02)6619-3000","1950/06/30","1973/05/30",新台幣                 10.0000元,2941329620,294132962,0,0,合併,每年,董事會,"中國信託商業銀行代理部","(02)6636-5566","台北市重慶南路一段83號5樓","安侯建業聯合會計師事務所","吳仲舜","黃采絹","NAMCHOW","NO.100 Yen-ping North Road,sec4TAIPEI,TAIWAN,ROC","(02)2535-1970","ncgfin@ms4.hinet.net","www.namchow.com.tw","李勘文","發言人","(02)6619-3688","Kevin@namchow.com.tw；brian.wang@namchow.com.tw","http://www.namchow.com.tw/page/main_page/04_01/index_07.html","https://www.namchow.com.tw/page/main_page/03_01/index.html"
"1707","葡萄王生技股份有限公司","葡萄王","生技醫療業","－","桃園市平鎮區金陵路二段402號","	11880517","曾盛麟","曾盛麟","洪俊銘","財務長兼公司治理主管","許勝傑","03-4572121","1971/04/01","1982/12/20",新台幣                 10.0000元,1481373730,148137373,0,0,合併,每半會計年度,董事會,"群益金鼎證券股份有限公司","02-27023999","10601台北市大安區敦化南路二段97號B2","勤業眾信聯合會計師事務所","林尚志","&#28201;智源","GKB","No.402, Sec. 2, Jinling Rd.Pingzhen Dist., Taoyuan City 324, Taiwan","03-4572128","gkishares@grapeking.com.tw","http://www.grapeking.com.tw","曾德楷(英文) / 林天鉞(中文)","永續長(英文) / 副總監(中文)","03-4572121#1802,1707","duncan.aitken@grapeking.com.tw(For English) / terry.lin@grapeking.com.tw(For Chinese)","https://www.grapeking.com.tw/stakeholder/62591ad4df427","https://www.grapeking.com.tw/investor/governance/6258cf1f9e021"
"1708","東南實業股份有限公司","東鹼","化學工業","－","台北市敦化南路2段99號23樓","	11384405","陳榮元","劉志勇","朱經雲","經理","李燕玲","27047272","1957/03/02","1986/06/16",新台幣                 10.0000元,2490016510,249001651,0,0,合併,每年,董事會,"中國信託商業銀行代理部","(02)6636-5566","台北市重慶南路1段83號5樓","安侯建業聯合會計師事務所","黃明宏","陳雅琳","SESODA","23F,No.99 ,Sec 2,Dunhua S. RD.,Taipei, Taiwan","27043380","taipei@sesoda.com.tw","www.sesoda.com.tw","朱經雲","經理","27047272 #233","ella@sesoda.com.tw","http://www.sesoda.com.tw/chinese/investors.html","https://www.sesoda.com.tw/governance-regulations/All"
"1709","和益化學工業股份有限公司","和益","化學工業","－","台北市萬華區柳州街80號7樓","	04312878","黃勝材","李宏德","林立人","資深協理","林峰瑩","02-25071234","1973/06/21","1986/07/03",新台幣                 10.0000元,4770162720,477016272,0,0,合併,每半會計年度,董事會,"華南永昌綜合證券股務代理部","02-2718-6425","台北市松山區民生東路四段54號4樓","勤業眾信聯合會計師事務所","莊文源","李東峰","FUCC","7F.,NO. 80, LIUZHOU ST., WANHUA DIST.,TAIPEI,TAIWAN R.O.C","02-25071664","fucc@fucc.com.tw","http://www.fucc.com.tw","林立人","資深協理","02-25071234","zen0895@fucc.com.tw","https://www.fucc.com.tw/h/Data?key=sxgnr&set=8&cat=106325","https://www.fucc.com.tw/h/Data?key=sxgnr&set=10"
"1710","東聯化學股份有限公司","東聯","化學工業","－","台北市復興北路101號13樓","	14057995","徐旭東","蔡錫津","俞瀛琁","協理","蔣中瑋","02-27193333","1975/12/22","1987/10/21",新台幣                 10.0000元,8857030290,885703029,0,0,合併,每年,股東會,"亞東證券","02-77531699","新北市板橋區新站路16號13樓","勤業眾信會計師事務所","陳培德","劉紋伶","OUCC","13TH FL. 101 FU-HSING N. RD.TAIPEI R.O.C","02-27191858","ir@oucc.com.tw","http://www.oucc.com.tw","陳澤釧","資深經理","02-27193333","ir@oucc.com.tw","https://www.oucc.com.tw/csr-99-page470","https://www.oucc.com.tw/governance"
"1711","臺灣永光化學工業股份有限公司","永光","化學工業","－","台北市敦化南路二段77號5~6樓","	15458455","陳建信","陳偉望","翁國彬","財務處處長","李明文","(02)27066006","1972/09/07","1988/12/27",新台幣                 10.0000元,5477522260,547752226,0,0,合併,每年,董事會,"兆豐證券股務代理部","02-33930898","台北市忠孝東路二段95號1樓","安侯建業聯合會計師事務所","黃明宏","唐嘉鍵","EVERLIGHT","5~6Floor,No.77,Sec.2,Tun Hua South RoadTaipei,Taiwan,Republic of China","02-27081254","finance@ecic.com.tw","https://www.ecic.com/","翁國彬","財務處處長","27066006#190","spokesman@ecic.com.tw","https://www.ecic.com/csr/stakeholder/","https://www.ecic.com/corporate-governance/"
"1712","興農股份有限公司","興農","化學工業","－","臺中市大肚區南榮路101號1樓","	51911712","劉雲松","李乾&#29641;","余奎儒","投資人關係主管","賴慧娟","04-26933841","1963/11/20","1989/12/14",新台幣                 10.0000元,4204925850,420492585,0,0,合併,每年,董事會,"群益金鼎證券股份有限公司","02-27023999","台北市敦化南路二段97號地下二樓","勤業眾信聯合會計師事務所","蔣淑菁","劉力維","SINON","No.101, Nanrong Road, Dadu District,Taichung City 43245, Taiwan (R.O.C.)","04-26937639","stock@sinon.com.tw","www.sinon.com.tw","余奎儒","投資人關係主管","(04)26937689","stock@sinon.com.tw","https://www.sinon.com.tw/sustainability/index/41/","https://www.sinon.com.tw/investors/directors/"
"1713","國泰化工廠股份有限公司","國化","化學工業","－","台北市忠孝東路四段320號12樓","	03375001","應柔爾","洪志成","洪志成","總經理","蔡淑貞","(02)27811161","1962/12/11","1990/01/31",新台幣                 10.0000元,1509517000,150951700,0,0,個別,每年,股東會,"兆豐證券(股)公司股務代理部","(02)33930898","台北市忠孝東路二段95號1樓","安永聯合 會計師事務所","王甯寬","王瑄瑄","CCW","12F,320,Section 4, Chung Hsiao East RoadTaipei,Taiwan","(02)27520332","cathay@cathaychem.com.tw","www.ccwi.com.tw","蔡淑貞","稽核主管","886-2-27811161","cc511211@ms22.hinet.net","www.ccwi.com.tw","http://www.ccwi.com.tw/takecare.htm"
"1714","和桐化學股份有限公司","和桐","化學工業","－","高雄市仁武區竹後里竹工二巷1號","	12526607","張立秋","陳怡如","江道為","轉投資事業部經理","廖淑惠","89769268","1980/08/01","1991/08/30",新台幣                 10.0000元,9918248080,991824808,0,0,合併,每年,股東會,"和桐化學股份有限公司","89769289","新北市五股區中興路一段六號1樓","資誠聯合會計師事務所","徐明釧","涂展源","HO TUNG","No.1, Zhugong 2nd Ln., Renwu Dist.,Kaohsiung City, Taiwan (R.O.C.)","89769269","jasper.chiang@htgroup.com.tw","www.htgroup.com.tw","江道為","轉投資事業部經理","02-8976-9289","jasper.chiang@htgroup.com.tw","http://www.htgroup.com.tw/service/?parent_id=13","https://www.htgroup.com.tw/corpgovern?lang=tw"
"1717","長興材料工業股份有限公司","長興","化學工業","－","高雄市三民區建工路578號","	75339004","高國倫","廖恒寧","劉秉誠","財務部部長","朱瑞欣","07-3838181","1964/12/03","1994/03/31",新台幣                 10.0000元,11722454830,1172245483,0,0,合併,每年,董事會,"統一綜合證券股份有限公司","02-27463797","台北市松山區東興路8號B1","勤業眾信聯合會計師事務所","王兆群","劉裕祥","ETERNAL","578 CHIEN-KUNG RD.KAOHSIUNG,TAIWAN","07-3898133","investor@eternal-group.com","https://www.eternal-group.com/Home","劉秉誠","財務部部長","07-3838181","investor@eternal-group.com","https://www.eternal-group.com/Esg_sta","https://www.eternal-group.com/Board_of_Directors"
"1718","中國人造纖維股份有限公司","中纖","化學工業","－","高雄市大社區經建路8號","	07066907","王貴賢","王皆誼","吳宏揚","副總經理","吳莉雯","02-23937111","1955/05/11","1963/12/02",新台幣                 10.0000元,16859057450,1685905745,0,0,合併,每年,股東會,"本公司股務課","02-23937111","台北市新生南路一段五十號十一樓","勤業眾信聯合會計師事務所","劉書琳","王攀發","CMFC","NO.8, JINGJIAN RD., DASHE DIST.,KAOHSIUNG, TAIWAN","02-23972549","tommy-wang@cmfc.com.tw","www.cmfc.com.tw","吳宏揚","副總經理","02-23937111","tom-wu@cmfc.com.tw","https://www.cmfc.com.tw/stakeholder_tw.php","https://www.cmfc.com.tw/articlemulti_tw.php?id=13"
"1720","生達化學製藥股份有限公司","生達","生技醫療業","－","台南市新營區土庫里土庫6-20號","	71122503","范滋庭","范滋庭","范滋庭","總經理","陳淑華","(06)636-1516","1967/06/30","1995/12/12",新台幣                 10.0000元,1786960890,178696089,0,0,合併,每年,董事會,"台新綜合證券(股)公司股務代理部","0225048125","台北市中山區建國北路1段96號地下1樓","資誠聯合會計師事務所","葉芳婷","徐惠榆","S.C.P.C","No.6-20,Tuku.,Tuku VillageSinying Dist.,Tainan City 73055,Taiwan","066352817","Chang.Chinwen@standard.com.tw","http://www.standard.com.tw","陳淑華","經理","06-6361516#6666","spokesperson@standard.com.tw","http://www.standard.com.tw","https://www.standard.com.tw/investor-govern.php?i=1"
"1721","三晃股份有限公司","三晃","化學工業","－","台中市西區中興街229號5樓","	55738290","黃亭棣","張俊彬","洪廷宜","管理部經理","王婷渝","(04)23215616","1974/12/31","1996/05/16",新台幣                 10.0000元,1848840920,184884092,19168520,0,合併,每年,股東會,"永豐金證券股份有限公司","02-23816288","台北市中正區博愛路17號3樓","安永聯合會計師事務所","柯雅婷","黃子評","SUNKO","5F., NO. 229, ZHONGXING ST., WEST DISTTAICHUNG CITY 403, TAIWAN  R.O.C","(04)23109292","sunko@sunko.com.tw","http://www.sunko.com.tw","洪廷宜","管理部經理","04-23215616","redd.hung@sunko.com.tw","https://www.sunko.com.tw/esg/b08.php","https://www.sunko.com.tw/web/govern.php"
"1722","台灣肥料股份有限公司","台肥","化學工業","－","台北市南港區經貿一路170號17樓","	03795101","張滄郎","陳右欣","鍾俊銘","副總經理","黃美玲","25422231","1946/05/01","1998/03/24",新台幣                 10.0000元,9800000000,980000000,0,0,合併,每年,股東會,"福邦證券股份有限公司股務代理部","02-23711658","台北市中正區忠孝西路一段6號6樓","安侯建業聯合會計師事務所","陳宗哲","黃欣婷","TFC","17F., No. 170, Jingmao 1st Rd., Nangang Dist.,TAIPEI, TAIWAN, R.O.C","2563-4597","tfcf0001@ms22.hinet.net","www.taifer.com.tw","阮江翰","會計處組長","25422231轉6611","roger@taifer.com.tw","https://www.taifer.com.tw/CSR/Persistencemanagement/Stakeholder/IAC.htm","https://www.taifer.com.tw/Investors/CorporateGovernance"
"1723","中鋼碳素化學股份有限公司","中碳","化學工業","－","高雄市前鎮區成功二路88號25樓","	23221384","黃建智","曾文良","陳宜宏","副總經理","郭麗莉","(07)3383515","1989/02/03","1998/11/27",新台幣                 10.0000元,2369044800,236904480,0,0,合併,每年,股東會,"群益金鼎證券股份有限公司","(02)2703-5000","106台北巿大安區敦化南路2段97號B2","勤業眾信會計師事務所","王兆群","廖鴻儒","CSCC","25F,88 Chengong 2nd Rd,QianzhenKaohsiung,ROC","07-5354706","lilykuo@e-cscc.com.tw","www.cscc.com.tw","陳宜宏","副總經理","(07)3383515","02870@e-cscc.com.tw","http://www.cscc.com.tw/csr/cg/int_ide.html","https://www.cscc.com.tw/Govern.htm#s1"
"1725","元禎企業股份有限公司","元禎","化學工業","－","台北市民生東路四段五十四號三樓之三","	12132033","許元禎","姚永康","張慶農","協理","李文堯","(02)27172222","1977/07/20","2000/09/11",新台幣                 10.0000元,1818299780,181829978,0,0,合併,每年,董事會,"華南永昌綜合證券(股)股務代理部","02-27186425","台北市民生東路四段五十四號四樓","勤業眾信聯合會計師事務所","陳&#34103;旬","張淳儀","YJE","3-3FL.,NO.54,SEC.4,MIN SHENG EAST ROADTAIPEI,TAIWAN,R.O.C.","02-27187995","042@yuanjen.com.tw","http://www.yuanjen.com/","張慶農","協理","(02)27172222","042@yuanjen.com.tw","http://www.yuanjen.com/","http://www.yuanjen.com/05.php?idno=31"
"1726","永記造漆工業股份有限公司","永記","化學工業","－","高雄市小港區沿海三路26、28號","	75137605","張德仁","張豐利","張豐利","總經理","張德仁","07-8713181","1957/05/29","2000/09/11",新台幣                 10.0000元,1620000000,162000000,0,0,合併,每年,股東會,"群益金鼎證券股份有限公司","02-27023999","台北市敦化南路二段97號地下二樓","勤業眾信聯合會計師事務所","劉裕祥","郭麗園","Y.C.P.","No. 26,28, Yanhai 3rd Rd., Xiaogang Dist., Kaohsiung City, TaiwanTAIWAN,R.O.C.","07-8715443","1620@mail.rainbowpaint.com.tw","www.rainbowpaint.com.tw","金安嘉","財務部經理","07-8713181","markchin@mail.rainbowpaint.com.tw","https://www.rainbowpaint.com.tw/ir","https://www.rainbowpaint.com.tw/ir"
"1727","臺灣中華化學工業股份有限公司","中華化","化學工業","－","桃園市觀音區樹林里工業五路15號","	03558206","干文元","干凱恩","干凱恩","總經理","程清安","03-4761266","1956/10/30","2000/09/11",新台幣                 10.0000元,1280195590,128019559,0,0,個別,每年,董事會,"永豐金證券股份有限公司","02-23816288","台北市中正區博愛路17號3樓","大中國際聯合會計師事務所","高國晟","許伯彥","CHCIW","No.15, Gongye 5th Rd., Guanyin Dist., Taoyuan City 328, Taiwan (R.O.C.)TAOYUAN, TAIWAN, R.O.C","03-4761316","chung-hwa@chciw.com.tw","www.chciw.com.tw","干凱恩","總經理","03-4761266-12350","spokesperson@chciw.com.tw","www.chciw.com.tw","www.chciw.com.tw"
"1730","花仙子企業股份有限公司","花仙子","化學工業","－","台北市大同區承德路三段230號13樓","	07708830","蔡心心","王佳郁","王佳郁","副董事長","林秋玲","2592-2860","1983/05/24","2001/09/17",新台幣                 10.0000元,632338510,63233851,0,0,合併,每半會計年度,董事會,"中國信託商業銀行","(02)66365566","台北市重慶南路一段83號五樓","國富浩華聯合會計師事務所","林松樹","張亞荃","FARCENT","13F, NO.230, SEC. 3, CHENGDE RD., DA TONG DIST.TAIPEI, TAIWAN.","2594-4800","lilian@farcent.com.tw","WWW.FARCENT.COM.TW","林秋玲","林秋玲","2592-2860","lilian@farcent.com.tw","https://www.farcent.com.tw/stakeholders","https://www.farcent.com.tw/investors02"
"1731","美吾華股份有限公司","美吾華","生技醫療業","－","台北市復興北路167號5樓","	14089976","李成家","賴育儒","賴育儒","總經理","陳昭明","02-2713-6621","1976/10/01","2001/09/17",新台幣                 10.0000元,1329152440,132915244,0,0,合併,每年,股東會,"福邦證券股份有限公司","02-2371-1658","台北市中正區忠孝西路一段６號６樓","勤業眾信聯合會計師事務所","虞成全","尤盟貴","Maywufa","Fl. 5, No. 167, Fu-shing N. Rd.,Taipei, Taiwan, ROC.","02-2715-2181","ann.chen@maywufa.com.tw","http://www.maywufa.com.tw","陳昭明","財會主管","02-2713-6621#2147","ann.chen@maywufa.com.tw","http://www.maywufa.com.tw/stakeholder.php","http://www.maywufa.com.tw/inventor/board_trustees/board_trustees_member"
"1732","毛寶股份有限公司","毛寶","化學工業","－","新竹縣湖口鄉實踐路19號","	34245356","吳瑞華","陳逸弘","陳宣汝","經理","趙佳玲","(02)8976-2277","1978/12/06","2001/09/17",新台幣                 10.0000元,424439570,42443957,0,0,合併,每年,董事會,"中國信託商業銀行代理部","(02)6636-5566","台北市重慶南路一段八十三號五樓","資誠聯合會計師事務所","馮敏娟","林雅慧","Mao Bao","19F., No. 97,   Sec. 4, Chongsin Rd., Sanchong CityTaipei County, 241, Taiwan (R.O.C.)","(02)8976-2715","iris@maobao.com.tw","www.maobao.com.tw","趙佳玲","經理","02-89762277","tia@maobao.com.tw","https://www.maobao.com.tw/sustainability/itemlist/category/451.html","https://www.maobao.com.tw/investor/itemlist/category/434.html"
"1733","五鼎生物技術股份有限公司","五鼎","生技醫療業","－","新竹科學園區新竹巿力行五路七號","	16130182","沈燕士","沈燕士","吳純慧","管理部副總","朱營祥","03-5641952","1997/12/02","2001/09/17",新台幣                 10.0000元,999501920,99950192,0,0,合併,每年,董事會,"台新綜合證券(股)公司股務代理部","02-25048125","台北市建國北路一段96號地下一樓","勤業眾信會計師事務所","張雅芸","陳明煇","ApexBio","No.7,Li-Hsin Rd.V, Hsinchu Science Park,Hsinchu,Taiwan, ROC","03567-8302","info@apexbio.com","www.apexbio.com.tw","吳純慧","管理部副總","03-5641952","tammywu@apexbio.com","https://www.apexbio.com.tw/Web/IR/contact.php","https://www.apexbio.com.tw/Web/IR/govern.php"
"1734","杏輝藥品工業股份有限公司","杏輝","生技醫療業","－","宜蘭縣冬山鄉中山村中山路八十四號","	42042734","李志文","白友烺","陳至孝","財務長","李宛頻","(03)958-1101","1977/07/02","2002/08/26",新台幣                 10.0000元,1901967740,190196774,0,0,合併,每年,股東會,"永豐金證券(股)公司股務代理部","(02)2381-6288","台北市中正區博愛路17號3樓","國富浩華聯合會計師事務所","張亞荃","林金鳳","SINPHAR　","84 CHUNG SHAN RD.,CHUNG SHAN VILLAGE. ,TUNG-SHAN SHINE , I-LAN  269 , TAIWAN.","(03)9580-187","info@sinphar.com","www.sinphar.com","陳至孝","財務長","02-27603688","info@sinphar.com.tw","https://www.sinphar.com.tw/interested-parties","https://www.sinphar.com.tw/company?page=1"
"1735","日勝化工股份有限公司","日勝化","化學工業","－","南投市南崗工業區工業南二路七號","	23263551","何文杰","黃長澤","吳寶華","行政處協理","何韓任","049-2255357","1989/05/15","2002/08/26",新台幣                 10.0000元,993880000,99388000,0,0,合併,每年,股東會,"凱基證券股份有限公司","02-23148800","台北市重慶南路一段二號四樓","勤業眾信聯合會計師事務所","蔣淑菁","蘇定堅","　　EMC","　　NO.7,INDUSTRIAL  SOUTH 2ND ROAD　　NAN-TOU.TAIWAN,R.O.C.","049-2253912","baohua@twemc.com.tw","www.twemc.com","吳寶華","行政處協理","049-2263551","baohua@twemc.com.tw","www.twemc.com","https://www.twemc.com/"
"1736","喬山健康科技股份有限公司","喬山","運動休閒","－","台中市大雅區東大路二段999號","	52347361","羅崑泉","羅光廷","羅雅芳","副總經理","林靜霓","04-25667100","1975/10/07","2003/01/09",新台幣                 10.0000元,3033946170,303394617,0,0,合併,每年,董事會,"台新證券股務代理部","02-25048125","北市建國北路一段96號B1","安永聯合會計師事務所","柯雅婷","黃子評","JHT　　","No.999, Sec. 2, Dongda Rd., Daya Dist.,Taichung City 428, Taiwan, R.O.C.　　","04-25667534","finance@johnsonfitness.com","https://www.johnsonhealthtech.com/tw/zht","林靜霓","資深經理","04-25667100","elsalin@johnsonfitness.com","https://www.johnsonfitness.com.tw","https://tinylink.info/Y5JP"
"1737","臺鹽實業股份有限公司","臺鹽","食品工業","－","台南市南區健康路一段297號","	89397503","丁彥哲","李杰翰","洪雅萍","副總經理","蘇薇","06-2160688","1995/07/01","2003/11/18",新台幣                 10.0000元,2000000000,200000000,0,0,合併,每年,股東會,"中國信託商業銀行代理部","02-66365566","台北市重慶南路一段83號5樓","安永聯合會計師事務所","姚世傑","胡子仁","Taiyen","No.297, Sec. 1, Chien-Kang Rd., South Dist,Tainan 　TAINAN , TAIWAN , R.O.C.　　","06-2160678","service@tybio.com.tw","https://www.tybio.com.tw/","蘇薇","處長","06-2160688#131","vivian@tybio.com.tw","https://www.tybio.com.tw/taiyen/tw/investors/manage/more11","https://www.tybio.com.tw/taiyen/tw/investors/manage"
"1752","南光化學製藥股份有限公司","南光","生技醫療業","－","台南市新化區中山路1001號","	69275313","陳立賢","陳本松、陳本忠","王桂芬","處長","陳本忠","06-5984121","1973/08/20","2022/01/19",新台幣                 10.0000元,1009884720,100988472,0,0,合併,每年,董事會,"富邦綜合證券(股)公司股務代理部","02-23611300","台北市100中正區許昌街17號11樓","資誠聯合會計師事務所台南所","徐惠榆","葉芳婷","NANG KUANG　　","1001, CHUNG SHAN ROAD, SINHUA  CHEN　　TAINAN  HSIEN  , TAIWAN , R.O.C","06-5981845","nkcp@ms15.hinet.net","http://www.nangkuang.com.tw","王桂芬","處長","(06)5984121#2220","flora@nangkuang.com.tw","https://www.nangkuang.com.tw/?route=article/article&article_id=12","https://www.nangkuang.com.tw/?route=article/investor&investor_id=13"
"1760","寶齡富錦生技股份有限公司","寶齡富錦","生技醫療業","－","台北市南港區園區街3號16F(F棟)","	04742997","張立秋","江宗明","蔡重奇","營管處副總經理","王烽任","02-26558218","1976/01/07","2018/01/23",新台幣                 10.0000元,857390130,85739013,0,0,合併,每年,董事會,"統一綜合證券(股)公司股務代理部","(02)2746-3797","台北市松山區東興路8號地下一樓","安侯建業聯合會計師事務所","呂莉莉","趙敏如","PBF","16F., No.3, Yuanqu St., Nangang DistrictTAIPEI, TAIWAN, R.O.C.","02-26558318","service@pbf.com.tw","http://www.pbf.com.tw","蔡重奇","營管處副總經理","26558218","ir@pbf.com.tw","https://www.pbf.com.tw/environment-social-governance/corporate-social-responsibility/stakeholder/","https://www.pbf.com.tw/environment-social-governance/%E5%85%AC%E5%8F%B8%E6%B2%BB%E7%90%86/"
"1762","中化合成生技股份有限公司","中化生","生技醫療業","－","新北市樹林區東興街一號","	03088704","王謝怡貞","蕭文郁","陳應祈","業務處副總經理","王冠傑","86843318","1964/05/19","2010/12/20",新台幣                 10.0000元,769180000,76918000,0,0,合併,每年,股東會,"元大證券股份有限公司股務代理部","25865859","臺北市大安區敦化南路2段67號地下一樓","資誠聯合會計師事務所","林柏全","謝瑋莉","CCSB","1, TUNG-HSING ST.,SHU-LIN DIST., NEW TAIPEI CITY , TAIWAN","86843202","report@ccsb.com.tw","www.ccsb.com.tw","陳應祈","業務處副總經理","86843318","josephchen@ccsb.com.tw","http://www.ccsb.com.tw/chinese/11_stakeholder/00_overview.aspx","http://www.ccsb.com.tw/chinese/09_ir/04_01list.aspx"
"1773","勝一化工股份有限公司","勝一","化學工業","－","高雄市永安區永工一路5號","	75970680","孫靜源","孫啟發","黃有慶","財務及行政副總經理","王興嘉","07-6219171","1979/01/04","2009/02/27",新台幣                 10.0000元,3000000000,300000000,0,0,合併,每年,股東會,"台新綜合證券(股)公司股務代理部","02-2504-8125","台北市建國北路一段96號B1","國富浩華聯合會計師事務所","李國銘","郭怡伶","SHINY  CHEMICAL","No.5,Yeong Gong 1st Rd,Yeong An Dist.,Kaohsiung 82841,Taiwan,R.O.C.","07-6222620","account@shinychem.com.tw","http://www.shinychem.com.tw/","黃有慶","財務及行政副總經理","07-6219171","hyc@shinychem.com.tw","http://www.shinychem.com.tw/index.php?option=module&lang=cht&task=pageinfo&id=20&index=3","https://www.shinychem.com.tw/index.php?temp=info&lang=cht"
"1776","展宇科技材料股份有限公司","展宇","化學工業","－","新竹縣湖口鄉鳳凰村光復路71號","	47061800","劉漢瀛","趙偉君","廖培宏","財務長","鄭琳鋒","03-5978899","1976/04/24","2016/05/09",新台幣                 10.0000元,601069520,60106952,0,0,合併,每年,董事會,"兆豐證券股份有限公司","02-33930898","100台北市中正區忠孝東路二段95號1樓","勤業眾信聯合會計師事務所","方蘇立","葉東煇","Headway","NO.71, GUANGFU RD., HSINCHU INDUSTRIAL PARK,HUKOU SHIANG,HSINCHU, TAIWAN, R.O.C.","03-5984878","liao@headway.com.tw","https://www.headway.com.tw","廖培宏","財務長","03-5978899#278","liao@headway.com.tw","https://www.headway.com.tw/csr/stakeholder/","https://www.headway.com.tw/corporate_governance/"
"1783","和康生物科技股份有限公司","和康生","生技醫療業","－","桃園市龜山區科技一路88號","	16749811","林詠翔","陳敬亭","陳敬亭","總經理","賴柏宏","03-3287222","1998/12/03","2013/12/20",新台幣                 10.0000元,896801150,89680115,8702040,0,合併,每年,股東會,"元大證券股份有限公司","02-25865859","106臺北市大安區敦化南路2段67號地下一樓","資誠聯合會計師事務所","支秉鈞","賴宗羲","MBI","No.88, Keji 1st Rd., Guishan Dist.,Taoyuan City 333, Taiwan (R.O.C.)","03-3287333","service@mbi.com.tw","www.mbi.com.tw","陳敬亭","總經理","03-3287222","service@mbi.com.tw","https://www.mbi.com.tw/invest51.php?lan=tw","－"
"1786","科妍生物科技股份有限公司","科妍","生技醫療業","－","(806011)高雄市前鎮區南一路1號","	13159100","韓開程","韓台賢","韓台賢","總經理","郭如玲","07-8232258","2001/11/12","2013/11/12",新台幣                 10.0000元,748276410,74827641,0,0,合併,每年,董事會,"宏遠證券股份有限公司","02-2326-8818","台北市信義路四段236號3樓","安永聯合會計師事務所","洪國森","姚世傑","SVBI","1, South 1th Rd., K.E.P.Z.Kaohsiung, Taiwan, R.O.C.","07-8232295","service@scivision.com.tw","www.scivision.com.tw","郭如玲","副總經理","07-8232258","jlkuo@scivisionbiotech.com","https://www.scivision.com.tw/invest?id=122","https://www.scivision.com.tw/invest?id=114"
"1789","台灣神隆股份有限公司","神隆","生技醫療業","－","南部科學園區台南市善化區南科八路一號","	16130161","羅智先","盧麗安","遴選待補","遴選待補","王耀輝","06-5052888","1997/11/11","2011/09/29",新台幣                 10.0000元,7907392220,790739222,0,0,合併,每年,股東會,"統一綜合證券股份有限公司","02-27463797","台北市松山區東興路8號地下1樓","資誠聯合會計師事務所","葉芳婷","徐惠榆","SPT","No. 1 , Nan-Ke 8th Road , Southern Taiwan Science Park, Shan-Hua,Tainan, Taiwan, R.O.C.","06-5052897","investor@scinopharm.com.tw","https://www.scinopharm.com/tw","王耀輝","會計處資深經理","06-5082869","investor@scinopharm.com.tw","https://www.scinopharm.com/tw/esg-detail/channels/","https://www.scinopharm.com/tw/investor-detail/board-of-directors/"
"1795","美時化學製藥股份有限公司","美時","生技醫療業","－","臺北市信義區松仁路277號17樓","	11456110","Vilhelm Robert Wessman","Petar Antonov Vazharov","沈燁","副總經理","曾憲忠","02-27005908","1966/06/30","2019/12/16",新台幣                 10.0000元,2668738120,266873812,0,0,合併,每年,董事會,"中國信託商業銀行(股)公司代理部","02-66365566","台北市中正區重慶南路一段83號5樓","安侯建業聯合會計師事務所","鄭安志","周寶蓮","Lotus Pharm","17F., No.277, SongRen Rd., Xin'yi Dist.Taipei City 110, Taiwan","02-27008286","investor@lotuspharm.com","http://www.lotuspharm.com.tw","曾憲忠","投資人關係主管","02-27005908","investor@lotuspharm.com","https://www.lotuspharm.com.tw/investors/shareholders-services","https://www.lotuspharm.com.tw/investors/corporate-governance"
"1802","台灣玻璃工業股份有限公司","台玻","玻璃陶瓷","－","台北市松山區南京東路三段261號台玻大樓11樓","	11914002","林伯豐","林伯實","林嘉明","財務長","黃毓惠","(02)2713-0333","1964/08/25","1973/07/20",新台幣                 10.0000元,29080608000,2908060800,0,0,合併,每年,股東會,"台灣玻璃工業公司 股務部","27130333#1326","105-405台北市松山區南京東路三段261號8樓","安永聯合會計師事務所","李育儒","黃建澤","TGI","No.261, Sec. 3, Nanjing E. Rd., Songshan Dist.,Taipei City,105-405,Taiwan","(02)2715-0333","tgi@taiwanglass.com","www.taiwanglass.com","林嘉明","財務長","2713-0333","tgi@taiwanglass.com","http://www.taiwanglass.com/information_list.php?langeno=tw&sid=281","https://www.taiwanglass.com/information_list.php?langeno=tw"
"1805","寶徠建設股份有限公司","寶徠","建材營造","－","台北市內湖區新湖一路303號4樓","	12179563","林瑞山","林瑞山","黃文正","財務長","許子芳","02-27915688","1978/06/30","1989/10/20",新台幣                 10.0000元,1349704550,134970455,0,0,合併,每年,董事會,"群益金鼎證券(股)公司股務代理部","02-27023999","台北市大安區敦化南路二段97號B2","安侯建業聯合會計師事務所","潘俊名","陳宗哲","BLG","4F., No. 303, Xinhu 1st Rd., Neihu Dist., Taipei City 114 , Taiwan (R.O.C.)Taipei City 114, Taiwan (R.O.C.)","02-27919289","service＠blgroup.com.tw","https://blgroup.com.tw/","黃瓊慧","副理","02-27915688","anice@blgroup.com.tw","https://blgroup.com.tw/investment","https://blgroup.com.tw/investment"
"1806","冠軍建材股份有限公司","冠軍","玻璃陶瓷","－","苗栗縣竹南鎮大埔里竹篙厝200-7號","	49701774","林榮德","林祐宇","廖蕙儀","財務長","暫缺待補","037-583775","1972/11/24","1992/09/29",新台幣                 10.0000元,3904038700,390403870,0,0,合併,每半會計年度,股東會,"永豐金證券(股)公司股務代理部","02-23816288","台北市博愛路17號3樓","安侯建業聯合會計師事務所","陳宗哲","池世欽","CHAMPION","NO.200-7,Zhugaocuo,Dapu Li 13 Lin,Zhunan Town,Miaoli Hsien,Taiwan,R.O.C","037-583101","wenny@mail.champion.com.tw","http://group.champion.com.tw","廖蕙儀","財務長","037-583775#1101","wenny@mail.champion.com.tw","http://group.champion.com.tw/shareholder","https://group.champion.com.tw/governance"
"1808","潤隆建設股份有限公司","潤隆","建材營造","－","台北市中山區樂群二路267號8樓","	34149369","邱秉澤","林暐鈞","林暐鈞","總經理","盧佳茵","02-8501-5696","1977/01/10","1994/10/26",新台幣                 10.0000元,8930317430,893031743,0,0,合併,每年,董事會,"群益金鼎證券(股)公司股務代理部","02-2702-3999","10601台北市大安區敦化南路二段97號B2","安侯建業聯合會計師事務所","韓沂璉","鄒依芸","RUN LONG","No. 267-8, Lequn 2nd Rd., Zhongshan DistTaipei City 104, Taiwan (R.O.C.)","02-8501-5711","service@runlong.com.tw","www.runlong.com.tw","林暐鈞","總經理","02-8501-5696","ericlin@runlong.com.tw","https://www.runlong.com.tw/stakeholder.php","https://www.runlong.com.tw/stakeholder.php?data_type=governance&page_type=governance"
"1809","中國製釉股份有限公司","中釉","玻璃陶瓷","－","新竹縣竹東鎮中興路四段一三六號","	47056834","蔡憲龍","蔡松祐","張惠純","財務主管","蔡松祐","(03)582-4128","1974/12/06","1996/04/30",新台幣                 10.0000元,1670419370,167041937,0,0,合併,每年,股東會,"福邦證券股份有限公司","(02)23711658","(10041)台北市中正區忠孝西路一段6號6樓","勤業眾信聯合會計師事務所","陳致源","周仕杰","China Glaze","136,Sec.4 Chung Hsing Road,ChutungHsinchu,Taiwan,R.O.C","(03)582-0543","amandachang@mail.china-glaze.com.tw","www.china-glaze.com.tw","張惠純","財務主管","(03)582-4128","amandachang@mail.china-glaze.com.tw","https://www.china-glaze.com.tw/§????H???Y/","https://www.china-glaze.com.tw/???q?v?z/"
"1810","和成欣業股份有限公司","和成","玻璃陶瓷","－","台北市內湖區行善路398號1樓","	03228304","邱立堅","陳世傑","羅月英","協理","林金元","(02)27925511","1963/04/15","1991/10/14",新台幣                 10.0000元,3023037190,302303719,0,0,合併,每年,股東會,"群益金鼎證券股份有限公司","02-27023999","(10601）台北市大安區敦化南路二段97號B2","安侯建業會計師事務所","許淑敏","吳趙仁","HCG","1F., No.398, Xingshan Rd., Neihu Dist., Taipei City 11469, Taiwan (R.O.C.)TAIPEI,TAIWA 11469,R.O.C","(02)27953101","monica@hcgnet.com.tw","www.hcg.com.tw","羅月英","協理","033623105-1110","monica@hcgnet.com.tw","http://www.hcg.com.tw/About/Employee","https://www.hcg.com.tw/tw/investor"
"1817","凱撒衛浴股份有限公司","凱撒衛","玻璃陶瓷","－","新北市三重區興德路111-8號7樓","	22746550","蕭俊祥","陳威志","李清榮","董事長特別助理","朱清立","02-8512-3712","1988/01/26","2013/10/24",新台幣                 10.0000元,726000000,72600000,0,0,合併,每半會計年度,董事會,"福邦證券股份有限公司股務代理部","(02)2371-1658","台北市中正區忠孝西路一段6號6樓","勤業眾信聯合會計師事務所","施錦川","曾建銘","SANITAR","7F., No.111-8, Xingde Rd., Sanchong Dist.New Taipei City 241, Taiwan (R.O.C.)","02-8512-3717","tw_spokesman@caesar.com.tw","http://www.caesar.com.tw/","李清榮","董事長特別助理","0939991817","tw_spokesman@caesar.com.tw","https://www.caesar.com.tw/page/stakeholder","https://www.caesar.com.tw/page/governance-board"
"1903","士林紙業股份有限公司","士紙","造紙工業","－","台北市士林區福德路31號","	11038101","臺實貿易股份有限公司","闕啟文","闕啟文","總經理","林倪如","(02)28811111","1959/09/08","1963/12/09",新台幣                 10.0000元,2600391210,260039121,0,0,合併,每年,股東會,"元大證券股份有限公司股務代理部","(02)2586-5859","(106045)臺北市大安區敦化南路2段67號地下1樓","惠眾聯合會計師事務所","卓敏枝","項文婷","Shihlin Paper","NO.31, Futeh RoadShihlin District,Taipei,Taiwan","(02)28827099","bunnylin@shihlin.com.tw","www.shihlin.com.tw","闕啟文","總經理","(02)28811111","kenneth@shihlin.com.tw","http://www.shihlin.com.tw/stakeholder.html","https://www.shihlin.com.tw/manage.html"
"1904","正隆股份有限公司","正隆","造紙工業","－","板橋區民生路一段一號","	33085508","鄭人銘","張清標","何台桹","副總經理","楊坤洺","02-22225131","1959/02/04","1971/09/10",新台幣                 10.0000元,11082745220,1108274522,0,0,合併,每年,董事會,"本公司財務部股務課","02-22225131","板橋區民生路一段三號三樓","安侯建業聯合會計師事務所","傅泓文","莊鈞維","Cheng Loong","No. 1, Sec .1, Minsheng Rd.Banqiao Dist., New Taipei City, Taiwan","02-22226110","stocks@mail.clc.com.tw","www.clc.com.tw","何台桹","副總經理","02-22225131","spokesperson@mail.clc.com.tw","https://www.clc.com.tw/contact-csr","https://www.clc.com.tw/governance"
"1905","中華紙漿股份有限公司","華紙","造紙工業","－","台北市重慶南路二段51號","	94025264","黃鯤雄","陳瑞和","陳瑞和","總經理","侯思怡","(02)2396-2998","1968/07/05","1975/02/07",新台幣                 10.0000元,11028353160,1102835316,0,0,合併,每年,董事會,"永豐金證券(股)公司股務代理部","(02)23816288","台北市博愛路17號3樓","勤業眾信聯合會計師事務所","許秀明","葉淑娟","CHP","No.51,Sec2,Chung-ching S. RdTAIPEI, TAIWAN","(02)23953755","IR.chp@yfy.com","http://www.chp.com.tw","黃亭雅","專員","(02)2396-2998#1351","IR.chp@yfy.com","http://www.chp.com.tw/responsibility/stakeholders","https://www.chp.com.tw/investors/corporate_governance/1"
"1906","寶隆國際股份有限公司","寶隆","造紙工業","－","雲林縣斗六市十三北路25號","	12030606","李殷佳","田哲森","鍾育廷","財務主任","賴彥合","02-5581-1777","1965/05/20","1976/04/26",新台幣                 10.0000元,1510000000,151000000,0,0,個別,每半會計年度,董事會,"元大證券股份有限公司","02-2586-5859","106臺北市大安區敦化南路2段67號地下一樓","立本台灣聯合會計師事務所","程建憲","陶鴻文","Baolong Intl.","No. 25, Shisan N. Rd., Douliu City,Yunlin County 640106, Taiwan (R.O.C.)","02-5581-1778","invest@baolongintl.com","www.baolongintl.com","鍾育廷","主任","02-5581-1777#556","t0094@baolongintl.com","http://www.baolongintl.com/B4001.asp","https://www.baolongintl.com/B1005.asp"
"1907","永豐餘投資控股股份有限公司","永豐餘","造紙工業","－","台北市重慶南路二段51號","	85066002","葉惠青","駱秉正","駱秉正","總經理","--","02-23968020","1950/02/20","1977/02/22",新台幣                 10.0000元,16603714950,1660371495,0,0,合併,每年,董事會,"永豐金證券(股)公司股務代理部","(02)2381-6288","台北市中正區博愛路17號3樓","勤業眾信聯合會計師事務所","葉淑娟","邵志明","YFY","51,Sec.2,Chung Ching South RoadTaipei,Taiwan,R.O.C.","02-23215940","IR@yfy.com","www.yfy.com","莊雁婷","經理","02-23968020#1139","IR@yfy.com","https://esg.yfy.com/zh-tw/stakeholder","https://esg.yfy.com/zh-tw"
"1909","榮成紙業股份有限公司","榮成","造紙工業","－","彰化縣二林鎮廣興里廣興巷1-1號","	34202841","鄭瑛彬","吳國禎","林器暉","經理","徐維澤","02-5581-1777","1978/03/18","1985/11/19",新台幣                 10.0000元,13276857270,1327685727,0,0,合併,每半會計年度,董事會,"元大證券股份有限公司","02-2586-5859","106臺北市大安區敦化南路2段67號地下一樓","立本台灣聯合會計師事務所","張宜鈞","程建憲","Longchen P&P","No. 1-1, Guangxing Ln, Guangxing Vil, Erlin TownshipChanghua County 526002, Taiwan (R.O.C.)","02-5581-1778","ir@longchenpaper.com","https://www.longchenpaper.com","徐維澤","資深經理","02-5581-1777","ir@longchenpaper.com","https://www.longchenpaper.com/B7001.asp","https://www.longchenpaper.com/B6004.asp"
"2002","中國鋼鐵股份有限公司","中鋼","鋼鐵工業","－","高雄市小港區中鋼路1號","	30414175","黃建智","陳守道","劉宏義","執行副總經理","楊岳崑等8位","07-8021111","1971/12/03","1974/12/26",新台幣                 10.0000元,157731289960,15734860997,0,38267999,合併,每年,股東會,"凱基證券股份有限公司","02-23892999","台北市重慶南路1段2號5樓","勤業眾信聯合會計師事務所","郭麗園","柯志賢","CSC","No.1,Chung Kang RoadKaohsiung Taiwan, R.O.C","07-8022511","f1000@mail.csc.com.tw","http://www.csc.com.tw","甄友薇","管理師","0800-746-006","f1000@mail.csc.com.tw","https://www.csc.com.tw/csc/allContact.html","https://www.csc.com.tw/csc/cg/cg.html"
"2006","東和鋼鐵企業股份有限公司","東和鋼鐵","鋼鐵工業","－","台北市長安東路一段九號六樓","	75280209","侯傑騰","黃炳樺","陳俊良","總經理室經理","何如玉ˋ郭淑媚","(02)2551-1100","1962/05/30","1988/07/13",新台幣                 10.0000元,7302138180,730213818,0,0,合併,每年,董事會,"元大證券(股)公司股務代理部","(02)2586-5859","臺北市大安區敦化南路2段67號地下一樓","安侯建業聯合會計師事務所","張肇文","郭欣頤","Tung Ho Steel","6Fl., 9, Sec. 1, Chang An E.Rd.Taipei City, Taiwan, R.O.C.","(02)2568-1663","thsinformation@tunghosteel.com","www.tunghosteel.com","陳俊良","總經理室經理","(02)2551-1100*588","thscontact@tunghosteel.com","https://www.tunghosteel.com/csr/investment","https://www.tunghosteel.com/investors/member"
"2007","燁興企業股份有限公司","燁興","鋼鐵工業","－","高雄市岡山區白米里寶米路369號","	75992214","吳林茂","黃傳祥","黃傳祥","總經理","尤景生","(07)6111111","1978/07/18","1988/10/04",新台幣                 10.0000元,5306516130,530651613,361185683,0,個別,每年,董事會,"燁興公司台北股務課","(02)2395-6780","台北市北平東路30號15樓","國富浩華聯合會計師事務所","黃致富","黃鈴雯","YH","No.369,Baomi Rd.,Baimi Village,Gangshan Dist.,Kaohsiung City 82053, Taiwan (R.O.C.)","(07)-6256758","yh001@yheco.com.tw","http://www.yheco.com.tw","尤景生","財務副總經理","(07)6111111-530","yh002@yheco.com.tw","http://www.yheco.com.tw/Interest_Relation.asp","http://www.yheco.com.tw/index.asp"
"2008","高興昌鋼鐵股份有限公司","高興昌","鋼鐵工業","－","高雄市中華一路318號","	75466009","呂泰榮","勝呂榮峰","徐邦峰","鋼管部經理","郭建宏","07-5556111","1966/01/15","1988/12/28",新台幣                 10.0000元,1908522930,190852293,0,0,個別,每年,股東會,"高興昌鋼鐵股份有限公司","02-25536052","台北市涼州街62號","安侯建業聯合會計師事務所","陳永祥","高鈺倫","KHC","NO.318 CHUNG HUA IST ROADKAOHSIUNG ,804, TAIWAN, R.O.C","07-5543798","acct12@khc.com.tw","www.khc.com.tw","郭建宏","鋼管部副理","07-5556147","sale01@khc.com.tw","www.khc.com.tw","www.khc.com.tw"
"2009","第一伸銅科技股份有限公司","第一銅","鋼鐵工業","－","高雄巿前金區中正四路170號4樓","	82001528","王宏仁","洪茂陽","洪茂陽","總經理","劉秀美","07-2814161","1969/07/28","1989/10/20",新台幣                 10.0000元,3596221650,359622165,0,0,個別,每年,股東會,"本公司股務課","02-27717611","台北巿中山區南京東路三段210號11樓","安侯建業聯合會計師事務所","陳永祥","蘇彥達","FCC","170,CHUNG CHENG 4TH ROAD,KAOHSIUNG,TAIWAN,R.O.C.","07-2818871","he520@hegroup.com.tw","http://www.fcht.com.tw","劉秀美","管理部副總經理","07-2814161","misherr@hegroup.com.tw","http://www.fcht.com.tw/index.php?option=module&lang=cht&task=pageinfo&id=217&index=2","https://www.fcht.com.tw/index.php?option=module&lang=cht&task=showlist&id=31&index=1"
"2010","春源鋼鐵工業股份有限公司","春源","鋼鐵工業","－","台北市復興北路502號7樓","	11529802","蔡錫儀","洪士民","洪士民","總經理","謝玉霞","(02)2501-8111","1966/01/07","1989/12/22",新台幣                 10.0000元,6476553900,647655390,0,0,合併,每年,董事會,"春源鋼鐵工業股份有限公司財務部","(02)2501-8111","台北市復興北路502號4樓股務辦公室","國富浩華聯合會計師事務所","王戊昌","陳桂美","CHUN YUAN STEEL","7FL, NO.502, FU HSING NORTH ROADTAIPEI, TAIWAN, R.O.C","(02)2505-5390","ak500@cysco.com.tw","http://www.cysco.com.tw/","張淑凱","管理師","(02)25018111#2298","chang@cysco.com.tw","https://www.cysco.com.tw/stakeholders-page103","https://www.cysco.com.tw/investorzone-71-119-page99"
"2012","春雨工廠股份有限公司","春雨","鋼鐵工業","－","高雄市岡山區大寶街100號(總部地址:高雄市岡山區新樂街169號)","	88187108","翁重鈞","吳居諺","吳居諺","總經理","蘇憲明","07-6214121","1965/03/27","1991/10/17",新台幣                 10.0000元,3021627000,302162700,0,0,合併,每半會計年度,董事會,"康和綜合證券股份有限公司","(02)8787-1118","台北市信義區基隆路一段176號B1","資誠聯合會計師事務所","田中玉","徐惠榆","CHUN YU","100, TA-PAO ST. KANGSHANKAOHSIUNG, TAIWAN, R.O.C.","07-6223256","ir@chunyu.com.tw","www.chunyu.com.tw","吳居諺","總經理","07-6214121","ir@chunyu.com.tw","www.chunyu.com.tw","https://www.chunyu.com.tw/"
"2013","中國鋼鐵結構股份有限公司","中鋼構","鋼鐵工業","－","高雄市燕巢區中興路500號","	85800192","陳瑞騰","黃源章","王永志","財務處處長","林金瞳","07-6168688","1978/02/24","1992/01/21",新台幣                 10.0000元,2000000000,200000000,0,0,合併,每年,股東會,"中國信託商業銀行代理部","02-66365566","台北市重慶南路一段83號5樓","勤業眾信聯合會計師事務所","郭麗園","王兆群","CSSC","No.500, Zhongxing Rd., Yanchao Dist.,Kaohsiung, Taiwan, R.O.C.","07-6168680","9977@cssc.com.tw","www.cssc.com.tw","王永志","財務處處長","07-6168688  ext.2100","9977@cssc.com.tw","https://csr.cssc.com.tw/cssc_csr/ch1_04_stakeholders.php","https://www.cssc.com.tw/governance/index.htm"
"2014","中鴻鋼鐵股份有限公司","中鴻","鋼鐵工業","－","825高雄市橋頭區芋寮路317號","	07838854","朱敏","王輔良","黃紋萍","行政副總經理","林俊廷 業務副總經理","07-6117171","1983/09/29","1992/02/20",新台幣                 10.0000元,14355444460,1435544446,0,0,合併,每年,股東會,"凱基證券股份有限公司","02-23892999","100台北市重慶南路一段2號5樓","勤業眾信聯合會計師事務所","郭麗園","楊朝欽","CHUNG HUNG","317,Yu-Liao RD. Chiao Tou DistrictKaohsiung City 825,Taiwan,R.O.C.","07-6110594","chs@chsteel.com.tw","http://www.chsteel.com.tw","黃紋萍","行政副總經理","(07)6118244","chscontact@chsteel.com.tw","https://www.chsteel.com.tw/sh/Int.html","https://www.chsteel.com.tw/cg/cg_law.html"
"2015","豐興鋼鐵股份有限公司","豐興","鋼鐵工業","－","台中市后里區甲后路一段998號","	55389357","林大鈞","林永源","成德懿","行政部協理","莊文哲","(04)25565101","1969/01/07","1992/05/25",新台幣                 10.0000元,5815994240,581599424,0,0,合併,每年,董事會,"中國信託商業銀行代理部","(02)6636-5566","台北市重慶南路一段83號5樓","安永聯合會計師事務所","黃靖雅","柯雅婷","FH","No.998,Sec.1,Jiahou Rd.,Houli Dist.,Taichung City 421,Taiwan(R.O.C)Taichung Taiwan,R.O.C","(04)25581334","fha20@ms22.hinet.net","www.fenghsin.com.tw","成德懿","行政部協理","(04)25565101","dycheng@fenghsin.com.tw","http://www.fenghsin.com.tw/investor.html","https://www.fenghsin.com.tw/governance.html"
"2017","官田鋼鐵股份有限公司","官田鋼","鋼鐵工業","－","台南市南區新建路47號4樓","	72065240","汪振澤","謝政成","陳重憲","副董事長","胡碧珊","06-2643888","1973/07/28","1992/11/02",新台幣                 10.0000元,4468746910,446874691,0,0,合併,每年,股東會,"統一綜合證券股份有限公司","02-27463797","105台北市松山區東興路8號B1樓","勤業眾信會計師事務所","廖鴻儒","楊朝欽","Quintain Steel","4F., NO.47, Xinjian Rd., South Distruct,Tainan City , Taiwan, R.O.C.","06-2641789","audit@quintain.com.tw","www.quintain.com.tw","陳重憲","副董事長","06-2643888","hrd@quintain.com.tw","https://www.quintain.com.tw/zh-TW/pages/§Q?`???Y?H·??q±?§?","https://www.quintain.com.tw/zh-TW/pages/???q?v?z???????o?i?e??·|"
"2020","美亞鋼管廠股份有限公司","美亞","鋼鐵工業","－","台北市中山區民權東路3段二之1號12樓","	44680700","黃春發","蕭敏志","陳叔永","協理","李慧文","(02)2509-1199","1959/09/29","1993/04/27",新台幣                 10.0000元,2670313200,267031320,0,0,合併,每年,董事會,"國票綜合證券股份有限公司","(02)2528-8988","(105411)台北市松山區南京東路五段188號15樓","國富浩華聯合會計師事務所","林春枝","吳孟達","MAYER PIPE","12F.,NO.2-1,SEC.3,MINCHUAN EAST ROADTAIPEI TAIWAN R.O.C.","(02)2517-1100","roy.wang@Mayergroup.com.tw","http://www.mayer.com.tw","陳叔永","協理","(02)2509-1199#2118","jeffery.chen@mayergroup.com.tw","http://www.mayer.com.tw/2015/01/blog-post.html","https://www.mayer.com.tw/zh-tw/governance"
"2022","聚亨企業股份有限公司","聚亨","鋼鐵工業","－","高雄市岡山區新樂街79-1號","	79841479","黃文松","呂艷娟","王敏華","經理","張文惠","07-6212191","1980/12/03","1995/03/27",新台幣                 10.0000元,3371681380,337168138,0,0,合併,每年,股東會,"福邦證券股份有限公司","02-23711658","台北市中正區忠孝西路一段6號6樓","安永聯合會計師事務所","陳政初","李芳文","TYCOONS","79-1 SHIN-LO STREET KANGSHANKAOHSIUNG CITY TAIWAN,R.O.C.","07-6230159","tycoons@mail.tycons.com.tw","www.tycons.com.tw","王敏華","經理","07-6212191","tycoons@ms4.hinet.net","http://www.tycons.com.tw/serviceslist.aspx?id=57","https://www.tycons.com.tw/index.php?option=module&lang=cht&task=showlist&id=60&index=4"
"2023","燁輝企業股份有限公司","燁輝","鋼鐵工業","－","高雄市橋頭區芋寮路369號","	75947936","林義守","張振武","田文中","助理副總經理","黃茂烈","(07)611-7181","1978/04/14","1995/07/28",新台幣                 10.0000元,18762402140,1876240214,0,0,合併,每年,董事會,"燁輝企業股份有限公司股東服務課","(02)2395-6780","台北市北平東路30號15樓","國富浩華聯合會計師事務所","郭怡伶","黃鈴雯","YP","No. 369, Yuliao Road, Qiaotou DistrictKaohsiung City 82544, Taiwan (R.O.C.)","(07)612-3720","stock@yiehphui.com.tw","http://www.yiehphui.com.tw","黃茂烈","協理","07-6117042","stock@yiehphui.com.tw","http://www.yiehphui.com.tw","https://www.yiehphui.com.tw/content.php?id=AR201512030001"
"2024","志聯工業股份有限公司","志聯","鋼鐵工業","－","桃園市新屋區中興路480號","	43633504","潘仲良","林信安(代理)","林信安","副總經理","黃柏翰","(03)4772797","1973/09/03","1995/12/30",新台幣                 10.0000元,975000000,97500000,0,0,個別,每年,股東會,"群益金鼎證券股份有限公司","(02)27023999","台北市大安區敦化南路二段97號B2","安侯建業聯合會計師事務所","黃采絹","吳仲舜","CHIH LIEN","NO.480,CHUNG SHING  RD.SHIN WU DISTRICT,TAO-YUAN CITY TAIWAN,R.O.C.","(03)4770875","allen@mail.chihlien.com.tw","http://www.chihlien.com.tw","林信安","副總經理","(03)4772797","andylin@mail.chihlien.com.tw","http://www.chihlien.com.tw","https://www.chihlien.com.tw/gov.html"
"2025","千興不銹鋼(股)公司","千興","鋼鐵工業","－","台南市麻豆區工業路222號","	70005915","魏福全","邱麗雲","魏福全","董事長","邱麗雲","(06)5703271","1972/05/08","1996/02/08",新台幣                 10.0000元,1726605360,172660536,0,0,個別,每年,股東會,"統一綜合證券股份有限公司","02-2747-8266","臺北市松山區東興路8號地下1樓","勤業眾信聯合會計師事務所","廖鴻儒","李季珍","CSSSC","NO.222,INDUSTRY ROAD,MATOUTAINAN,TAIWAN,R.O.C","(06)5700296","service@msa.csssc.com.tw","www.csssc.com.tw","邱麗雲","總經理","(06)5703271#106","chliyutw@msa.csssc.com.tw","http://www.csssc.com.tw/tw/about_stakeholder.htm","http://www.csssc.com.tw/tw/about_us_governance.html"
"2027","大成不銹鋼工業股份有限公司","大成鋼","鋼鐵工業","－","台南市仁德區新田二街125號","	22318348","謝麗雲","謝榮坤","林炳文","經理","張地金","06-2701756","1986/11/27","1996/10/24",新台幣                 10.0000元,25842606150,2584260615,0,0,合併,每年,股東會,"統一綜合證券股份有限公司","02-27463797","台北市東興路8號地下一樓","勤業眾信聯合會計師事務所","李季珍","吳長駿","TC","No.125, HSIN TIEN 2ND ST., HSIN-TIENJENG-TEN, TAINAN, TAIWAN, R.O.C.","06-2706354","iris@tachen.com.tw","www.tachen.com.tw","林炳文","經理","06-2701756#6007","leuis@tachen.com.tw","www.tachen.com.tw/download/contact.pdf","https://www.tachen.com.tw/TCITaiwan.asp"
"2028","威致鋼鐵工業股份有限公司","威致","鋼鐵工業","－","台南市官田區南部里南部123號","	69771636","郭素惠","郭素惠","郭素惠","總經理","林華章","06-5790213","1982/10/27","1996/12/13",新台幣                 10.0000元,3257148000,325714800,0,0,個別,每季,董事會,"福邦證券股份有限公司","02-2371-1658","台北市中正區忠孝西路一段6號6樓","國富浩華聯合會計師事務所","李國銘","蔡淑滿","WEI CHIH","NO.123, Nan Pu Village, Kuan Tien District,Tainan City, Taiwan, R.O.C","06-5790441","ws002@ms29.hinet.net","www.weichih.com.tw","邱燕如","副理","06-5790213  #204","ws002@ms29.hinet.net","http://www.weichih.com.tw/stakeholder.php","http://www.weichih.com.tw/spic3_2.php"
"2029","盛餘股份有限公司","盛餘","鋼鐵工業","－","高雄市小港區中林路11號","	79837539","樽宮浩一","洪世強","洪世強","總經理","吳明鴻,陳景熙","(07)871-9000","1973/05/19","1997/01/11",新台幣                 10.0000元,3211800000,321180000,0,0,合併,每年,董事會,"台新綜合證券股務代理部","(02)2504-8125","台北市建國北路一段96號地下一樓","勤業眾信聯合會計師事務所","陳秀雯","郭麗園","SYSCO","No.11, Chung Lin Rd., Hsiao Kang,Kaohsiung, 81260 Taiwan, R.O.C.","(07)871-8014","fa@shengyusteel.com","www.shengyusteel.com","郭泓志","營業企劃處處長","(07)8715552","k_kuo@shengyusteel.com","https://www.shengyusteel.com/main/concern.aspx","https://www.shengyusteel.com/main/gover.aspx"
"2030","彰源企業股份有限公司","彰源","鋼鐵工業","－","雲林縣斗六市工業區工業路122號","	60330130","張炳耀","張炳耀","張鑫達","副董事長","廖葵玲","886-5-5571668","1984/10/05","1998/12/24",新台幣                 10.0000元,2805260270,280526027,0,0,合併,每年,股東會,"凱基證券股份有限公司","02-23148800","臺北市重慶南路一段2號5樓","勤業眾信聯合會計師事務所","許瑞隆","吳少君","FROCH","No.122 Industrial RoadTou-Liu City Yun-Lin Taiwan R.O.C","886-5-5571665","investors@froch.com","www.froch.com","張鑫達","副董事長","05-5571668","hsin-ta.chang@froch.com","http://www.froch.com/TCHI/Stakeholders.php","http://www.froch.com/TCHI/Corporate_Governance.php?"
"2031","新光鋼鐵股份有限公司","新光鋼","鋼鐵工業","－","新北市三重區重新路4段97號25樓","	35836625","粟明德","曾明山","劉百慧","副總經理","林泰淵","02-2978-8888","1967/01/01","2000/09/11",新台幣                 10.0000元,3211463410,321146341,0,0,合併,每年,董事會,"統一綜合證券股份有限公司","02-2746-3797","台北市東興路八號地下一樓","勤業眾信聯合會計師事務所","褚世蘭","虞成全","Hkssteel","25FL,.No.97,SEC.4,Chung-Sing RD.,San-Chung City,Taipei  Taiwan R.O.C","02-2978-3168","hkssteel@ms4.hinet.net","www.hkssteel.com.tw","劉百慧","副總經理","02-2978-8888-2281","irp_mail@hksteel.com.tw","https://www.hkssteel.com.tw/#","https://www.hkssteel.com.tw/cg_sup.html"
"2032","新鋼工業股份有限公司","新鋼","鋼鐵工業","－","新北市新莊區大安路8號","	34008635","蔡政廷","成主賜","成主賜","總經理","陳品誠","02-22020152","1971/07/10","2000/09/11",新台幣                 10.0000元,1305215450,130521545,0,0,個別,每年,董事會,"永豐金證券股份有限公司股代部","02-23816288","北市博愛路17號3F","國富浩華聯合會計師事務所","林志隆","王戊昌","Sinkang","No.8, Dah An Road., Xinzhuang Dist.,New Taipei City242 , TaiwanR.O.C.","02-22059856","sinkang@sinkang.com.tw","www.sinkang.com.tw","陳品誠","副理","02-22020152#2006","PCCHEN@sinkang.com.tw","https://www.sinkang.com.tw/investor-67","https://www.sinkang.com.tw/company"
"2033","佳大世界股份有限公司","佳大","鋼鐵工業","－","台南市永康區永運五路2號","	72072615","吳大和","陳正平","王秋月","財務主管","曾科誠","(06)253-3117","1973/04/23","2000/09/11",新台幣                 10.0000元,806945360,80694536,0,0,個別,每年,股東會,"元大證券公司股務代理部","(02)25863117","臺北市大安區敦化南路2段67號地下一樓","南台聯合會計師事務所","張太元","陳美蓉","CHIA TA","No. 2, Yongyun 5th Rd., Yongkang Dist., Tainan City , Taiwan (R.O.C.)TAINAN CITY TAIWAN.","(06)253-7301","r2533117@ms14.hinet.net","http://www.ctworld.com.tw/","王秋月","財務主管","06-2533117","r2533117@ms14.hinet.net","http://www.ctworld.com.tw/%E5%88%A9%E5%AE%B3%E9%97%9C%E4%BF%82%E4%BA%BA%E5%B0%88%E5%8D%80.html","http://www.ctworld.com.tw/%E5%85%AC%E5%8F%B8%E6%B2%BB%E7%90%86%E5%B0%88%E5%8D%80.html"
"2034","允強實業股份有限公司","允強","鋼鐵工業","－","彰化縣溪州鄉舊眉村中山路四段二七０號","	59068700","張金鈺","張金鈺","李兆青","財務主管","倪士鈞","04-889-9666","1973/01/31","2001/09/17",新台幣                 10.0000元,5289955890,528995589,0,0,合併,每年,股東會,"永豐金證券(股)公司股務代理部","02-2381-6288","台北市中正區博愛路17號3樓","勤業眾信聯合會計師事務所","吳麗冬","劉力維","YC","No.270,Sec.4,Jungshan Rd.,Shijou Township,Chang-Hwa,Taiwan","04-889-9766","yf@ycinox.com","http://www.ycinox.com","李兆青","財務主管","04-889-9776","joe.lee@ycinox.com","http://www.ycinox.com","https://www.ycinox.com/tw/ir/ir-249"
"2038","海光企業股份有限公司","海光","鋼鐵工業","－","高雄市小港區沿海二路12號","	75470524","黃韋翰","黃燦明","楊建璋","執行副總經理","吳郁慧","(07)8021011","1969/03/21","2008/12/30",新台幣                 10.0000元,1941343030,194134303,0,0,合併,每年,股東會,"兆豐證券股份有限公司","02-33930898","台北市忠孝東路二段95號1樓","勤業眾信聯合會計師事務所","王兆群","吳長駿","HAIKWANG　　","12, YEN HAI 2ND ROAD, 　　KAOHSIUNG, TAIWAN, R.O.C.　　","(07)8022030","hk1244@haikwang.com.tw","www.haikwang.com.tw","楊建璋","執行副總經理","07-8021011-220","hk1244@haikwang.com.tw","https://web.hocom.tw/h/DataDetail?key=986075855303&cont=332623","https://www.haikwang.com.tw/h/Data?key=986075855303&set=10&cat=87204"
"2049","上銀科技股份有限公司","上銀","電機機械","－","台中市南屯區文山里精科路7號","	23503047","卓文恒","蔡惠卿","廖克皇","副總經理","吳月琴","04-23594510","1989/10/11","2009/06/26",新台幣                 10.0000元,3537922400,353792240,0,0,合併,每年,董事會,"元大證券股份有限公司","02-25865859","臺北市大安區敦化南路2段67號地下一樓","勤業眾信聯合會計師事務所","吳麗冬","顏曉芳","HIWIN","NO. 7,Jingke Road.,Nantun District.,Taichung 408 ,Taiwan 　　Taichung,Taiwan　","04-23594420","ir@hiwin.tw","http://www.hiwin.tw","廖克皇","副總經理","04-23594510#1332","LEOLIAO@HIWIN.TW","http://www.hiwin.tw","https://www.hiwin.tw/stock/organization.aspx"
"2059","川湖科技股份有限公司","川湖","電子零組件業","－","高雄市路竹區順安路275巷136號","	22274989","林聰吉","林淑珍","王俊強","執行副總","蔡秋貞","(07)9599688","1986/09/22","2008/06/25",新台幣                 10.0000元,952970720,95297072,0,0,合併,每年,股東會,"中國信託商業銀行代理部","(02)6636-5566","台北市中正區重慶南路1段83號5樓","勤業眾信聯合會計師事務所","陳珍麗","張慈媛","king slide　","No. 136, Lane 275, Shun An Rd, Lu Chu District,Kaohsiung City, Taiwan R.O.C","(07)6967018","ir@kingslide.com","http://www.kingslide.com","王聖為","投資人關係","(07)9761688分機7125","ir@kingslide.com","https://www.kingslide.com/csr_stakeholders_stakeholder","https://www.kingslide.com/investor_manage_directors"
"2062","橋椿金屬股份有限公司","橋椿","居家生活","－","中部科學園區臺中市大雅區科雅路11號","	59353423","楊慶祺","楊慶祺","吳永富","財務處協理","林美慧","04-22582062","1984/07/09","2007/11/16",新台幣                 10.0000元,1999941520,199994152,0,0,合併,每年,董事會,"元大證券股份有限公司","(02)2586-5859","臺北市大安區敦化南路2段67號地下一樓","勤業眾信聯合會計師事務所","吳少君","許瑞隆","SSM","NO.11, KEYA RD., TAICHUNG SCIENCE PARKTaichung City,Taiwan R.O.C.","04-25658889","ir@sunspring.com.tw","http://www.sunspring.com.tw","吳永富","協理","04-22582062","ir@sunspring.com.tw","www.sunspring.com.tw","www.sunspring.com/stock.html"
"2069","運錩鋼鐵股份有限公司","運錩","鋼鐵工業","－","高雄市前金區中正四路235號13樓之1","	22533297","顏德和","顏德和","朱培誠","財會部協理","張云&#28702;","(07)969-5858","1987/07/24","2016/03/22",新台幣                 10.0000元,1663868360,166386836,0,0,合併,每年,股東會,"台新證券股務代理部","(02)2504-8125","台北市建國北路一段96號地下一樓","勤業眾信聯合會計師事務所","許凱甯","張慈媛","YC","13F, NO 235, JUNGJENG 4TH ROAD, CHIANJIN CHIUKAOHSIUNG, TAIWAN","(07)968-5768","info@yuenchang.com.tw","www.yuenchang.com.tw","黃雅嵐","副理","(07)9695858#138","landy@yuenchang.com.tw","www.yuenchang.com.tw/zh-TW/stakeholder","https://www.yuenchang.com.tw/zh-TW/governance01"
"2072","世紀離岸風電設備股份有限公司","世紀風電","綠能環保","－","新北市八里區下罟里5鄰中山路3段388之5號","	69651695","賴文祥","余俊緯","賴宣邠","業務副總","王金火","02-89798698","2017/05/15","2026/03/26",新台幣                 10.0000元,1920000000,192000000,0,0,合併,每年,董事會,"群益金鼎證券股份有限公司","(02)2702-3999","台北市大安區敦化南路二段97號B2","安永聯合會計師事務所","林政緯","陳國帥","CWP","No. 388-5, Sec. 3, Zhongshan Rd., Bali Dist., New Taipei City 249001, TaiwanNEW TAIPEI, TAIWAN","02-89798702","ir@cwptw.com","www.cwptw.com","賴宣邠","業務副總","02-8979-8698","ir@cwptw.com","http://www.cwptw.com/tw/duty/68/","－"
"2101","南港輪胎股份有限公司","南港","橡膠工業","－","台北市大安區仁愛路三段136號6樓608室","	11520909","郭林諒","林君穎","郭美航","財務部協理","鄧成華","27071000","1959/02/25","1963/11/01",新台幣                 10.0000元,7339349040,733934904,0,0,合併,每半會計年度,董事會,"元大證券股份有限公司","(02)2586-5859","106045臺北市大安區敦化南路2段67號地下一樓","正風聯合會計師事務所","彭莉真","林啟平","NK","SUITE 608,FL.6,NO.136,SEC.3,JEN AI ROAD,TAIPEI.TAIWAN,R.O.C.","27065993","nk-taiwan@nankang.com.tw","https://www.nankang-tyre.com/","郭美航","財務部協理","27071000#215","meihang@nankang.com.tw","https://www.nankang-tyre.com/","https://www.nankang-tyre.com/investors/corporate_governance"
"2102","泰豐輪胎股份有限公司","泰豐","橡膠工業","－","桃園市中壢區環北路398號2樓之2","	44721408","郭林諒","鍾政諺","呂新義","副總經理","李信諭","03-4522156","1955/11/23","1979/07/16",新台幣                 10.0000元,4733292070,473329207,0,0,合併,每半會計年度,董事會,"元大證券股份有限公司","02-2586-5859","台北市大安區敦化南路二段67號B1","正風聯合會計師事務所","彭莉真","林啟平","FEDERAL CORP","2 F.-2, No. 398, Huanbei Rd., Zhongli DistTaoyuan City 320675, Taiwan (R.O.C.)","03-4616357","hylu@federaltire.com.tw","https://federalcorporation.com.tw","呂新義","副總經理","03-4522156#13000","hylu@federaltire.com.tw","https://federalcorporation.com.tw/tc/Stakeholder.php","https://federalcorporation.com.tw/tc/Corporate_Governance.php"
"2103","台橡股份有限公司","台橡","橡膠工業","－","高雄市大社區興工路2號","	03553737","殷琪","蔡偉強","王文淵","副總經理","吳明憶","07-3513811","1973/11/22","1982/09/25",新台幣                 10.0000元,8257099780,825709978,0,0,合併,每年,董事會,"永豐金證券股份有限公司","02-23816288","台北市博愛路17號3樓","勤業眾信聯合會計師事務所","龔則立","郭麗園","TSRC","No.2, Singgong Rd., Dashe Dist.,Kaohsiung City 815, Taiwan, R.O.C.","07-3514705","spokesman@tsrc-global.com","www.tsrc.com.tw","吳明憶","資深協理","02-37016109","mingyi.wu@tsrc-global.com","https://www.tsrc.com.tw/tw/sustainability/stakeholders/","https://www.tsrc.com.tw/tw/investor-relations/corporate-governance/"
"2104","國際中橡投資控股股份有限公司","國際中橡","橡膠工業","－","台北市中山北路二段113號8樓","	04382114","辜公怡","李超儒","李超儒","總經理","李佳紋","02-2531-6556","1973/06/15","1986/07/15",新台幣                 10.0000元,9847336250,984733625,0,0,合併,每年,股東會,"中國信託商業銀行代理部","02-6636-5566","台北市重慶南路一段83號5樓","勤業眾信聯合會計師事務所","吳美慧","龔則立","CSRC","8th Fl., No.113, Section 2, Zhongshan N. RoadTaipei 104, Taiwan. R.O.C.","02-25316558","stanlee@csrcgroup.com","http://www.csrcgroup.com","陳業鵬","資深管理師","02-25316556","csrcir@csrcgroup.com","http://www.csrcgroup.com","https://www.csrcgroup.com/governanceTw1-1-1.html"
"2105","正新橡膠工業股份有限公司","正新","橡膠工業","－","彰化縣大村鄉黃厝村美港路215號","	59504506","羅才仁","羅元隆","羅永勵","財務部副總經理","廖正耀","(04)8525151","1969/12/19","1987/12/07",新台幣                 10.0000元,32414155360,3241415536,0,0,合併,每年,董事會,"元大證券股份有限公司股務代理部","(02)25865859","臺北市大安區敦化南路2段67號地下一樓","資誠聯合會計師事務所","徐聖忠","王玉娟","CST","215MEEI-KONG RD, TA-TSUNCHANG-HWA, TAIWAN","(04)8526468","CST001@MS1.HINET.NET","WWW.CST.COM.TW","羅永勵","財務部副總經理","048525151#715","yllo@tw.maxxis.com","https://www.cst.com.tw/shareholder_10.php","https://www.cst.com.tw/shareholder_9.php"
"2106","建大工業股份有限公司","建大","橡膠工業","－","彰化縣員林市中山路一段一四六號","	59619900","楊&#21843;仁","林建良","劉桂君","協理","楊雅婷","04-8345171","1962/03/30","1990/12/20",新台幣                 10.0000元,9548900000,954890000,0,0,合併,每年,董事會,"中信銀代理部","02-66365566","台北市重慶南路一段八十三號五樓","勤業眾信聯合會計師事務所","蔣淑菁","張麗君","KENDA","No.146,Sec.1, Chung Shan Road, Yuan-LinTaiwan, R.O.C","04-8331865","f1300@kenda.com.tw","http://www.kendatire.com","劉桂君","協理","04-8345171-310","chun@kenda.com.tw","https://www.esg.kenda.com.tw/%E6%B0%B8%E7%BA%8C%E7%99%BC%E5%B1%95","https://www.esg.kenda.com.tw/%E5%85%AC%E5%8F%B8%E6%B2%BB%E7%90%86-1"
"2107","厚生股份有限公司","厚生","橡膠工業","－","臺北市漢口街一段82號8樓","	03283306","徐正材","徐正己","黃慧女闌","協理","鄭勝元","(02)23700988","1963/01/22","1992/03/03",新台幣                 10.0000元,3035934000,303593400,0,0,合併,每年,董事會,"台新證券股務代理部","(02)25048125","台北市建國北路一段96號B1","正風聯合會計師事務所","賴家裕","賴永吉","FRG","8F,NO.82,HAN-KO ST., SEC.1,TAIPEI,TAIWAN,R.O.C.","(02)23123313","sport@frgco.com.tw","www.frg.com.tw","黃慧女闌","協理","(02)23700988","invest@frgco.com.tw","www.frg.com.tw","www.frg.com.tw"
"2108","南帝化學工業股份有限公司","南帝","橡膠工業","－","高雄市林園區工業一路九號","	12209807","楊東源","許建祝","黃勝仲","協理","葉榮義","(07)6413621","1979/01/10","1992/10/27",新台幣                 10.0000元,4924166590,492416659,0,0,合併,每年,董事會,"統一綜合證券股份有限公司","(02)27463797","台北市松山區東興路8號B1F","資誠聯合會計師事務所","徐惠榆","田中玉","NANTEX","NO.9,INDUSTRIAL 1ST ROAD LIN-YUAN DISTRICTKAOHSIUNG CITY,TAIWAN,R.O.C.","(07)6424828","nantex@nantex.com.tw","www.nantex.com.tw","黃勝仲","協理","(06)2377700","nantex@nantex.com.tw","www.nantex.com.tw","https://www.nantex.com.tw/index.php?temp=operation&lang=cht"
"2109","華豐橡膠工業股份有限公司","華豐","橡膠工業","－","彰化縣大村鄉村上村中山路二段300號","	59760104","沈國榮","湯生敏文","吳品儀","副總經理","林文成","(04)852-0121","1959/05/27","2000/05/08",新台幣                 10.0000元,2793491340,279349134,0,0,合併,每半會計年度,董事會,"群益金鼎證券股份有限公司","(02)27035000","10601台北市大安區敦化南路二段97號B2","資誠聯合會計師事務所","吳松源","陳&#21843;東","HWA FONG","No.300, Chung Shan Road, Sec .2, Ta Tsun Hsiang, Chang Hwa HsienChang Hwa Hsien 515, Taiwan (R.O.C.)","(04)852-7704","durofina@duro.com.tw","www.duro.com.tw","陳昶元","財務長","04-8520121#21800","deanchen@duro.com.tw","https://www.duro.com.tw/tw/investor/stakeholder/","https://www.duro.com.tw/tw/investor/corporate-governance/"
"2114","鑫永銓股份有限公司","鑫永銓","橡膠工業","－","南投市南崗工業區南崗三路294號","	51704734","張惠寬","林季佑","胡美惠","董事長特別助理","林秋紅","049-2263888","1969/08/22","2010/12/29",新台幣                 10.0000元,779917070,77991707,0,0,個別,每年,董事會,"群益金鼎證券股份有限公司","02-27023999","台北市敦化南路二段97號B2","資誠聯合會計師事務所","吳松源","劉美蘭","HYC","NO.294 NAN KUNG 3RDNAN KUNG INDUSTRIAL ZONE,NANTOU,TAIWAN.","049-2263901","hyc@hyc-king.com","www.hyc-king.com","胡美惠","董事長特別助理","049-2263888","michelle@hyc-king.com","https://www.hyc-king.com/esg_tw.php?id=4","https://www.hyc-king.com/governance_tw.php?id=1"
"2115","六暉控股股份有限公司","六暉-KY","汽車工業","KY","The Grand Pavilion Commercial Centre, Oleander Way, 802 West","	38773146","吳金鹿","許秀華","吳科里","業務部協理","蕭力誠","04-8748122","2009/10/19","2013/12/25",新台幣                 10.0000元,1043731630,104373163,0,0,合併,每年,股東會,"永豐金證券股務代理部","(02)2381-6288","台北市博愛路17號3樓","國富浩華聯合會計師事務所","林明壽","黃千真","LU HAI","NO. 64, Shing-Kong 5 Rd., Tien-Chung Industrial District, Tien-Chung,Chang-Hua Taiwan(R.O.C)","04-8747116","luhai.lhh@luhai.com.tw","http://www.luhai.com.tw","吳科里","業務部協理","0937462115","spokesman@luhai.com.tw","http://www.luhai.com.tw/ch/investor_detail.asp?id=7","https://www.luhai.com.tw/ch/investor_detail.asp?id=5"
"2201","裕隆汽車製造股份有限公司","裕隆","汽車工業","－","苗栗縣三義鄉西湖村伯公坑39號之1","	03489200","嚴陳莉蓮","許國興","卓哲宇","協理","洪美滿","037-871801","1953/09/10","1976/07/08",新台幣                 10.0000元,10700012510,1070001251,0,0,合併,每年,股東會,"裕隆汽車製造股份有限公司股務組","02-25156421","新北市新店區中興路三段3號1樓","勤業眾信聯合會計師事務所","戴信維","張麗君","YL","39-1,PO KONG KENG,SAN YI, MIAO LI HSIEN,TAIWAN R.O.C","037-874790","2201_01@yulon-motor.com.tw","www.yulon-motor.com.tw","卓哲宇","協理","037-871801-2901","Eddie.Cho@yulon-motor.com.tw","http://www.yulon-motor.com.tw/csr_stakeholder.aspx","https://www.yulon-motor.com.tw/investors_structure.aspx"
"2204","中華汽車工業股份有限公司","中華","汽車工業","－","台北市敦化南路二段二號十一樓","	03098415","嚴陳莉蓮","曾鑫城","錢經武","副總經理","賴慧君","02-23250000","1969/06/13","1991/03/12",新台幣                 10.0000元,5536203420,553620342,0,0,合併,每年,董事會,"中華汽車工業股份有限公司","02-25156421","新北市新店區中興路三段3號1樓","勤業眾信聯合會計師事務所","辛宥呈","邵志明","CMC","11F,NO.2 Tun Hwa S. RD., SEC.2Taipei,R.O.C.","02-27082913","0800@china-motor.com","WWW.CHINA-MOTOR.COM.TW","吳國華","經理","03-4783191#8224","873246@china-motor.com","WWW.CHINA-MOTOR.COM.TW","https://www.china-motor.com.tw/layout3.php?name=Corporate%20Governance%20Structure"
"2206","三陽工業股份有限公司","三陽工業","汽車工業","－","新竹縣湖口鄉鳳山村中華路3號","	24004006","吳清源","吳清源","田人豪","協理","黃貴金","(03)5981911","1961/08/29","1996/07/29",新台幣                 10.0000元,7836756040,783675604,0,0,合併,每半會計年度,股東會,"康和綜合證券股份有限公司","(02)87871888","台北市信義區基隆路一段176號B1","安侯建業聯合會計師事務所","陳宗哲","曾國禓","SYM","3 Chung Hua Road HukouHsinchu Taiwan R.O.C","(03)5983378","sy2206@sym.com.tw","www.sanyang.com.tw","田人豪","協理","(03)5981911*1591","93328@sym.com.tw","http://www.sanyang.com.tw/Stakeholder/","https://www.sanyang.com.tw/cgovernance"
"2207","和泰汽車股份有限公司","和泰車","汽車工業","－","台北市中山區松江路121號8~14樓","	03251108","黃南光","蘇純興","翁銘倫","本部長","林裕昌協理","02-2506-2121","1955/04/25","1997/02/25",新台幣                 10.0000元,5571027680,557102768,0,0,合併,每年,董事會,"統一綜合證券股份有限公司","02-2747-8266","105台北市松山區東興路8號B1樓","資誠聯合會計師事務所","蕭春鴛","徐聖忠","HOTAI MOTOR","8-14F,No.121,Sung Chiang Rd.,Taipei,Taiwan,R.O.C.","02-25041749","EK010@hotaimotor.com.tw","www.hotaimotor.com.tw","王惠民","部長","02-2506-2121","keven@hotaimotor.com.tw","https://www.hotaimotor.com.tw/InterestedParties/Identify","https://www.hotaimotor.com.tw/Investor/Governance"
"2208","台灣國際造船股份有限公司","台船","航運業","－","高雄市小港區中鋼路3號","	04695235","陳政宏","蔡坤宗","周志明","副總經理","高建一","07-8059888","1973/11/07","2008/12/22",新台幣                 10.0000元,12745394490,1274539449,176024881,0,合併,每年,董事會,"富邦綜合證券股份有限公司","02-2361-1300","台北市10047中正區許昌街17號2樓","資誠聯合會計師事務所","王駿凱","吳建志","　　CSBC","3, Jhonggang RoadHsiao Kang District, Kaohsiung. Taiwan.","07-8020805","1588@csbcnet.com.tw","http://www.csbcnet.com.tw","李欽勝","財會處出納課長","07-8059888轉2739","096048@csbcnet.com.tw","http://www.csbcnet.com.tw/Service/Investor","https://www.csbcnet.com.tw/Service/Investor/CorporateGovernance"
"2211","長榮鋼鐵股份有限公司","長榮鋼","鋼鐵工業","－","台北市中山區長安東路2段100號11樓","	81188829","林耿立","劉邦恩","劉邦恩","總經理","莊婷婷","02-25135858","1973/01/29","2021/04/12",新台幣                 10.0000元,4170914630,417091463,0,0,合併,每年,股東會,"凱基證券股務代理部","02-23892999","台北市中正區重慶南路一段2號5樓","勤業眾信聯合會計師事務所","張青霞","劉明賢","EGST","11F., No. 100, Sec. 2, Chang’an E. Rd., Zhongshan Dist.,TAIPEI, TAIWAN　","02-25135799","finacs@evergreennet.com","http://www.evergreennet.com","莊婷婷","協理","02-25135701","finacs@evergreennet.com","https://www.evergreennet.com/customPage/%E6%B0%B8%E7%BA%8C%E9%81%8B%E4%BD%9C","http://www.evergreennet.com"
"2227","裕隆日產汽車股份有限公司","裕日車","汽車工業","－","苗栗縣三義鄉西湖村伯公坑三十九號之二","	80032530","嚴陳莉蓮","姚振祥","梁肇彥","協理","洪啟仁","(037)875881","2003/10/22","2004/12/21",新台幣                 10.0000元,3000000000,300000000,0,0,合併,每年,股東會,"自辦","(02)2515-6421","231029新北市新店區中興路三段3號1樓","勤業眾信聯合會計師事務所","謝建新","廖婉怡","YNM","39-2 Po Kung Keng, Shi Hu Tsuen, San Yi ShiangMiao Li Hsien, Taiwan, R.O.C.","(037)874983","yulon-nissan.ir@yulon-nissan.com.tw","www.nissan.com.tw","梁肇彥","協理","(037)875881-1601","yulon-nissan.ir@yulon-nissan.com.tw","http://new.nissan.com.tw/nissan/brand/csr#/stakeholder","https://new.nissan.com.tw/nissan/brand/about-us#/management"
"2228","劍麟股份有限公司","劍麟","汽車工業","－","(221)新北市汐止區新台五路一段98號19樓","	04359789","黃正怡","黃正忠","陳立儂","協理","林鼎鈞","(02)2696-2818","1977/04/27","2013/11/25",新台幣                 10.0000元,797796920,79779692,0,0,合併,每年,股東會,"元大證券股份有限公司","02-25865859","臺北市大安區敦化南路2段67號地下一樓","資誠聯合會計師事務所","廖福銘","蔡蓓華","IRF","19F, No.98, Sec 1, Sintai 5th Rd., Sijhih Dist.,New Taipei City 221, Tawian R.O.C.","(02)2696-2737","announcer@irf.com.tw","https://www.irf.biz/","陳立儂","協理","(02)2696-2818","announcer@irf.com.tw","https://www.irf.biz/5_interestedpeople.html","https://www.irf.biz/4_informationsecuritymanagement.html"
"2231","為升電裝工業股份有限公司","為升","汽車工業","－","彰化縣福興鄉番婆村彰鹿路六段546巷6號","	23219346","黃淑媛","尤山泉","吳柏澄","行銷長","陳俐利","(04)778-2010","1989/01/09","2010/11/19",新台幣                 10.0000元,1359318700,135931870,0,0,合併,每年,股東會,"第一金證券(股)公司股務代理部","(02)2563-5711","台北市安和路一段27號6樓","安侯建業聯合會計師事務所","陳燕慧","郭士華","CUB","NO.6,LANE 546,SEC.6,CHANG LU RD,FUHSIN HSIANGCHANGHUA COUNTY,TAIWAN","(04)778-2009","investor@cubelec.com","http://www.cubelec.com","吳柏澄","行銷長","04-7782010","investor@cubelec.com","http://www.cubelec.com","https://www.cubelec.com.tw/Governance-cht.php"
"2233","宇隆科技股份有限公司","宇隆","汽車工業","－","台中市梧棲區經二路27號","	22702791","劉俊昌","蔡銘東","蔡銘東","總經理","吳曉蕊","04-26575790","1987/12/29","2019/09/17",新台幣                 10.0000元,602880890,60288089,0,0,合併,每年,董事會,"台新綜合證券(股)公司股務代理部","(02)25048125","台北市建國北路一段96號地下一樓","安永聯合會計師事務所","黃靖雅","羅文振","TURVO","NO.27,Jing  Er Rd.,Wuci Dist.,Taichung City,Taiwan","04-26575780","sales@mail.turvo.com.tw","http://www.turvo.com.tw/","吳曉蕊","財管處協理","04-26575790#2021","IR@turvo.com.tw","http://www.turvo.com.tw/interest_area.php","https://www.turvo.com.tw/webls-zh-tw/msg/message-Corporate-Governance-22.html"
"2236","百達精密工業股份有限公司","百達-KY","汽車工業","KY","臺北市松山區敦化北路205號3樓","	42299452","黃亮茳","黃泓杰","黃泓杰","總經理","簡懿琦","(02)2750-0076","2011/06/29","2015/06/03",新台幣                 10.0000元,621309760,62130976,0,0,合併,每半會計年度,股東會,"中國信託商業銀行代理部","(02)6636-5566","台北市中正區重慶南路一段83號5樓","勤業眾信聯合會計師事務所","李冠豪","錢奕圻","Patec","3F., No. 205, Dunhua N. Rd., Songshan Dist.Taipei City 105406, Taiwan(R.O.C)","(02)2715-0508","eliza.chien@patec.com.sg","www.patec-intl.com","簡懿琦","總經理特助","2750-0076","eliza.chien@patec.com.sg","www.patec-intl.com","https://patec-intl.com/big5/investorrel_MIP.php"
"2239","開曼英利工業股份有限公司","英利-KY","汽車工業","KY","彰化縣彰化市中山路二段349號8樓","	47423487","林上煒","林上琦","白秉諺","副理","黃聖文","04-7284956","2015/01/16","2016/01/27",新台幣                 10.0000元,1177125930,117712593,0,0,合併,每年,股東會,"永豐金證券股務代理部","(02)2381-6288","台北市博愛路17號3樓","資誠聯合會計師事務所","徐建業","吳松源","Cayman Engley","8F., No.349, Sec. 2, Zhongshan Rd.,Changhua City, Changhua County, Taiwan","04-7287149","spokesman@engley.net","www.engley.com.tw","白秉諺","發言人","(886)966-012239","baibingyan@engley.net","http://www.engley.com.tw/boss_page/id/73/n/50","https://www.engley.com.tw/boss_page/id/59/n/28"
"2241","艾姆勒科技股份有限公司","艾姆勒","汽車工業","－","新北市林口區文化三路二段455號10樓","	53418357","林啟聖","石志鴻","石志鴻","總經理","蔡佩儒","2602-6787#100","2011/06/24","2020/08/26",新台幣                 10.0000元,1046023060,104602306,0,0,合併,每年,股東會,"元大證券股份有限公司股務代理部","02-2586-5859","臺北市大安區敦化南路2段67號地下一樓","資誠聯合會計師事務所","陳晉昌","廖福銘","Amulaire","10F. No. 455, Sec. 2, Wenhua 3rd Rd.,Linkou Dist., New Taipei City, Taiwan","02-2602-6991","ir@amulaire.com","www.amulaire.com","蔡佩儒","財務處經理","2602-6787","ir@amulaire.com","www.amulaire.com","https://www.amulaire.com/invest/company"
"2243","宏旭控股股份有限公司","宏旭-KY","汽車工業","KY","24447新北市林口區文化一路一段86號2樓","	55996613","林維源","陳廣瑞(代理)","蘇德仁","董事會秘書","寧聖飛","0901102243","2015/03/24","2017/09/27",新台幣                 10.0000元,693735960,69373596,0,0,合併,每年,股東會,"富邦綜合證券股務代理部","(02)23611300","台北市中正區許昌街17號11樓","資誠聯合會計師事務所","陳晉昌","廖福銘","HS","2F., No.86, Sec. 1, Wenhua 1st Rd., Linkou Dist., New Taipei City 244, TaiwanNew Taipei City 24447, Taiwan (R.O.C.)","02-26088718","hs@horngshiue.com","http://www.horngshiue.com","蘇德仁","董事會秘書","0901102243","hs@horngshiue.com","http://www.horngshiue.com/invest.asp","http://www.horngshiue.com/governance.asp"
"2247","汎德永業汽車股份有限公司","汎德永業","汽車工業","－","台北市內湖區行愛路100號6樓","	20838245","唐慕蓮","杜黃旭","杜黃旭","總經理","紀千田","02-37666689","1979/11/07","2020/10/12",新台幣                 10.0000元,807087350,80708735,0,0,合併,每半會計年度,董事會,"群益金鼎證券股份有限公司","02-27023999","台北市敦化南路二段97號B2","勤業眾信聯合會計師事務所","施錦川","劉書琳","PGUM","6F., No.100, Xing’ai Rd., Neihu Dist.,Taipei City 11494, Taiwan(R.O.C)","02-87918580","contact@email.pgum.com.tw","http://www.pgum.com.tw","紀千田","財務長","02-37666689","contact@email.pgum.com.tw","https://www.pgum.com.tw/zh-tw/investor_interested/index","https://www.pgum.com.tw/esg/link/corporate-governance/"
"2248","華勝汽車電子股份有限公司","華勝-KY","汽車工業","KY","台北市中山區南京東路二段150號5樓518室","	73676873","陳鏗勝","陳鏗勝","朱中平","財務主管","陳鏗勝","02-25061953","2017/04/10","2025/03/13",新台幣                 10.0000元,476000000,47600000,0,0,合併,每年,股東會,"國票綜合證券股份有限公司","02-25288988","台北市松山區南京東路五段188號15樓","勤業眾信聯合會計師事務所","呂宜真","謝明忠","eLAND","Room518, 5F., No. 150, Sec. 2, Nanjing E. Rd., Zhongshan Dist.,Taipei City 104, Taiwan","02-25170798","IR@top-elan.com","http://hs-elan.tw/","朱中平","財務主管","02-25061953","IR@top-elan.com","http://hs-elan.tw/investor/stakeholder.html#a","http://hs-elan.tw/investor/governance.html#a"
"2250","第一化成控股(開曼)股份有限公司","IKKA-KY","汽車工業","KY","新竹縣關西鎮深坑子3-1號","	91165085","胡湘麒","小原正美","胡湘麒","策略長","江碩彥","035870928","2016/03/31","2021/05/31",新台幣                 10.0000元,363882260,36388226,0,0,合併,每年,董事會,"中國信託商業銀行 代理部","(02)6636-5566","台北市中正區重慶南路一段八十三號五樓","資誠聯合會計師事務所","阮呂曼玉","蔡亦臺","IKKA-KY","NO.3-1,SHENKENGZI,GUANXI TOWNSHIPHSINCHU COUNTY TAIWAN(R.O.C)","035870508","ikka@ikka.com.tw","www.ikka.com.tw","莊雅惠","經理","035870928#2101","karan.chuang@ikka.com.tw","https://www.ikka.com.tw/msg/message-Stakeholder-Area.html","https://www.ikka.com.tw/msg/message-Corporate-Governance.html"
"2254","巨鎧精密工業股份有限公司","巨鎧精密-創","汽車工業","－","臺南市安南區科技二路50號","	54297090","吳柏樺","吳柏樺/吳志彬","熊金鐸","行政副總經理","魏秀芬","(06)384-0179","2013/09/14","2023/10/20",新台幣                 10.0000元,639076800,63907680,0,0,合併,每半會計年度,董事會,"福邦證券股份有限公司股務代理部","(02)2383-6888","臺北市中正區忠孝西路一段6號6樓","安侯建業聯合會計師事務所","蘇彥達","許振隆","COPLUS","No. 50, Keji 2nd Rd.Annan Dist., Tainan City , Taiwan","(06)384-0576","IR@coplus.com.tw","https://www.coplus.com.tw/zh-hant","熊金鐸","行政副總經理","0965-386-657","IR@coplus.com.tw","https://www.coplus.com.tw/zh-hant/pages/%E5%88%A9%E5%AE%B3%E9%97%9C%E4%BF%82%E4%BA%BA","https://www.coplus.com.tw/zh-hant/pages/%E5%85%AC%E5%8F%B8%E6%B2%BB%E7%90%86"
"2258","鴻華先進科技股份有限公司","鴻華先進-創","汽車工業","－","新北市新店區寶高路26號7樓","	83167722","李秉彥","陳清亞","王理巍","資深協理","褚昱良","02-5590-6168","2020/11/06","2023/11/20",新台幣                 10.0000元,17505919000,1750591900,0,0,合併,每年,董事會,"福邦證券股份有限公司股務代理部","02-2371-1658","台北市中正區忠孝西&#63799;一段 6 號 6 樓","資誠聯合會計師事務所","徐潔如","徐聖忠","Foxtron","7F., No. 26, Baogao Rd., Xindian Dist.,New Taipei City, Taiwan (R.O.C.)","02-5590-0505","ir@foxtronev.com","https://www.foxtronev.com","王理巍","資深協理","02-5590-6168","ir@foxtronev.com","https://www.foxtronev.com/tw/investor","https://www.foxtronev.com/tw/investor"
"2301","光寶科技股份有限公司","光寶科","電腦及週邊設備業","－","台北市內湖區瑞光路392號22樓","	23357403","宋明峰","邱森彬","張衣宜","總監","王玉玲","(02)8798-2888","1989/03/17","1995/11/17",新台幣                 10.0000元,23167757630,2316775763,0,0,合併,每季,董事會,"元大證券股份有限公司股務代理部","(02)2586-5859","106臺北市大安區敦化南路2段67號地下一樓","勤業眾信聯合會計師事務所","鄭旭然","陳建瑋","LTC","22F, 392 Ruey Kuang Road, NeihuTaipei 114, Taiwan, R.O.C.","(02)8798-2866","YiWen.Hsieh@liteon.com","http://www.liteon.com/","王玉玲","投資人關係","02-87982888","liteontech.ir@liteon.com","https://www.liteon.com/zh-tw/sustainability/stakeholder-engagement","https://www.liteon.com/zh-tw/iraction/actions-and-results"
"2302","麗正國際科技股份有限公司","麗正","半導體業","－","新北市土城區中山路71號","	04982433","林文騰","林文騰","林瑞萍","總管理處副總經理","王作慈","02-28801122","1976/01/23","1985/01/15",新台幣                 10.0000元,1663028810,166302881,0,0,合併,每年,董事會,"國票綜合證券(股)公司股務代理部","02-25288988","台北市松山區南京東路五段188號15樓","安侯建業聯合會計師事務所","池世欽","黃欣婷","RECTRON","71, Zhongshan Rd., Tucheng Dist.,New Taipei City, Taiwan","02-28816935","RTINV@rectron.com.tw","www.rectron.com.tw","林瑞萍","總管理處副總經理","02-28801122","RTINV@rectron.com.tw","www.rectron.com.tw","www.rectron.com.tw"
"2303","聯華電子股份有限公司","聯電","半導體業","－","新竹科學園區新竹市力行二路三號","	47217677","洪嘉聰","執行長 王石,  總經理暨營運長 徐明志","劉啟東","資深副總經理暨財務長","林俊宏、翁兆韋","03-5782258","1980/05/22","1985/07/16",新台幣                 10.0000元,125769848700,12576984870,0,0,合併,每年,股東會,"宏遠證券股份有限公司","02-23268818","台北市大安區信義路四段236號3樓","安永聯合會計師事務所","楊雨霓","余倩如","UMC","NO.3, LI-SHIN ROAD II, HSINCHU SCIENCE PARKHSINCHU CITY, TAIWAN, R.O.C.","03-5781789","IR@UMC.COM","WWW.UMC.COM","翁兆韋","部經理","02-26589168","David_Wong@UMC.com","WWW.UMC.COM","https://www.umc.com/zh-TW/Html/ir_corporate_governance"
"2305","全友電腦股份有限公司","全友","電腦及週邊設備業","－","新竹市科學園區工業東三路六號","	47226140","吳金來","謝靜慧","戴輝權","副總經理","張靖琪","(03)5772155","1980/10/23","1988/10/21",新台幣                 10.0000元,2056608270,205660827,0,0,合併,每年,股東會,"群益金鼎證券股份有限公司","(02)2702-3999","台北市大安區敦化南路二段97號B2","安侯建業聯合會計師事務所","吳俊源","呂倩慧","MII","No.6 Industry E. Road 3 Science-Based Industrial ParkHsinchu,Taiwan,R.O.C.","(03)5772598","julie.chu@microtek.com.tw","https://microtek.com/tw/","戴輝權","副總經理","(03)5772155","chuan.tai@microtek.com.tw","https://microtek.com/tw/stakeholder","https://microtek.com/tw/company_manage"
"2308","台達電子工業股份有限公司","台達電","電子零組件業","－","台北市內湖區瑞光路186號","	34051920","鄭平","張訓海","周志宏","永續長","施孟璁","(02)87972088","1975/08/20","1988/12/19",新台幣                 10.0000元,25975433290,2597543329,0,0,合併,每年,股東會,"中國信託商業銀行股份有限公司","(02)6636-5566","100台北市中正區重慶南路一段八十三號五樓","資誠聯合會計師事務所","梁益彰","徐聖忠","DELTA","No. 186, Ruey Kuang Road, Neihu DistrictTaipei City 114501, Taiwan","(02)87972351","2308@deltaww.com","https://www.deltaww.com/zh-TW/index","劉致遠","投資人關係經理","(02)87972088","2308@deltaww.com","https://esg.deltaww.com/manage_focus","https://www.deltaww.com/zh-TW/Investors/Governance"
"2312","金寶電子工業股份有限公司","金寶","其他電子業","－","(105)臺北市南京東路五段99號10樓","	04370927","許介立","陳威昌","游千慧","財務長","林呈憲","(02)26622660","1973/04/24","1989/11/07",新台幣                 10.0000元,15054852110,1505485211,0,0,合併,每年,董事會,"中國信託商業銀行代理部","(02)66365566","(100)臺北市重慶南路一段83號5樓","安永聯合會計師事務所","陳智忠","傅文芳","KINPO","10TH FL., 99 NAN-JING E. RD., SEC. 5,TAIPEI, TAIWAN, R.O.C.","(02)26624900","investor@kinpo.com.tw","www.kinpo.com.tw","游千慧","財務長","(02)26622660-12259","investor@kinpo.com.tw","https://www.kinpo.com.tw/zh-TW/stakeholder/","https://www.kinpo.com.tw/zh-TW/investor/corporate-governance/"
"2313","華通電腦股份有限公司","華通","電子零組件業","－","桃園市蘆竹區新莊里大新路814巷91號","	04401392","江培琨","吳柏毅","呂  範","財務處長","李正忠","(03)3231111","1973/08/30","1990/07/24",新台幣                 10.0000元,11918205890,1191820589,0,0,合併,每年,董事會,"台新證券股務代理部","(02)25048125","台北市建國北路一段96樓B1","正風聯合會計師事務所","吳欣亮","林啟平","COMPEQ","No. 91, Ln. 814, Daxin Rd., Shin-juang Vil. Luzhu Dist.,Taoyuan City, Taiwan R.O.C","(03)3138150","tw2313@compeq.com.tw","www.compeq.com.tw","李正忠","代理發言人","03-3231111","tw2313@compeq.com.tw","www.compeq.com.tw/relationship.php","www.compeq.com.tw/company01.php"
"2314","台揚科技股份有限公司","台揚","通信網路業","－","新竹科學園區新竹市創新二路一號","	47255762","謝其嘉","吳永欽","吳永欽","執行長暨總經理","游勝雄","03-5773335","1983/03/31","1990/08/08",新台幣                 10.0000元,1061264220,106126422,0,0,合併,每年,股東會,"台新綜合證券(股)公司股務代理部","02-25048125","104496 台北市中山區建國北路一段96號B1","資誠聯合會計師事務所","鄭雅慧","劉倩瑜","MTI","NO 1, INNOVATION RD.II,Hsinchu Science Park, Hsinchu, TWN","03-5770194","MTI.Sales@mtigroup.com","https://www.mtigroup.com/zh-tw","游勝雄","財務長","03-5773335 #2088","ir.contact@mtigroup.com","https://www.mtigroup.com/zh-tw/stakeholder","https://www.mtigroup.com/zh-tw/corporate-governance"
"2316","楠梓電子股份有限公司","楠梓電","電子零組件業","－","高雄市楠梓區開發路37號","	76026851","徐漢忠","陳志康","呂淑芬","副總經理","陳其男","07-3612116","1978/05/02","1991/02/05",新台幣                 10.0000元,1827405360,182740536,0,0,合併,每年,股東會,"統一綜合證券股份有限公司","02-27463797","台北市東興路8號地下一樓","勤業眾信聯合會計師事務所","劉裕祥","郭麗園","WUS","No.37, Kaifa Rd.,Nanzih Dist. Kaohsiung City,Taiwan.","07-3613884","investor@wuspc.com","www.wus.com.tw","呂淑芬","副總經理","07-3612116","investor@wuspc.com","http://www.wus.com.tw/index.php/zh-tw/2017-10-18-03-24-45","https://www.wus.com.tw/index.php/zh-tw/2017-10-18-02-49-07"
"2317","鴻海精密工業股份有限公司","鴻海","其他電子業","－","新北市土城區自由街2號","	04541302","劉揚偉","劉揚偉","巫俊毅","副總經理","黃欽旻","(02)2268-3466","1974/02/20","1991/06/18",新台幣                 10.0000元,140034031990,14003403199,0,0,合併,每年,董事會,"福邦證券股份有限公司","(02)2371-1658","台北市中正區忠孝西路一段６號６樓","資誠聯合會計師事務所","徐聖忠","徐潔如","HON HAI","2 TZU YU ST.,TU-CHENG CITY,TAIWAN,R.O.C.","(02)2268-6204","media@foxconn.com","https://www.honhai.com/zh-tw","巫俊毅","副總經理","2268-3466#510-10001","ir@foxconn.com","https://www.honhai.com/zh-tw/CSR/stake-holder","https://www.honhai.com/zh-tw/investor-relations/corporate-governance/overview"
"2321","東訊股份有限公司","東訊","通信網路業","－","新竹科學園區新竹市研發二路23號","	47224065","吳素秋","田瑛睿","李梅玲","財會主管","王妍麗 經理","(03)5775141","1980/09/25","1991/11/08",新台幣                 10.0000元,302719290,30271929,16000001,0,合併,每年,董事會,"台新證券股務代理部","02-25048125","台北市建國北路一段96號地下一樓","資誠聯合會計師事務所","蔣承翰","劉倩瑜","TECOM","23,R & D 2 ROAD, HSINCHU SCIENCE  PARK,HSIN-CHU TAIWAN R.O.C.","(03)5780576","stockaffair@tecom.com.tw","http://www.tecom.com.tw","李梅玲","財務處處長","(03)5775141-2000","emily.lee@tecom.com.tw","http://www.tecom.com.tw","https://www.tecom.com.tw/investor-relations/corporate-govern/"
"2323","中環股份有限公司","中環","光電業","－","台北市中山區民權西路53號15樓","	12205020","翁明顯","關山孝行","陳君煒","財務部協理","許雅萍","02-25989890","1978/12/02","1992/02/17",新台幣                 10.0000元,10893483280,1089348328,0,0,合併,每年,股東會,"凱基證券股份有限公司","02-23892999","台北市重慶南路一段2號5樓","資誠聯合會計事務所","游淑芬","王菘澤","CMC","15th, Fl., 53, Ming Chuan W.  Road.,Taipei,Taiwan,R.O.C.","02-25973270","IR@cmcnet.com.tw","http://www.cmcnet.com.tw","許雅萍","代理發言人","02-25989890","ir@cmcnet.com.tw","https://www.cmcnet.com.tw/tw/esg/8728709aC804","https://www.cmcnet.com.tw/tw/Corporate_Governance"
"2324","仁寶電腦工業股份有限公司","仁寶","電腦及週邊設備業","－","台北市內湖區瑞光路581號及581之1號","	21222725","陳瑞聰","Anthony Peter Bonadero","王正強","副總經理","張妍婷","(02)87978588","1984/06/01","1992/02/18",新台幣                 10.0000元,44071466250,4407146625,0,0,合併,每年,董事會,"中國信託商業銀行代理部","(02)6636-5566","台北市重慶南路一段83號5樓","安侯建業聯合會計師事務所","郭冠纓","區耀軍","Compal","No. 581 & 581-1, Ruiguang Rd., Neihu DistrictTaipei City 11492, Taiwan (R.O.C.)","(02)26591566","Investor@Compal.com","www.compal.com","王正強","副總經理","(02)87978588","Investor@Compal.com","http://www.compal.com/stakeholder-communication-area/","https://www.compal.com/investor-relations/corporate-governance/"
"2327","國巨股份有限公司","國巨*","電子零組件業","－","新北市新店區寶橋路233-1號3樓","	22636630","陳泰銘","王淡如","張天成","全球財務部 資深協理","楊文翔","(02)6629-9999","1987/09/09","1993/10/22",新台幣                  2.5000元,5178663710,2071465484,0,0,合併,每半會計年度,董事會,"台新綜合證券股份有限公司","(02)2504-8125","台北市中山區建國北路1段96號B1","勤業眾信聯合會計師事務所","邱盟捷","王浚宇","YAGEO","3F,No.233-1,Pao Chiao Rd.,Xindian Dist., New Taipei City,R.O.C","(02)6628-8882","IR@yageo.com","WWW.YAGEO.COM","張天成","全球財務部 資深協理","(02)6629-9999","IR@yageo.com","WWW.YAGEO.COM","https://www.yageo.com/zh-TW/Governance/Index/corporate_governance?target=target_title"
"2328","廣宇科技股份有限公司","廣宇","電子零組件業","－","235新北市中和區碧河里建八路200號6樓","	03546618","李光曜","蔡明峰","郭世華","協理","游文玲","(02)2211-3066","1971/05/19","1993/11/09",新台幣                 10.0000元,5183462820,518346282,0,0,合併,每年,董事會,"福邦證券股份有限公司","(02)2371-1658","10041台北市中正區忠孝西路一段6號6樓","資誠聯合會計師事務所","徐潔如","吳仁杰","PI","6F,No.200,Jian 8th Rd.,Zhonghe  Dist., New Taipei City , Taiwan","(02)2212-0081","john.kuo@panpi.com.tw","www.panpi.com.tw","郭世華","協理","(02)22113066#7740","john.kuo@panpi.com.tw","www.panpi.com.tw/tw/sustainability","https://www.panpi.com.tw/tw/investor_service/corporate_governance/overview"
"2329","華泰電子股份有限公司","華泰","半導體業","－","高雄市楠梓區中三街9號","	89004161","董&#24742;明","涂家榮","洪士&#29641;","財務處長","賴貞伶","(07)361-3131","1971/06/12","1994/04/20",新台幣                 10.0000元,6589483330,658948333,0,0,合併,每年,董事會,"中國信託商業銀行代理部","(02)6636-5566","台北市重慶南路一段83號5樓","資誠聯合會計師事務所","王國華","江采燕","OSE","9 Central 3rd. St. N.T.I.P.KAOHSIUNG TAIWAN R.O.C","(07)365-2441","csr@ose.com.tw","www.ose.com.tw","朱蜀詠","會計處處長","07-3613131#68558","csr@ose.com.tw","https://www.ose.com.tw/about/about-ose/contact/#investment","https://www.ose.com.tw/about/csr/company-management"
"2330","台灣積體電路製造股份有限公司","台積電","半導體業","－","新竹科學園區力行六路8號","	22099131","魏哲家","總裁: 魏哲家","黃仁昭","資深副總經理暨財務長","高孟華","03-5636688","1987/02/21","1994/09/05",新台幣                 10.0000元,259323700670,25932370067,0,0,合併,每季,董事會,"中國信託商業銀行 代理部","02-6636-5566","台北市重慶南路一段83號5樓","勤業眾信聯合會計師事務所","吳世宗","陳彥君","TSMC","No. 8, Li-Hsin Rd. 6, Hsinchu Science Park,Hsin-Chu 300096, Taiwan, R.O.C.","03-5797337","invest@tsmc.com","https://www.tsmc.com","蘇志凱","處長","03-563-6688","jeff_su@tsmc.com","https://esg.tsmc.com/zh-Hant/sustainable-management/materiality-analysis","https://investor.tsmc.com/chinese/corporate-governance"
"2331","精英電腦股份有限公司","精英","電腦及週邊設備業","－","臺北市中山區中山北路3段22-1號9樓","	22449566","張榮華","翁育斌","楊惠元","資深特別助理","劉明忠","(02)2162-1177","1987/05/06","1994/09/21",新台幣                 10.0000元,5574029680,557402968,0,0,合併,每年,董事會,"福邦證券股份有限公司","(02)2371-1658","台北市中正區忠孝西路一段６號６樓","安侯建業聯合會計師事務所","鄒依芸","曾國禓","ECS","9F., No. 22-1, Sec. 3, Zhongshan N. Rd., Zhongshan Dist.,TAIPEI, TAIWAN 104427","(02)2797-9093","public@ecs.com.tw","http://www.ecs.com.tw","楊惠元","資深特別助理","(02)2162-1177","public@ecs.com.tw","http://www.ecs.com.tw/ECSWebSite/Finance/Finance_List.aspx?MenuID=123&childid=M_123&LanID=1","https://www.ecs.com.tw/tw/investor/organization"
"2332","友訊科技股份有限公司","友訊","通信網路業","－","台北市內湖區新湖三路289號","	22099189","郭金河","張家瑞","張家瑞","執行長","吳言翎","02-66000123","1987/06/20","1994/10/17",新台幣                 10.0000元,6022423730,602242373,0,0,合併,每年,董事會,"群益金鼎證券股份有限公司","02-2703-5000","台北市大安區敦化南路二段97號B2","安侯建業聯合會計師事務所","梅元貞","謝秋華","D-LINK","No. 289, Xinhu 3rd Rd, Neihu DistrictTaipei City, Taiwan, R.O.C.","02-27900977","ir@dlinkcorp.com","https://company.dlink.com/zh-hant","吳言翎","資深經理","886-2-6600-0123#6411","ir@dlinkcorp.com","https://company.dlink.com/zh-hant/esg/stakeholder-engagement","https://www.ir-cloud.com/taiwan/2332/irwebsite_c/index.php?mod=engoverndirectors"
"2337","旺宏電子股份有限公司","旺宏","半導體業","－","新竹科學園區新竹巿力行路16號","	22099548","吳敏求","盧志遠","吳敏求","董事長兼執行長","葉沛甫","03-5786688","1989/12/09","1995/03/15",新台幣                 10.0000元,19813088200,1981308820,55651,0,合併,每年,股東會,"旺宏電子(股)公司股務室","02-25638128","台北市中山區松江路162之1號2樓","勤業眾信聯合會計師事務所","林尚志","鄭旭然","Macronix","No.16, Li-Hsin Road, Hsinchu Science ParkHsinchu, Taiwan, R.O.C.","02-25638685","ir@mxic.com.tw","http://www.macronix.com","李佳駿","經理","03-5786688","ir@mxic.com.tw","https://www.mxic.com.tw/zh-tw/about/ESG/Pages/stakeholder.aspx","https://www.macronix.com/zh-tw/about/corporate-governance/Pages/board-of-directors.aspx"
"2338","台灣光罩股份有限公司","光罩","半導體業","－","新竹科學園區新竹縣寶山鄉創新一路十一號","	22099408","&#20931;俊光","陳立惇","楊貽婷","財務長","林良桔","(03)563-4370","1988/10/21","1995/04/17",新台幣                 10.0000元,3668491830,366849183,63370000,0,合併,每年,董事會,"福邦證券股份有限公司股務代理部","(02)2371-1658","台北市中正區忠孝西路一段六號六樓","資誠聯合會計事務所","劉倩瑜","蔡欣怡","TMC","NO.11 INNOVATION RD.1,SCIENCE-BASE INDUSTRIAL PARK,HSINCHU","(03)578-0752","無","http://www.tmcnet.com.tw","楊貽婷","財務長","(03)563-4370#618","eve_yang@tmcnet.com.tw","https://www.tmcnet.com.tw/tw/Sustainable/Communication","https://www.tmcnet.com.tw/tw/Investors/Govermance"
"2340","台亞半導體股份有限公司","台亞","半導體業","－","新竹科學園區新竹市力行五路1號","	47255947","李國光","蔡育軒","賴文聰","協理","暫缺待補","(03)5638951","1983/12/21","1995/05/02",新台幣                 10.0000元,4386228460,438622846,60000000,0,合併,每年,董事會,"台新證券股務代理部","02-25048125","台北市建國北路一段96號B1","勤業眾信聯合會計師事務所","陳致源","李東峰","TASC","No. 1, Lixing 5th Rd., Hsinchu Science Park, Hsinchu City, Taiwan, R.O.C.Hsinchu, Taiwan, R.O.C.","03-5783696","info-corp@tascsemi.com","https://www.tascsemi.com/","賴文聰","協理","03-5638951","stock@tascsemi.com","https://www.tascsemi.com/corporate-sustainability/stakeholders/","https://www.tascsemi.com/about/corporate-governance/"
"2342","台灣茂矽電子股份有限公司","茂矽","半導體業","－","新竹市科學園區研新一路一號","	22099110","吳憲忠","盧建志","盧建志","總經理","鄧志達","(03)578-3344","1987/01/08","1995/09/19",新台幣                 10.0000元,1574747440,157474744,0,0,合併,每半會計年度,董事會,"台新證券股務代理部","(02)2504-8125","台北市建國北路一段96號地下一樓","資誠聯合會計師事務所","白淑蒨","蔣承翰","MVI","No. 1 Creation Rd. 1, Hsinchu Science Park,Hsinchu, Taiwan, R.O.C.","(03)566-5888","IR@mail.mosel.com.tw","http://www.mosel.com.tw","王修麟","資深管理師","03-5783344","IR@mail.mosel.com.tw","https://www.mosel.com.tw/society_5.html","https://www.mosel.com.tw/investor_8.html"
"2344","華邦電子股份有限公司","華邦電","半導體業","－","台中市大雅區中部科學園區科雅一路8號","	22099218","焦佑鈞","陳沛銘","范祥雲","執行副總經理","戴妍絜","(04)25218168","1987/09/29","1995/10/18",新台幣                 10.0000元,45000001930,4500000193,0,0,合併,每半會計年度,董事會,"華邦電子股份有限公司股務辦事處","(02)27905885","台北市內湖區行善路398號8樓","勤業眾信聯合會計師事務所","洪國田","徐文亞","WEC","No.8, Keya 1st Rd., Daya Dist.,Taichung City, Taiwan, R.O.C","(03)5796119","IR@winbond.com","WWW.WINBOND.COM","鄧紹康","經理","(03)5678168 #76132","IR@winbond.com","WWW.WINBOND.COM","https://esg.winbond.com/our-focuses/governance/board-of-directors"
"2345","智邦科技股份有限公司","智邦","通信網路業","－","新竹縣竹北市北興里智慧一路1號","	22099287","黃國修","李訓德","林信玄","資深協理","陳慧玲","(03)5770270","1988/02/09","1995/11/15",新台幣                 10.0000元,5611178970,561117897,0,0,合併,每年,股東會,"元大證券股份有限公司","02-25865859","臺北市大安區敦化南路2段67號地下一樓","勤業眾信聯合會計師事務所","鍾鳴遠","林心彤","ACCTON","No. 1, Zhihui 1st Rd., Zhubei City,Hsinchu County, Taiwan R.O.C.","(03)5637261","accton@accton.com","http://www.accton.com","林信玄","資深協理","(03)5770270-1526","IR@accton.com","https://www.accton.com.tw/interested/","https://www.accton.com.tw/governance/"
"2347","聯強國際股份有限公司","聯強","電子通路業","－","臺北市南港區市民大道八段205號27樓","	23060541","苗豐強","杜書伍","杜書全","集團資深副總裁","陳怡如","2506-3320","1988/09/12","1995/12/13",新台幣                 10.0000元,16679469680,1667946968,0,0,合併,每年,董事會,"中國信託商業銀行代理部","(02)6636-5566","台北市重慶南路1段83號5樓","資誠聯合會計師事務所","黃世鈞","梁益彰","Synnex","27F., No. 205, Sec. 8, Civic Blvd., Nangang Dist.,Taipei, Taiwan, R.O.C.","2505-6934","evelynchen@synnex.com.tw","http://www.synnex-grp.com/","陳怡如","財務總監","2506-3320","evelynchen@synnex.com.tw","http://www.synnex-grp.com/g03_corporate_02.html","https://www.synnex-grp.com/tw/board-of-directors"
"2348","海悅國際開發股份有限公司","海悅","其他","－","台北市松山區敦化北路260號7樓","	22624873","黃希文","王俊傑","王俊傑","總經理","黃江煌","02-87122888","1987/08/12","1996/01/05",新台幣                 10.0000元,1818988530,151898853,0,30000000,合併,每年,股東會,"群益金鼎證券股份有限公司","02-27023999","北市敦化南路二段97號地下二樓","勤業眾信聯合會計師事務所","劉紋伶","陳培德","Hiyes","7F, No. 260, Dunhua N. Rd.,Taipei, Taiwan, R.O.C.","02-87128308","spokesman1@hiyes.tw","www.hiyes-group.com.tw","黃江煌","財務主管","87122888","spokesman2@hiyes.tw","www.hiyes-group.com.tw","https://www.hiyes-group.com.tw/governanc_06.aspx"
"2349","錸德科技股份有限公司","錸德","光電業","－","新竹縣湖口鄉光復北路42號","	23218873","葉垂景","王鼎章","王鼎章","執行長","吳孟翰、潘燕民","03-5985696","1988/12/29","1996/04/23",新台幣                 10.0000元,6936796630,693679663,0,0,合併,每年,股東會,"台新證券股務代理部","02-25048125","台北市建國北路一段96號地下一樓 https://www.tssco.com.tw/","安永聯合會計師事務所","謝勝安","邱琬茹","RITEK","NO.42 KUANGFU N.RD HSINCHU INDUSTRIAL PARKHSINCHU COUNTY TAIWAN R.O.C","03-5979963","personal@ritek.com.tw","http://www.ritek.com.tw","吳孟翰","總經理","03-5985696-8776","John.wu@ritek.com.tw","http://www.ritek.com.tw","http://www.ritek.com.tw"
"2351","順德工業股份有限公司","順德","半導體業","－","彰化市大竹里彰南路二段260號","	58506816","陳朝雄","陳維德","陳朝興","副總經理","葉芳伶","04-7383991","1967/10/17","1996/04/25",新台幣                 10.0000元,1821402490,182140249,0,0,合併,每年,股東會,"群益金鼎證券股份有限公司","02-27023999","台北市大安區敦化南路二段97號B2","國富浩華聯合會計師事務所","黃千真","邵朝彬","SDI","260,Sec.2,Chang Nan RoadChang Hua,Taiwan, R.O.C","04-7320588","stock@email.sdi.com.tw","www.sdi.com.tw","葉芳伶","投資人關係","04-7383991","Invest@email.sdi.com.tw","www.sdi.com.tw","www.sdi.com.tw"
"2352","佳世達科技股份有限公司","佳世達","電腦及週邊設備業","－","桃園市龜山區山鶯路157號","	12490306","陳其宏","柯淑芬","洪秋金","財務長","王立善","03-3598800","1984/04/21","1996/07/22",新台幣                 10.0000元,15805065050,1580506505,0,0,合併,每年,董事會,"台新證券股務代理部","02-25048125","台北市建國北路一段96號地下一樓","安侯建業聯合會計師事務所","施威銘","尹元聖","Qisda","157 Shan-Ying Road,Gueishan, Taoyuan 333, Taiwan,R.O.C.","03-3593389","Investor@Qisda.com","Qisda.com.tw","許銘哲","資深經理","033598800#3202,#2699","Investor@Qisda.com","http://www.qisda.com.tw/page.aspx?uid=50","https://www.qisda.com/tw/investor/governance/situation"
"2353","宏碁股份有限公司","宏碁","電腦及週邊設備業","－","台北市松山區復興北路369號7樓之5","	20828393","陳俊聖","簡慧祥","陳怡如","財務長","張鉅靈","(02)27195000","1979/07/18","1996/09/18",新台幣                 10.0000元,30478538280,3047853828,0,0,合併,每年,董事會,"宏碁股份有限公司股務室","(02)27195000","台北市松山區復興北路369號7樓之5","安侯建業聯合會計師事務所","高靚玟","施威銘","ACER","7F-5, 369, Fuxing N. Rd.Taipei 105, Taiwan, R.O.C.","(02)87125519","stock.affairs@acer.com","http://www.acer.com","張家菲","處長","(02)26961234","investor.relations@acer.com","https://www.acer-group.com/ag/zh/TW/content/stakeholder-grievance-mechanism","https://www.acer-group.com/corporate/zh/investor-relations/corporate-governance"
"2354","鴻準精密工業股份有限公司","鴻準","其他電子業","－","新北市土城區中山路3-2號","	23707801","陳國寶","潘彥仁","林鈺凱","資深專案經理","林鈺凱","22680970","1990/04/26","1996/10/08",新台幣                 10.0000元,14144851920,1414485192,0,0,合併,每年,董事會,"福邦證券股份有限公司","(02)2371-1658","台北市中正區忠孝西路一段６號６樓","資誠聯合會計師事務所","徐潔如","胡智華","FTC","NO.3-2 Chung-Shan Rd.Tu-Cheng City,Taipei Shein. R.O.C.","22687176","ftc-twse@ftc-foxconn.com","www.foxconntech.com.tw","林鈺凱","發言人","02-22680970","IRPR@ftc-foxconn.com","https://www.foxconntech.com.tw/CSR/communication-frequency/","https://www.foxconntech.com.tw/corporate-governance/overview/"
"2355","敬鵬工業股份有限公司","敬鵬","電子零組件業","－","桃園市蘆竹區內厝里內厝街46號","	43816068","曾劉玉枝","林玉女","蕭公彥","處長","黃郁雅","03-3222226","1979/09/26","1996/10/14",新台幣                 10.0000元,3974954200,397495420,0,0,合併,每年,股東會,"康和綜合證券股份有限公司","02- 87871888","110台北市信義區基隆路一段176號B1","安侯建業聯合會計師事務所","吳佳翰","趙敏如","CHIN-POON","NO.46, NEI-TSUOH ST., LU-CHU DIST.,TAO-YUAN CITY, TAIWAN, R.O.C","03-3218064","spokesman@tw.chinpoon.com","https://www.chinpoon.com","蕭公彥","處長","03-3222226","spokesman@tw.chinpoon.com","https://www.chinpoon.com/stakeholder","https://www.chinpoon.com/sustainability/"
"2356","英業達股份有限公司","英業達","電腦及週邊設備業","－","北市後港街六十六號","	04322046","葉力誠","蔡枝安","游進寶","副總經理","蔡枝安","28810721","1975/06/09","1996/11/13",新台幣                 10.0000元,35874750660,3587475066,0,0,合併,每年,董事會,"台新證券股務代理部","25048125","北市建國北路一段九十六號地下一樓","安侯建業聯合會計師事務所","郭柔蘭","陳盈如","INVENTEC","66,Hou-Kang StreetTaipei,Taiwan,R.O.C","28828086","iec@inventec.com","https://www.inventec.com/","張舋之","經理","28810721#21656","Chang.Ada@inventec.com","https://esg.inventec.com/sustainable-development/communication-with-stakeholders","https://www.inventec.com/investor-list11-26.htm"
"2357","華碩電腦股份有限公司","華碩","電腦及週邊設備業","－","台北市北投區立德路15號","	23638777","施崇棠","許先越/胡書賓","吳長榮","財務長","宋致皓","(02)28943447","1990/04/02","1996/11/14",新台幣                 10.0000元,7427602800,742760280,0,0,合併,每年,股東會,"凱基證券(股)公司股務代理部","(02)23892999","台北市重慶南路一段2號5樓","資誠聯合會計師事務所","張淑瓊","徐聖忠","ASUSTEK","No. 15, Lide Rd., BeitouTaipei 112, Taiwan, R.O.C.","(02)28926140","investor@asus.com","https://www.asus.com","吳長榮","財務長","(02)28943447","investor@asus.com","http://csr.asus.com/chinese/index.aspx#121","https://www.asus.com/tw/pages/investor/"
"2359","所羅門股份有限公司","所羅門","其他電子業","－","台北市內湖區行忠路四十二號6樓","	23640801","陳政隆","陳政隆","黃世昌","副總經理","缺額待補","(02)8791-8989","1990/05/07","1996/12/19",新台幣                 10.0000元,1714710520,171471052,0,0,合併,每半會計年度,董事會,"統一綜合證券(股)公司股務代理部","(02)2747-8266","台北市松山區東興路８號B1樓","資誠聯合會計師事務所","文雅芳","林瑟凱","SOLOMON","6F., No. 42, Xingzhong Rd., Neihu Dist.,Taipei City 11494, Taiwan, R.O.C.","(02)8791-9701","stock@solomon.com.tw","www.solomon.com.tw","陳雪蘋","特助","(02)8791-8989","stock@solomon.com.tw","https://www.solomon.com.tw/stakeholder/","https://www.solomon.com.tw/corporate_governance/"
"2360","致茂電子股份有限公司","致茂","其他電子業","－","桃園市龜山區文茂路88號","	09461025","黃欽明","曾一士","應正","財務長","簡瑞瑩","(03)327-9999","1984/11/08","1996/12/21",新台幣                 10.0000元,4252457420,425245742,0,0,合併,每年,董事會,"台新證券股務代理部","(02)2504-8125","104496台北市建國北路一段96號地下一樓","勤業眾信聯合會計師事務所","高逸欣","王儀雯","CHROMA","No. 88, Wenmao Rd., Guishan Dist.,Taoyuan City, Taiwan","(03)327-8898","info@chromaate.com","http://www.chromaate.com","簡瑞瑩","處長","(03)327-9999","jennifer@chroma.com.tw","https://www.chromaate.com/tw/investors/corporate_governance/stakeholders","https://www.chromaate.com/tw/investors/corporate_governance/organization"
"2362","藍天電腦股份有限公司","藍天","電腦及週邊設備業","－","新北市新莊區思源路555號35樓","	09424319","許崑泰","蔡明賢","吳麥","財務長","邱淑娟","(02)22789696","1983/10/04","1997/04/02",新台幣                 10.0000元,6222630000,622263000,0,0,合併,每年,董事會,"中國信託商業銀行代理部","(02)6636-5566","台北市重慶南路一段83號5樓","資誠聯合會計師事務所","馮敏娟","林柏全","CLEVO CO.","35F., No. 555, Siyuan Rd., Xinzhuang Dist.New Taipei City 242, Taiwan","(02)22784795","public@clevo.com.tw","www.clevo.com.tw","吳麥","財務長","02-2278-9696","public@clevo.com.tw","www.clevo.com.tw","www.clevo.com.tw/tw/investment/investment_governance"
"2363","矽統科技股份有限公司","矽統","半導體業","－","新竹市公道五路二段180號","	22099202","洪嘉聰","戎樂天","戎樂天","總經理","黃柏文","(03)5166000","1987/08/26","1997/08/01",新台幣                 10.0000元,5149881610,514988161,0,0,合併,每年,股東會,"宏遠證券股份有限公司","02-23268818","106台北市大安區信義路四段２３６號３樓","安永聯合會計師事務所","胡慎緁","許新民","SiS","No.180,Sec.2,Gongdaowu Rd.,HSIN CHU,TAIWAN,R.O.C.","(03)5166668","support@sis.com","www.sis.com","黃柏文","副總經理","(03)5166000","IR@sis.com","www.sis.com","https://www.sis.com/zh-tw/Investory/GovernancePolicy"
"2364","倫飛電腦實業股份有限公司","倫飛","電腦及週邊設備業","－","臺北市內湖區瑞光路550號9樓","	79883646","高育仁","高思復","王宏榮","處長","陳淑玲經理","(02)55899999","1984/02/27","1997/08/11",新台幣                 10.0000元,523897100,52388648,0,1062,合併,每年,董事會,"福邦證券股份有限公司股務代理部","02-2371-1658","台北市中正區忠孝西路一段6號6樓","安侯建業聯合會計師事務所","黃采絹","黃柏淑","Twinhead","9F,550 Rueiguang RoadNeihu,Taipei,Taiwan 114,Roc","(02)55557777","ir_th@twinhead.com.tw","https://www.twinhead.com.tw/","王宏榮","處長","(02)5589-9999","ir_th@twinhead.com.tw","http://www.twinhead.com.tw/rela.php","https://www.twinhead.com.tw/"
"2365","昆盈企業股份有限公司","昆盈","電腦及週邊設備業","－","新北市三重區重新路五段492號1-8樓","	05141520","卓世坤","李百祥","卓世坤","董事長","高安民","(02)29956645","1983/11/03","1997/11/03",新台幣                 10.0000元,2215284960,221528496,0,0,合併,每季,董事會,"兆豐證券股份有限公司股務代理部","(02)3393-0898","台北市忠孝東路二段95號1樓","勤業眾信聯合會計師事務所","吳美慧","吳鈞麟","KYE","1-8F No.492, Sec. 5, Chongxin Rd.Sanchong Dist., New Taipei City 24160","(02)29956649","IR@geniusnet.com","www.geniusnet.com","高安民","副總經理","(02)29956645","Kevin_Kao@geniusnet.com","www.geniusnet.com/tw/investors/stakeholders","www.geniusnet.com/tw/investors/corporate_governance"
"2367","燿華電子股份有限公司","燿華","電子零組件業","－","新北市土城區中山路4巷3號","	05637971","張元銘","叢守璞","吳錦芳","副總","劉長寧","(02)22685071","1984/12/31","1997/12/13",新台幣                 10.0000元,7062531750,706253175,0,0,合併,每年,股東會,"燿華電子股務室","(02)2705-1333","台北市敦化南路二段98號12樓","安侯建業會計師事務所","莊鈞維","洪士剛","UNITECH","NO.3, Lane 4 ,Chung-Shan Road,Tucheng Dist, New Taipei City,Taiwan ROC","(02)22685074","kanty-wu@pcbut.com.tw","https://www.pcbut.com.tw","吳錦芳","副總","(02)22685071","kanty-wu@pcbut.com.tw","https://esg.pcbut.com.tw/twww/?p=1924","https://www.pcbut.com.tw/portal/inner-page.html?P=5&SP=0"
"2368","金像電子(股)公司","金像電","電子零組件業","－","桃園市中壢區西園路113號","	30955404","楊承澤","楊承澤","楊承蓉","處長","楊長津","(03)4612541","1981/09/05","1998/03/09",新台幣                 10.0000元,5170469360,517046936,0,0,合併,每年,董事會,"中國信託商業銀行代理部","(02)6636-5566","台北市重慶南路一段83號5樓","勤業眾信聯合會計師事務所","褚世蘭","姚勝雄","GCE","NO.113,Shi Yuan Rd.Chung Li IND.PARK.Taoyuan Taiwan R.O.C.","(03)2506349","2c0@gce.com.tw","http://www.gce.com.tw/","楊承蓉","處長","03)4612541-22588","Tina_yang@gce.com.tw","http://www.gce.com.tw/gce_tw/financial.html","https://www.gce.com.tw/director.html"
"2369","菱生精密工業股份有限公司","菱生","半導體業","－","台中市潭子區南二路五之一號","	55625676","葉樹泉","蔡澤松","劉嘉宗","副總經理","蔡汐姿","04-25335120","1973/04/23","1998/04/10",新台幣                 10.0000元,3801023440,380102344,0,0,合併,每年,股東會,"中國信託商業銀行代理部","02-66365566","100台北市重慶南路一段83號5F","勤業眾信聯合會計師事務所","吳麗冬","劉力維","LPI","5-1 Nan 2nd RoadTaichung, Taiwan R.O.C.","04-25327904","lpi@lingsen.com.tw","https://www.lingsen.com.tw","劉嘉宗","副總經理","04-25335120","LeoLiu@lingsen.com.tw","https://www.lingsen.com.tw","https://www.lingsen.com.tw/webc/html/investor/CorporateGovernance.aspx"
"2371","大同股份有限公司","大同","電機機械","－","台北市中山北路3段22號","	11026506","張榮華","張松鑌","丁爾昆","發言人","張瑞凱","02-25925252","1950/04/11","1962/02/09",新台幣                 10.0000元,21508348510,2150834851,0,0,合併,每半會計年度,董事會,"福邦證券股份有限公司股務代理部","02-2371-1658","台北市中正區忠孝西路一段六號六樓","安侯建業聯合會計師事務所","陳宗哲","賴麗真","TATUNG COMPANY","22 Chungshan North Road,3rd Sec.,Taipei,Taiwan,R.O.C","02-25921813","edward.ting@tatung.com","https://www.tatung.com","丁爾昆","發言人","02-89792518轉3780","edward.ting@tatung.com","https://www.tatung.com/tw/info/appeal","https://www.tatung.com/tw/info/comp-gov-operation"
"2373","震旦行股份有限公司","震旦行","其他電子業","－","台北市信義路五段二號十五樓","	03568400","馬志賢","游炎林","王玉治","總監","林于絹","(02)2345-8088","1963/07/19","1991/08/01",新台幣                 10.0000元,2362025180,236202518,0,0,合併,每年,董事會,"元大證券股份有限公司","(02)25865859","臺北市大安區敦化南路2段67號地下一樓","勤業眾信聯合會計師事務所","黃海悅","池瑞全","Aurora","15F,No.2,Sec.5,Shinyi-RoadTaipei,Taiwan,R.O.C.","(02)2345-8061","IR@aurora.com.tw","www.aurora.com.tw","王玉治","總監","0965581965","IR@aurora.com.tw","https://www.aurora.com.tw/stakeholder","https://www.aurora.com.tw/board-of-directors"
"2374","佳能企業股份有限公司","佳能","光電業","－","新北市新莊區中環路三段200號18樓","	11394902","章孝祺","章孝祺","章孝祺","董事長暨總經理","鄭可人","(02)8522-9788","1965/05/21","1995/01/16",新台幣                 10.0000元,3365755330,336575533,0,0,合併,每年,股東會,"中國信託商業銀行代理部","(02)66365566","台北市中正區重慶南路一段83號五樓","資誠聯合會計師事務所","阮呂曼玉","馮敏娟","ABILITY","18F.,No.200, Sec. 3, Zhonghuan Rd., Xinzhuang DistNew Taipei City 24242, Taiwan (R.O.C.)","(02)8522-9789","kc.cheng@abilitycorp.com.tw","www.abilitycorp.com.tw","鄭可人","公關經理","02-8522 9788","kc.cheng@abilitycorp.com.tw","www.abilitycorp.com.tw","https://www.abilitycorp.com.tw/c/about_opertion.php"
"2375","凱美電機股份有限公司","凱美","電子零組件業","－","新北市汐止區新台五路一段81號13樓","	34230543","呂紹萍","劉文亮","李彥儒","業務總監","陳本記","(02)26981010","1978/09/11","1998/08/29",新台幣                 10.0000元,1086753340,108675334,0,0,合併,每半會計年度,董事會,"台新綜合證券(股)公司股務代理部","02-25048125","台北市中山區建國北路1段96號地下1樓","安侯建業聯合會計師事務所","王怡文","劉振興","KAIMEI","13F, No.81, Sec. 1, Xintai 5th Rd., Xizhi Dist.,New Taipei City, Taiwan.","(02)26980386","winnie.chen@jamicon.teapo.com","http://jamicon.teapo.com","陳本記","副總","(02)26981010","modoki.chen@jamicon.teapo.com","http://jamicon.teapo.com","https://jamicon.teapo.com/tw/investors/company.aspx"
"2376","技嘉科技股份有限公司","技嘉","電腦及週邊設備業","－","新北市新店區寶強路六號","	22044755","葉培城","李宜泰/林英宇","劉文忠","協理","蕭文達","89124000","1986/04/30","1998/09/24",新台幣                 10.0000元,6698888860,669888886,0,0,合併,每年,董事會,"中國信託商業銀行代理部","02-66365566","台北市重慶南路一段83號5樓","資誠聯合會計師事務所","梁益彰","陳啟東","GIGABYTE","No.6, Baoqiang Rd.,Xindian Dist.,New Taipei City 231,Taiwan","02-89124010","stockholder@gigabyte.com","http://www.gigabyte.com","劉文忠","協理","89124000","stockholder@gigabyte.com","http://www.gigabyte.tw/gigabyte.aspx?s=-3&p=","https://csr.gigabyte.tw/corporate-organization/ ; https://www.gigabyte.com/tw/Investor/81"
"2377","微星科技股份有限公司","微星","電腦及週邊設備業","－","新北市中和區立德街69號","	22178368","徐祥","黃金請","洪寶玉","副總經理","張茹婷","(02)32345599","1986/08/04","1998/10/31",新台幣                 10.0000元,8448561990,844856199,0,0,合併,每年,董事會,"中國信託商業銀行代理部","(02)66365566","台北市重慶南路一段83號5樓","資誠聯合會計師事務所","于智帆","余正富","MSI","No.69, Lide St., Zhonghe Dist.,New Taipei City 235, Taiwan  R.O.C.","(02)22271707","080419861@msi.com.tw","http://tw.msi.com/","張茹婷","協理","(02)32345599","080419862@msi.com","http://tw.msi.com/","http://tw.msi.com/"
"2379","瑞昱半導體股份有限公司","瑞昱","半導體業","－","新竹科學園區創新二路2號","	22671299","邱順建","顏光裕","黃依瑋","副總經理","陳慧珊","03-5780211","1987/10/21","1998/10/26",新台幣                 10.0000元,5155126410,515512641,0,0,合併,每年,董事會,"中國信託商業銀行代理部","02-66365566","台北市重慶南路一段83號5F","資誠聯合會計師事務所","李典易","鄭雅慧","RT","No.2, Innovation Road Ⅱ, Hsinchu Science Park, Hsinchu 300, TaiwanHSINCHU,TAIWAN","03-5633909","investors@realtek.com","www.realtek.com","陳慧珊","投資人關係經理","03-5780211","investors@realtek.com","www.realtek.com","https://www.realtek.com/Article/Index?menu_id=324&lang=zh-TW"
"2380","虹光精密工業股份有限公司","虹光","電腦及週邊設備業","－","新竹縣新竹科學園區研新一路二十號","	22099759","盛少瀾","盛少瀾","盧冠嶧","財務長","晁綿璟","03-5782388","1991/04/24","1998/12/03",新台幣                 10.0000元,600000000,60000000,9539303,0,合併,每半會計年度,董事會,"永豐金證券股份有限公司","02-23816288","台北市博愛路17號3樓","建智聯合會計師事務所","廖年傑","陳靜宜","AVISION","No.20,Creation Rd. 1,Science-Based Industrial Park,HsinchuTaiwan,ROC","03-6662682","Luke_lu@avision.com.tw","www.avision.com.tw","盧冠嶧","財務長","03-5782388#8200","Luke_lu@avision.com.tw","https://www.avision.com/tw/about-avision/crs/grievance-procedure/","https://www.avision.com/tw/investor-relations/corporate-governance/"
"2382","廣達電腦股份有限公司","廣達","電腦及週邊設備業","－","桃園市龜山區文化里文化二路188號","	22822281","林百里","梁次震","楊俊烈","資深副總暨財務長","許昭瑾","03-3272345","1988/05/09","1999/01/08",新台幣                 10.0000元,38626274320,3862627432,0,0,合併,每半會計年度,董事會,"中國信託商業銀行   代理部","02-66365566","台北市重慶南路一段83號 5樓","安侯建業聯合會計師事務所","吳趙仁","連淑凌","QCI","No.211, Wenhua 2nd Rd., Guishan Dist.,Taoyuan City 33377, Taiwan, R. O. C.","03-3271511","qci.invest@quantatw.com","www.quantatw.com","許昭瑾","副處長","03-3272345","qci.invest@quantatw.com","https://www.quantatw.com/Quanta/chinese/esg/contact_sc.aspx","https://www.quantatw.com/Quanta/chinese/corporategovernance/corporategovernance.aspx"
"2383","台光電子材料股份有限公司","台光電","電子零組件業","－","桃園巿觀音區觀音工業區大同一路18號","	86521351","董定宇","董定宇","王凱弘(暫代)","專案資深經理","王凱弘","(03)4837937","1992/03/24","1998/11/27",新台幣                 10.0000元,3583211140,358321114,0,0,合併,每年,董事會,"亞東證券股份有限公司","(02)7753-1699","新北市板橋區新站路16號13樓","安侯建業聯合會計師事務所","江曉苓","許淑敏","EMC","No.18, Datong 1st Rd., Guanyin Dist.,Taoyuan City 32849, Taiwan(R.O.C.)","(03)4837949","candy@mail.emctw.com","http://www.emctw.com","王凱弘","專案資深經理","03-4837937","IR@mail.emctw.com","http://www.emctw.com","https://www.emctw.com/zh-TW/organization_structure/index#"
"2385","群光電子股份有限公司","群光","電子零組件業","－","新北市三重區光復路二段69號","	20954200","許崑泰","呂進宗","林玉玲","資深副總經理","楊琬婷","02-66266788","1983/02/22","1999/01/05",新台幣                 10.0000元,7600531720,760053172,0,0,合併,每年,董事會,"中國信託商業銀行 代理部","02-66365566","台北市重慶南路一段83號5樓","資誠聯合會計師事務所","梁華玲","廖福銘","CHICONY","No.69, Sec. 2, Guangfu Rd., Sanchong Dist.,New Taipei City 24158, Taiwan(R.O.C.)","02-29958819","molly_lin@chicony.com","https://www.chicony.com","楊琬婷","投資人關係處長","2-6626-6788 Ext11121","Ting_yang@chicony.com","https://www.chicony.com","https://www.chicony.com/chicony/tw/investors"
"2387","精元電腦股份有限公司","精元","電腦及週邊設備業","－","台中市大雅區昌平路四段475號","	86244265","蔡火爐","羅逸","吳明鴻","財務長","羅逸","04-25686983","1991/07/22","1999/01/25",新台幣                 10.0000元,1952510510,195251051,0,0,合併,每年,董事會,"群益金鼎證券股份有限公司","02-27023999","台北市敦化南路二段97號地下二樓","資誠聯合會計師事務所","吳松源","王玉娟","SUNREX","No.475,Sec.4,Chang Ping Road, Ta Ya Dist.,Taichung City , Taiwan (R.O.C.)","04-25683429","sunrex@sunrex.com.tw","www.sunrex.com.tw","吳明鴻","財務長","0425686983分機299","kerry.wu@sunrex.com.tw","https://www.sunrex.com.tw/esg/673fe06db09f1","https://www.sunrex.com.tw/esg/673ed20f9a2f6/673fe9590668c"
"2388","威盛電子股份有限公司","威盛","半導體業","－","新北市新店區中正路535號8樓","	86870786","陳文琦","陳文琦","陳文琦","董事長兼總經理","黎少倫.陳寶惠","8862-22185452","1992/09/21","1999/03/05",新台幣                 10.0000元,5557899410,555789941,0,0,合併,每年,董事會,"中國信託商業銀行代理部","02- 6636-5566","台北市重慶南路一段八十三號五樓","勤業眾信聯合會計師事務所","王攀發","劉書琳","VIA","8F., No.535 Chung-Cheng Road, Hsin Tien, Dist.New Taipei City, Taiwan","8862-22185453","viainform@via.com.tw","http://www.via.com.tw","利瓊書","副理","2218-5452分機867133","ir@via.com.tw","https://www.viatech.com/tw/company-overview-tw/investor-relations/","https://www.viatech.com/tw/company-overview-tw/investor-relations/corporate-governance/"
"2390","云辰電子開發股份有限公司","云辰","其他電子業","－","新北市土城區中華路一段50號3樓","	34412092","張姿玲","呂麗筑","呂麗筑","總經理","朱駿豪","(02)2260-6868","1980/04/16","1999/06/15",新台幣                 10.0000元,1926194420,192619442,0,0,合併,每年,股東會,"群益金鼎證券(股)公司股務代理部","(02)2702-3999","台北市大安區敦化南路二段97號地下二樓","勤業眾信會計師事務所","呂宜真","彭以驊","EVERSPRING","3F, No.50, Sec. 1, Zhonghua Rd.,Tucheng Dist., New Taipei City  Taiwan","(02)2260-1313","lily.lu@everspring.com","https://www.everspring.com","呂麗筑","總經理","(02)2260-6868","lily.lu@everspring.com","https://www.everspring.com","https://www.everspring.com/zh/governance2-6-10/governance2-6-8-11-12/"
"2392","正崴精密工業股份有限公司","正崴","電子零組件業","－","新北市土城區中山路18號","	22223510","郭台強","郭台強","劉素芳","特助","羅奇瑋","2269-9888","1986/07/14","1999/09/20",新台幣                 10.0000元,5123269400,512326940,0,0,合併,每年,董事會,"福邦證券股份有限公司","2371-1658","台北市中正區忠孝西路一段６號６樓","資誠聯合會計師事務所","周筱姿","林冠宏","FOXLINK","NO.18, CHUNG SHAN RD.TU CHENG DIST., NEW TAIPEI CITY TAIWAN","2268-0738","contactus@foxlink.com","www.foxlink.com","劉素芳","特助","2269-9888#99666","contactus@foxlink.com","http://www.foxlink.com.tw/_ch/1_about/ab_11csr_03.html","https://www.foxlink.com/web/%e5%85%ac%e5%8f%b8%e6%b2%bb%e7%90%86/"
"2393","億光電子工業股份有限公司","億光","光電業","－","新北市樹林區中華路6之8號","	34516147","葉寅夫","葉寅夫","許佳璇","總經理室特別助理","陳儀真","02-26856688","1983/05/28","1999/11/04",新台幣                 10.0000元,4433930860,443393086,0,0,合併,每年,股東會,"群益金鼎證券(股)公司股務代理部","02-27023999","台北市敦化南路二段97號B2","安侯建業聯合會計師事務所","辛郁婷","郭冠纓","EVERLIGHT","No. 6-8, Zhonghua Road.Shulin Dist., New Taipei City, Taiwan","02-26856895","fn@everlight.com","www.everlight.com","黃迺浩","主任","02-26856688","ir@everlight.com","https://www.everlight.com/esg/","https://www.everlight.com/investor/corporate1/"
"2395","研華股份有限公司","研華","電腦及週邊設備業","－","台北市內湖區瑞光路26巷20弄1號","	05155853","劉克振","陳清熙、蔡淑妍、張家豪","陳清熙","總經理","廖胤翔","(02)7732-3399","1981/09/07","1999/12/13",新台幣                 10.0000元,8682544870,868254487,0,0,合併,每年,董事會,"凱基證券股份有限公司","02-2389-2999","台北市重慶南路一段2號5樓","資誠聯合會計師事務所","梁華玲","蔡蓓華","Advantech","No. 1, Alley 20, Lane 26, Rueiguang Road, Neihu District,Taipei 114 , Taiwan, R.O.C.","(02)2794-7301","audit.direct@advantech.com.tw","www.advantech.com","廖胤翔","資深經理","7732-3399","GraceYH.Liao@advantech.com.tw","https://esg.advantech.com/zh-tw/sustainability-management/stakeholder-engagement","https://www.advantech.com/zh-tw/investor/board-of-directors"
"2397","友通資訊股份有限公司","友通","電腦及週邊設備業","－","新北市汐止區新台五路一 段97號10樓","	30950652","陳其宏","田芝穎","黃麗敏","資深處長","崔家嘉","(02)2697-2986","1981/07/14","2000/01/15",新台幣                 10.0000元,1144888570,114488857,0,0,合併,每年,董事會,"凱基證券 股務代理部","(02)2389-2999","台北市重慶南路一段2號5樓","安侯建業聯合會計師事務所","高靚玟","張惠貞","DFI Inc.","10F., No. 97, Sec. 1, Xintai 5th Rd., Xizhi Dist.,New Taipei City, Taiwan, R.O.C.","(02)2697-2168","milly.huang@dfi.com","WWW.DFI.COM","黃麗敏","資深處長","02-2697-2986","milly.huang@dfi.com","https://www.dfi.com/tw/investorrelations/stakeholderservice","https://www.dfi.com/tw/investorrelations/majorinternalpolicy"
"2399","映泰股份有限公司","映泰","電腦及週邊設備業","－","新北市新店區民權路108-2號2樓","	23826200","王明義","王明正","鄭仲賜","協理","賴淑卿","22180150","1990/08/29","1999/12/16",新台幣                 10.0000元,1781000000,178100000,0,0,合併,每年,股東會,"福邦證券股份有限公司","(02)2371-1658","10041 台北市中正區忠孝西路一段6號6樓","勤業眾信聯合會計師事務所","方涵妮","周仕杰","BIOSTAR","2FL.NO.108-2 MIN CHUAN ROADHSIN TIEN DIST.,NEW TAIPEI CITY,TAIWAN","22181552","jones@biostar.com.tw","https://www.biostar.com.tw/app/tw/","鄭仲賜","協理","22180150","jones@biostar.com.tw","https://www.biostar.com.tw/app/tw/about/about_stakeholders.php","https://www.biostar.com.tw/app/tw/about/investors_corporate_governance.php"
"2401","凌陽科技股份有限公司","凌陽","半導體業","－","新竹科學園區創新一路十九號","	23821182","黃洲杰","黃洲杰","莊濟安","處長","郭明怡","03-5786005","1990/08/03","2000/01/27",新台幣                 10.0000元,5919949190,591994919,0,0,合併,每年,股東會,"中信銀股務代理部","02-6636-5566","台北市重慶南路一段八十三號五樓","勤業眾信聯合會計師事務所","陳明煇","葉東煇","SUNPLUS","19,Innovation Road 1,Science-Based Industrial ParkHsin-Chu,Taiwan,R.O.C.","03-5786006","nicole@sunplus.com","www.sunplus.com","莊濟安","處長","03-5786005","ir@sunplus.com","www.sunplus.com","www.sunplus.com"
"2402","毅嘉科技股份有限公司","毅嘉","電子零組件業","－","桃園市龜山區華亞二路268號","	23588039","黃秋永","曾恭勝","曾恭勝","執行長","黃彥翔","03-3973345","1989/11/07","2000/01/14",新台幣                 10.0000元,3075365330,307536533,0,0,合併,每年,董事會,"台新證券股務代理部","02-25048125","台北市建國北路一段96號B1","勤業眾信聯合會計師事務所","謝明忠","劉書琳","ICHIA","268 HWA-YA 2ND ROAD, GUEISHAN,TAOYUAN, TAIWAN, R.O.C","03-3973536","ichia.ir@ichia.com","www.ichia.com","黃彥翔","財務長","033973345#11133","ichia.ir@ichia.com","http://www.ichia.com/index.php?option=com_content&view=article&id=263&Itemid=1138&lang=tw","http://www.ichia.com/index.php?option=com_content&view=article&id=136&Itemid=787&lang=tw"
"2404","漢唐集成股份有限公司","漢唐","其他電子業","－","新北市中和區橋和路13號13樓","	20938096","李惠文","賴志明","許俊源","業務長","潘麗美","(02)2917-4060","1982/09/13","2000/03/14",新台幣                 10.0000元,1905866980,190586698,0,0,合併,每年,董事會,"台新綜合證券(股)公司股務代理部","(02)-25048125","台北市建國北路一段96號地下1樓","安侯建業聯合會計師事務所","陳富仁","陳奕任","UIS","13F,  No. 13,  Qiaohe  Road  Zhonghe District,New Taipei City ,235029, Taiwan,R.O.C.","(02)2913-1102","phy@uisco.com.tw","http://www.uisco.com.tw","潘麗美","會計處經理","02-29174060分機8114","phy@uisco.com.tw","http://www.uisco.com.tw","－"
"2405","輔信科技股份有限公司","輔信","電腦及週邊設備業","－","台北市內湖區瑞光路76巷30號","	20980880","余麗娜","鄭瑋勳","張崇瑛","處長","楊照堂","8792-6168","1983/06/10","2000/03/17",新台幣                 10.0000元,3434273030,343427303,0,0,合併,每半會計年度,董事會,"群益金鼎證券股份有限公司","(02)2702-3999","台北市大安區敦化南路二段97號B2","勤業眾信會計師事務所","錢奕圻","張嘉銘","Shuttle","No. 30, Lane 76, Rei-Kuang RoadTaipei, Taiwan, R.O.C.","2793-6286","information@tw.shuttle.com","www.shuttle.com","蕭郁婷","經理","87926168","victoria_hsiao@tw.shuttle.com","https://www.shuttle.com/Investors/Stakeholder?LOCATION_Code=TW","https://tw1.shuttle.com/Investors?location_code=TW"
"2406","國碩科技工業股份有限公司","國碩","光電業","－","新竹縣湖口鄉工業一路3號","	97178376","陳繼明","鍾高原","陳繼明","董事長","陳敏敏","03-5985510","1997/03/26","2000/04/29",新台幣                 10.0000元,3509056890,350905689,0,0,合併,每年,股東會,"台新證券股務代理部","02-25048125","台北市建國北路一段96號地下一樓","勤業眾信聯合會計師事務所","林心彤","林政治","GSC","3,Kung Yeh 1st Road, Hsinchu Industrial ParkHsinchu,Taiwan,R.O.C","03-5984455","ir@gigastorage.com.tw","http://www.gigastorage.com.tw/index.aspx","陳敏敏","副處長","03-5985510 #8119","ir@gigastorage.com.tw","http://www.gigastorage.com.tw/investors_contacts.aspx","https://www.gigastorage.com.tw/investors_organize.aspx"
"2408","南亞科技股份有限公司","南亞科","半導體業","－","新北市泰山區大科里南林路98號","	89390656","鄒明仁","李培瑛","李培瑛","總經理","吳志祥","(02)2904-5858","1995/03/04","2000/08/17",新台幣                 10.0000元,34502058940,3450205894,351578000,0,合併,每年,董事會,"本公司股務組","(02)2718-9898","台北市內湖區南京東路六段380號10樓","安侯建業聯合會計師事務所","張肇文","李慈慧","NTC","NO. 98, NANLIN RD.,TAISHAN, NEW TAIPEI CITY, TAIWAN, R.O.C.","(02)2908-0327","NTCIR@ntc.com.tw","https://www.nanya.com","竇&#21843;華","投資人關係經理","(02)2904-5858","NTCIR@ntc.com.tw","https://www.nanya.com/ESG/tw/materiality_analysis","https://www.nanya.com/tw/IR/70"
"2409","友達光電股份有限公司","友達","光電業","－","新竹市科學園區力行二路一號","	84149738","彭又又浪","柯富仁","張博儀","財務長","蔡宜玲","03-5008800","1996/08/12","2000/09/08",新台幣                 10.0000元,75470989720,7547098972,0,0,合併,每年,董事會,"台新證券股務代理部","(02)25048125","臺北市建國北路一段96號B1","安侯建業聯合會計師事務所","于紀隆","呂倩慧","AUO","No.1,Li-Hsin Rd 2 .,Hsinchu Science Park,Hsinchu,Taiwan,R.O.C.","03-5643370","auo@auo.com","www.auo.com","趙銘慧","經理","03-500-8800","ir@auo.com","https://csr.auo.com/tw/operating/partners/stakeholder","https://www.auo.com/zh-TW/Governance/index"
"2412","中華電信股份有限公司","中華電","通信網路業","－","台北市信義路一段二十一之三號","	96979933","簡志誠","林榮賜","許文馨","執行副總經理兼財務長","林文智、蔡卓芬","(02)23941845","1996/06/15","2000/10/27",新台幣                 10.0000元,77574465450,7757446545,0,0,合併,每年,股東會,"元大證券股份有限公司股務代理部","(02)2586-5859","台北市大安區敦化南路2段67號地下一樓","資誠聯合會計師事務所","黃世鈞","徐建業","CHT","21-3 Hsinyi Road, Sec.1,Taipei 100, Taiwan, R.O.C.","無","fn@cht.com.tw","https://www.cht.com.tw","蔡卓芬","財務處副總經理","(02)23445488","chtir@cht.com.tw","https://www.cht.com.tw/zh-tw/home/cht/esg/sustainable-governance/stakeholders-engagement","https://www.cht.com.tw/zh-tw/home/cht/about-cht/introduction/board_of_directors"
"2413","環隆科技股份有限公司","環科","電子零組件業","－","台中市工業區27路3號","	52878846","歐仁傑","歐仁傑","麻中直","總經理室協理","閻慧芳","04-23590096","1984/02/18","2000/09/11",新台幣                 10.0000元,1273592000,127359200,0,0,合併,每年,股東會,"統一綜合證券(股)股務代理部","02-27463797","台北市松山區東興路8號地下一樓","安永聯合會計師事務所","羅文振","黃靖雅","UMEC","3,27TH RD., TAICHUNG INDUSTRIAL PARKTAICHUNG,TAIWAN,R.O.C","04-23590129","kevin_mar@umec.com.tw","http://www.umec.com.tw","麻中直","總經理室協理","04-23590096-1201","kevin_mar@umec.com.tw","http://www.umec.com.tw/tw/index.php","https://www.umec.com.tw/Investor/CorporateGovernance"
"2414","精技電腦股份有限公司","精技","電子通路業","－","台北市內湖區新湖二路236號3樓","	12215548","葉佳紋","李盈芳","洪莉萍","副總經理","曾三娜","(02)27962345","1979/03/05","2000/09/11",新台幣                 10.0000元,1617358460,161735846,0,0,合併,每年,股東會,"凱基證券股份有限公司","(02)2389-2999","台北市重慶南路一段2號5樓","安永聯合會計師事務所","李育儒","郭紹彬","UT","3Fl., No. 236, Shinhu 2nd Rd., Neihu Chiu,Taipei.TaiwanTaipei ROC","(02)87919499","7503@unitech.com.tw","https://www.unitech.com.tw/","洪莉萍","副總經理","(02)27958612","7503@unitech.com.tw","https://www.unitech.com.tw/stakeholders.aspx","https://www.unitech.com.tw/investor-administer.aspx"
"2415","錩新科技股份有限公司","錩新","電子零組件業","－","台北市中山區遼寧街179號20樓","	44913118","丁廣欽","蕭伊宏","陳光宗","財務副總","林秀珠","02-23898686","1972/02/22","2000/09/11",新台幣                 10.0000元,900000000,90000000,0,0,合併,每年,股東會,"富邦綜合證券股份有限公司","(02)2361-1300","台北市中正區許昌街17號11樓","勤業眾信聯合會計師事務所","黃秀椿","張正修","CX TECH","20F.,No179,Liaoning St.,Taipei 104105,Taiwin(R.O.C)Taipei 104, Taiwan (R.O.C.)","02-23896766","spokesman@mail.cxtechnology.com","www.cxtechnology.com","陳光宗","財務副總","02-23896788","spokesman@mail.cxtechnology.com","http://www.cxtechnology.com/fund3","http://www.cxtechnology.com/fund2"
"2417","圓剛科技股份有限公司","圓剛","電腦及週邊設備業","－","新北市中和區建一路135號","	23611974","郭重松","郭重松","林朝祥","財務處副總經理","張文香","02-22263630","1990/01/17","2000/09/11",新台幣                 10.0000元,1572188640,157218864,0,0,合併,每年,股東會,"富邦綜合證券股份有限公司","02-2361-1300","100台北市中正區許昌街17號11樓","勤業眾信聯合會計師事務所","陳培德","劉怡青","AVERMEDIA","No.135, Jian 1st Rd., Zhonghe Dist.,New Taipei City 23585, Taiwan (R.O.C.)","02-22211926","jesse.lin@avermedia.com","www.avermedia.com","林朝祥","財務處副總經理","02-22263630","ir@avermedia.com","https://www.avermedia.com/tw/responsibility","http://ir.avermedia.com/irwebsite_c/#corporate_governance"
"2419","仲琦科技股份有限公司","仲琦","通信網路業","－","新竹科學園區新竹市力行一路1-8號","	22029190","黃文芳","周暘智","周暘智","總經理","許裕發(暫代)","03-5786658","1986/03/24","2000/09/11",新台幣                 10.0000元,3213172290,321317229,0,0,合併,每年,董事會,"群益金鼎證券股份有限公司","02-27023999","台北市大安區敦化南路二段97號B2","安侯建業聯合會計師事務所","吳俊源","鄭安志","H.T.","No.1-8, Lising 1st Rd, Hsinchu Shu Park,Hsinchu City, Taiwan","03-5778856","ir@hitrontech.com","http://www.hitrontech.com","周暘智","總經理","03-5786658","ir@hitrontech.com","https://www.hitrontech.com/zh-tw/esg/stakeholders/","https://www.hitrontech.com/zh-tw/investors/board-of-directors/"
"2420","新巨企業股份有限公司","新巨","電子零組件業","－","新北市新店區民權路50號10樓","	20970807","高銘傳","鄭秋怡","鄭秋怡","總經理","林景新","(02)29188512","1983/04/25","2000/09/11",新台幣                 10.0000元,1526486880,152648688,0,0,合併,每年,股東會,"永豐金證券股份有限公司","(02)23816288","台北市中正區博愛路17號3樓","安侯建業會計師事務所","陳盈如","吳趙仁","ZIPPY","10F., No.50, Minquan RdXindian Dist.,New Taipei City,Taiwan ROC","(02)2915-5765","ROBERT_KAO@ZIPPY.COM.TW","www.zippy.com.tw/tw","鄭秋怡","總經理","29188512#729","linda_cheng@zippy.com.tw","www.zippy.com.tw/tw/07_loop_peo.aspx","https://www.zippy.com/tw/06_investors_1.aspx"
"2421","建準電機工業股份有限公司","建準","電子零組件業","－","高雄市前鎮區新衙路296巷30號","	81448796","洪慶昇","洪慶昇","李為仁","副總經理","黃妍禎","07-8135888","1980/10/25","2000/09/11",新台幣                 10.0000元,2869436690,286943669,0,0,合併,每年,股東會,"褔邦證券股份有限公司","(02)2371-1658","台北市中正區忠孝西路一段6號6樓","國富浩華聯合會計師事務所","李國銘","黃鈴雯","SUNON","No. 30, Ln. 296, Xinya Rd., Qianzhen Dist.,Kaohsiung City , Taiwan","07-8122929","sunon@sunon.com","www.sunon.com","李為仁","副總經理, 財務長暨發言人","+886-7-8135888","ir@sunon.com","https://www.sunon.com/CSRDetail.aspx?id=9AF723F62937C974","https://www.sunon.com/CSRDetail.aspx?id=FB4DEB177C8753C2"
"2423","固緯電子實業股份有限公司","固緯","其他電子業","－","新北市土城區中興路7之1號","	04735004","林錦章","張朝明","林欣怡","副總","陳哲誠","(02)22680389","1975/09/01","2000/09/11",新台幣                 10.0000元,1450472890,145047289,0,0,合併,每年,董事會,"台新綜合證券股份有限公司","(02)25048125","台北市建國北路一段96號地下一樓","安永聯合會計師事務所","張巧穎","陳智忠","GW","No 7-1,Jhongsing RoadTucheng Dist.,New Taipei City,  Taiwan","(02)22681086","alex_chen@goodwill.com.tw","www.gwinstek.com","林欣怡","副總","0910019420","sara_lin@goodwill.com.tw","https://www.gwinstek.com/zh-TW/1/index","https://www.gwinstek.com/zh-TW/CO1/index"
"2424","隴華電子股份有限公司","隴華","通信網路業","－","台北市松山區八德路三段32號15樓","	04926876","王雅萱","王雅萱","王雅萱","總經理","陳孟澤","(02)2578-7775","1973/01/24","2000/09/11",新台幣                 10.0000元,595850000,59585000,41585000,0,合併,每季,董事會,"福邦證券股份有限公司","(02)2371-1658","10041 台北市中正區忠孝西路１段６號６樓","資誠聯合會計師事務所","楊蕙慈","林柏全","LUNG HWA","15F., No.32, Sec. 3, Bade Rd., Songshan Dist.,Taipei City 10559, Taiwan (R.O.C.)","(02)2578-7771","sharon@lunghwa.com.tw","https://www.lhsat.com/","王雅萱","總經理","(02)2578-7775","sharon@lunghwa.com.tw","http://twse.lunghwa.com.tw/investor.html","http://twse.lunghwa.com.tw/investor.html"
"2425","承啟科技股份有限公司","承啟","電腦及週邊設備業","－","新北市新店區民權路48-3號3樓","	22332192","高樹榮","高樹榮","李凱莉","行銷企劃部經理","張亞玲","(02)2913-8833","1986/11/17","2000/09/11",新台幣                 10.0000元,964988310,96498831,0,0,合併,每年,董事會,"福邦證券股份有限公司","02-23711658","10041 台北市中正區忠孝西路一段6號6樓","資誠聯合會計師事務所","楊蕙慈","林雅慧","CHAINTECH","3F., No.48-3, Mincyuan Rd.,Xindian Dist,Xinbei citt, 231, Taiwan R.O.C.","(02)2913-6622","alenchang@chaintech.com.tw","www.chaintech.com.tw","李凱莉","行銷企劃部經理","02-29138833#3312","kerryli@chaintech.com.tw","http://www.chaintech.com.tw/Investors.aspx?cid=3188&type=0","http://www.chaintech.com.tw/Investors.aspx?cid=3167&type=1"
"2426","鼎元光電科技股份有限公司","鼎元","光電業","－","新竹科學園區苗栗縣竹南鎮科中路15號","	22434156","蘇&#23791;正","李榮寰","邱美玲","副總經理","李曉萍","(037)582997","1987/04/04","2000/09/11",新台幣                 10.0000元,3006222520,300622252,0,0,合併,每年,董事會,"富邦綜合證券股份有限公司","02-23611300","100415台北市中正區許昌街17號11樓","勤業眾信聯合會計師事務所","蔡美貞","陳明煇","TYNTEK","No.15, Kejung Rd., Chunan  Science Park , ChunanMiaoli County 350, Taiwan (R.O.C.)","(037)582908","service@serv.tyntek.com.tw","www.tyntek.com.tw","邱美玲","副總經理","037-582997","lin@serv.tyntek.com.tw","https://www.tyntek.com.tw/responsibility.php?cs=1&sn=71","https://www.tyntek.com.tw/investor.php"
"2427","三商電腦股份有限公司","三商電","資訊服務業","－","台北市信義路五段150巷2號3樓","	31275691","陳翔中","陳翔中","陳文祝","執行副總","許曉琪","02-27225333","1976/12/09","2000/09/11",新台幣                 10.0000元,1979995730,197999573,0,0,合併,每年,股東會,"宏遠證券","02-23268818","台北市信義路四段236號3樓","立本台灣聯合會計師事務所","張書成","劉克宜","MDS","3F,2,150 Lane, Sec.,5, Hsin-I Rd.,Taipei,Taiwan, R.O.C.","02-27222330","wenchu@mds.com.tw; elsa@mds.com.tw","www.mds.com.tw","許曉琪","處長","02-27225333#2118","elsa@mds.com.tw","https://www.mds.com.tw/tc/investment_form.php?Class2=22","https://www.mds.com.tw/tc/investment_detail.php?PKey=6"
"2428","興勤電子工業股份有限公司","興勤","電子零組件業","－","高雄市三民區民族一路373巷21號","	83639504","隋台中","隋台中","洪玉芳","總經理室特助","陳家華","07-5577660","1979/07/16","2000/09/11",新台幣                 10.0000元,1281127260,128112726,0,0,合併,每年,股東會,"統一綜合證券(股)公司股務代理部","02-27463797","台北市松山區東興路8號B1","勤業眾信聯合會計師事務所","陳珍麗","劉裕祥","THINKING","21, Lane373, Min Tzu 1st Road, 807 San-Ming DistKaohsiung, Taiwan, R. O. C.","07-5575105","ir@thinking.com.tw","www.thinking.com.tw","洪玉芳","總經理室特助","(07)557-7660","ir@thinking.com.tw","https://www.thinking.com.tw/tw/investor.php?id=10","https://www.thinking.com.tw/tw/investor.php?id=14"
"2429","銘旺科技股份有限公司","銘旺科","光電業","－","桃園市中壢區高鐵站前西路一段286號3樓之1","	12206203","周維昆","潘進興","蘇漢卿","投資人關係室經理","林淂諭/楊子威","(03)4336666","1978/11/30","2000/09/11",新台幣                 10.0000元,855000000,85500000,33197208,0,合併,每年,股東會,"兆豐證券股份有限公司股務代理部","02-33930898","台北市忠孝東路二段95號1樓","勤業眾信聯合會計師事務所","蘇定堅","王翔民","PWT","3 F.-1, No. 286, Sec. 1, Gaotiezhanqian W. Rd., Zhongli DistTaoyuan City 320016, Taiwan (R.O.C.)","(03)4526139","audit@abonmax.com.tw","https://www.abonmax.com.tw","蘇漢卿","投資人關係室經理","034336666","audit@abonmax.com.tw","https://www.abonmax.com.tw/","https://www.abonmax.com.tw/index.php?route=investor/governance"
"2430","燦坤實業股份有限公司","燦坤","電子通路業","－","台北市內湖區堤頂大道一段331號3樓","	69568009","林技典","NA","王友良","協理","缺","02-27953988","1978/11/02","2000/09/11",新台幣                 10.0000元,1168000000,116800000,0,0,合併,每年,董事會,"元大證券股份有限公司","02-25865859","臺北市大安區敦化南路2段67號地下一樓","資誠聯合會計師事務所","謝瑋莉","王菘澤","TKE","3F,No.331,Sec.1,TiDing Blvd.,Nei Hu,Taipei,Taiwan 114,R.O.C.","02-87910868","service@tk3c.tsannkuen.com","http://www.tk3c.com.tw/","王友良","協理","02-77203999","richie_wang@tk3c.com","https://www.tk3c.com.tw/#stakeholder2&5","https://www.tk3c.com.tw/#companyinfo&2"
"2431","聯昌電子企業股份有限公司","聯昌","電子零組件業","－","台北市內湖區南京東路六段501號11樓","	35568331","陳恆偉","林春連","林春連","總經理","林崇善","8792-1666","1968/12/23","2000/09/11",新台幣                 10.0000元,1109270140,110927014,0,0,合併,每年,董事會,"中國信託商業銀行代理部","66365566","台北市重慶南一段83號5樓","資誠聯合會計師事務所","邱昭賢","支秉鈞","LIEN CHANG","11F., No.501, Sec. 6, Nanjing E. Rd.Neihu Dist., Taipei City 11469, Taiwan","2793-5577","stocks@lienchang.com.tw","https://www.lienchang.com.tw/","林春連","總經理","87921666","stocks@lienchang.com.tw","https://www.lienchang.com.tw/tw/html/page/page.php?cid=26&cid2=101","https://www.lienchang.com.tw/tw/html/page/page.php?cid=27&muid=151"
"2432","倚天酷碁股份有限公司","倚天酷碁-創","電腦及週邊設備業","－","台北市松山區復興北路369號7樓之5","	22089345","高樹國","鍾逸鈞","鍾逸鈞","總經理","鄭嘉豪","(02)26960296","1986/03/27","2023/05/31",新台幣                 10.0000元,618600000,61860000,0,0,合併,每年,董事會,"台新綜合證券股務代理部","(02)2504-8125","台北市中山區建國北路一段 96 號 B1","安侯建業聯合會計師事務所","高靚玟","唐嘉鍵","AGT","7F-5, 369, Fuxing N. Rd.Taipei City 10541, Taiwan ( R.O.C.)","02-26960206","IR.AGT@ acergadget.com","http:// www.acergadget.com","鄭嘉豪","財務主管","(02)26960296","IR.AGT@ acergadget.com","https://www.acergadget.com/investor/","https://www.acergadget.com/investor/"
"2433","互盛股份有限公司","互盛電","其他電子業","－","臺北市信義區信義路5段2號7樓","	12516241","廖慶章","陳國盈","謝淑惠","會計主管","馬鳳如","23458009","1984/08/30","2000/09/11",新台幣                 10.0000元,1444960110,144496011,0,0,合併,每年,董事會,"元大證券股份有限公司","2586-5859","臺北市大安區敦化南路2段67號地下一樓","勤業眾信聯合會計師事務所","黃海悅","池瑞全","HUXEN","7F, No.2, Sec. 5, Xinyi RdTAIPEI, TAIWAN, R.O.C.","2345-7566","account01@eosasc.com.tw","http://www.eosasc.com.tw","謝淑惠","會計主管","2345-8009#6530","account01@eosasc.com.tw","https://www.eosasc.com.tw/stakeholder","https://www.eosasc.com.tw/investor-122-160-page671"
"2434","統懋半導體股份有限公司","統懋","半導體業","－","台南市新市區中山路76號","	22404266","翁淑貞","唐永渝","嚴永森","副總經理","何坤發","06-5991621","1987/03/09","2000/09/11",新台幣                 10.0000元,370000000,37000000,27489119,0,合併,每年,股東會,"統一綜合證券(股)公司股務代理部","02-27463797","台北市松山區東興路8號B1","安永聯合會計師事務所","李芳文","邱琬茹","MOSPEC","No.76, Zhongshan Rd., Xinshi Dist.,Tainan City 74442, Taiwan (R.O.C.)","06-5991626","mospectn@ms27.hinet.net","http://www.mospec.com.tw/","嚴永森","副總經理","06-5991621#203","yys@mail.mospec.com.tw","http://www.mospec.com.tw/big5/stakeholder.htm","http://www.mospec.com.tw/big5/board-of-directors.htm"
"2436","偉詮電子股份有限公司","偉詮電","半導體業","－","新竹科學園區新竹縣寶山鄉工業東九路24號2樓","	22099499","林錫銘","林登信","郭幸容","財務長","林崇燾","(03)5780241","1989/07/05","2000/09/11",新台幣                 10.0000元,2000931750,200093175,0,0,合併,每年,股東會,"中國信託商業銀行代理部","(02)66365566","台北巿重慶南路一段83號5樓","勤業眾信聯合會計師事務所","林政治","&#28201;智源","Weltrend","2F., No. 24, Industry E. 9th Rd., Hsinchu Science ParkHsinchu 300, Taiwan","(03)5679356","ir@weltrend.com.tw","www.weltrend.com.tw","郭幸容","財務長","(03)5780241ext210","ir@weltrend.com.tw","https://www.weltrend.com.tw/tw/esg/stakeholder","https://www.weltrend.com.tw/tw/investors/corporate_governance"
"2438","翔耀實業股份有限公司","翔耀","光電業","－","臺北市大安區光復南路438號12樓","	12364770","林以山","高玉強","張順昌","法務長","暫缺","(02)7746-3839","1982/01/14","2000/09/11",新台幣                 10.0000元,711956410,71195641,40971322,0,合併,每年,股東會,"富邦綜合證券股份有限公司","02-2586-5859","台北市中正區許昌街17號11樓","國富浩華聯合會計師事務所","林志隆","王戊昌","ENLIGHT","12F., No. 438, Guangfu S. Rd., Da' an Dist., Taipei CityTaipei City, Taiwan (R.O.C.)","(02)2700-5003","wesley.chang@enlightcorp.com.tw","www.enlightcorp.com.tw","張順昌","法務部協理","(02)7746-3839","wesley.chang@enlightcorp.com.tw","https://www.enlightcorp.com.tw/index.php/enlightcorp-2/page-3/","https://www.enlightcorp.com.tw/zh/governance-principals"
"2439","美律實業股份有限公司","美律","通信網路業","－","台中市南屯區寶山里工業區23路22號","	52375605","廖耕彬","黃朝豊","黃朝豊","總裁","林洳萱","04-23590811","1975/12/24","2000/09/11",新台幣                 10.0000元,2536449140,253644914,0,0,合併,每年,董事會,"凱基證券股份有限公司","(02)23892999","台北市重慶南路一段2號5樓","資誠聯合會計師事務所","王玉娟","劉美蘭","MERRY","NO.22,23RD ROAD,TAICHUNG INDUSTRIAL PARKTAICHUNG,TAIWAN,R.O.C.","04-23505887","investor@merry.com.tw","https://www.merry.com.tw/","黃朝豊","總裁","04-23590811","investor@merry.com.tw","https://www.merry.com.tw/page/about/index.aspx?kind=42#","https://www.merry.com.tw/page/company/index.aspx"
"2440","太空梭高傳真資訊科技(股)公司","太空梭","電子零組件業","－","新竹縣竹北市環科一路23號9樓之2","	01887370","王玄輝","王建成","林子鑫","財務經理","陳奕宏","03-5935588","1985/10/16","2000/11/10",新台幣                 10.0000元,1391172710,139117271,35452938,0,合併,每年,股東會,"中國信託商業銀行股份有限公司","02-66365566","台北市中正區重慶南路一段83號五樓","安永聯合會計師事務所","王瑄瑄","陳智忠","SPACE SHUTTLE","9nd Floor-2, No. 23, Huanke 1st Road, Zhubei City, Hsinchu CountyHsin-Chu Hsien,Taiwan,R.O.C","03-5935566","nancy@spaces.com.tw","www.spaces.com.tw","陳小雪","課長","03-5935588","yuki@spaces.com.tw","http://www.spaces.com.tw/s/1/faq.html","http://www.spaces.com.tw/zh-tw/a2-6252/%E5%85%AC%E5%8F%B8%E6%B2%BB%E7%90%86.html"
"2441","超豐電子股份有限公司","超豐","半導體業","－","苗栗縣竹南鎮公義路136號","	05126366","謝永達","紀有章","林美玲","財務長","邱彥隆","037-638568","1983/03/07","2000/10/26",新台幣                 10.0000元,5688459210,568845921,0,0,合併,每年,股東會,"元大證券股份有限公司股務代理部","02-25865859","106 臺北市大安區敦化南路2段67號地下一樓","勤業眾信聯合會計師事務所","鍾鳴遠","方蘇立","GTK","136,GONG-YI RD.ZHUNAN TOWNSHIP, MIAOLI COUNTY,TAIWAN","037-628323","karimlin@greatek.com.tw","www.greatek.com.tw","林美玲","財務長","037-638568","karimlin@greatek.com.tw","https://www.greatek.com.tw/business2.html","https://www.greatek.com.tw/investor18.html"
"2442","新美齊股份有限公司","新美齊","建材營造","－","台北市內湖區瑞光路2號7樓","	22006274","林傳捷","紀榮村","林傳捷","董事長","紀榮村","(02)5582-8168","1986/01/11","2000/11/22",新台幣                 10.0000元,3252320210,325232021,8778889,0,合併,每年,股東會,"中國信託商業銀行代理部","(02)6636-5566","台北市重慶南路一段83號5樓","安侯建業聯合會計師事務所","寇惠植","張肇文","JEAN","7F., No. 2, Ruiguang Rd., Neihu Dist.,Taipei, Taiwan, R.O.C.","(02)5582-1718","jean.fin@jean.com.tw","http://www.jean.com.tw","紀榮村","總經理","(02)5582-8168#2000","andy.chi@jean.com.tw","https://www.jean.com.tw/tw/invest-stackholder-platform","https://www.jean.com.tw/tw/invest-corporate-audit"
"2444","兆勁科技股份有限公司","兆勁","通信網路業","－","新竹科學園區苗栗縣竹南鎮科研路50-8號2樓","	89549446","紀政孝","紀政孝","賴博文","財會部協理","陳美娟","037-580777","1995/06/12","2000/12/08",新台幣                 10.0000元,1015695730,101569573,16142913,0,合併,每年,股東會,"康和綜合證券股份有限公司","02-87871888","台北市信義區基隆路一段176號B1","聯捷聯合會計師事務所","詹定勳","黃珮樺","AboCom","2F., No. 50-8, Keyan Rd., Zhunan TownshipMiaoli County,Taiwan,R.O.C.","037-580799","kevin.lee@abocom.com.tw","http://www.abocom.com.tw","李大彰","總管理處資深副總經理","037-580777","kevin.lee@abocom.com.tw","http://www.abocom.com.tw","http://www.abocom.com.tw"
"2449","京元電子股份有限公司","京元電子","半導體業","－","新竹市公道五路二段81號","	22507241","李金恭","張高薰","趙敬堯","副總經理暨會計長","張垂欽","(03)575-1888","1987/05/28","2001/05/09",新台幣                 10.0000元,12227450650,1222745065,0,0,合併,每年,股東會,"宏遠證券股份有限公司","(02)7719-8899","台北市信義路四段236號3樓","安永聯合會計師事務所","邱琬茹","許新民","KYEC","No. 81 , Sec.2 , Gongdaowu Rd.,Hsin-Chu 300,Taiwan,R.O.C","(03)575-3899","invest@kyec.com.tw","www.kyec.com.tw","張垂欽","處長","(03)5751888ext.28200","aaronchang@kyec.com.tw","https://www.kyec.com.tw/zh-tw/Csr/%E5%88%A9%E5%AE%B3%E9%97%9C%E4%BF%82%E4%BA%BA%E5%B0%88%E5%8D%80","https://www.kyec.com.tw/zh-tw/Company/%E5%85%AC%E5%8F%B8%E6%B2%BB%E7%90%86"
"2450","神腦國際企業股份有限公司","神腦","通信網路業","－","新北市新店區中正路531號2樓","	12228473","余政憲","林保雍","陳嘉麒","資深協理","闕大為","02-22183588","1979/05/18","2001/05/24",新台幣                 10.0000元,2582526570,258252657,0,0,合併,每年,董事會,"台新證券股務代理部","02-25048125","台北市建國北路一段96號B1","資誠聯合會計師事務所","王銘義","林永智","SENAO","2F,No.531,Chung Cheng RoadHsin-Tien ,New Taipei City, Taiwan,R.O.C","02-22183608","Investor@senao.com.tw","http://www.senao.com.tw","陳嘉麒","資深協理","22183588","Investor@senao.com.tw","https://www.senao.com.tw/pages/esg_stakeholder","https://www.senao.com.tw/pages/governance_governance"
"2451","創見資訊股份有限公司","創見","半導體業","－","台北市內湖區行忠路70號","	23446187","束崇萬","張宗凱","陳柏壽","業務處副總經理","楊丹婷","02-27928000","1989/08/30","2001/05/03",新台幣                 10.0000元,4306926750,430692675,0,0,合併,每年,董事會,"元大證券股份有限公司股務代理部","(02)2586-5859","台北市大安區敦化南路二段67號地下一樓","資誠聯合會計師事務所","陳晉昌","林一帆","Transcend","No. 70, XingZhong Rd., NeiHu Dist.Taipei, Taiwan, R.O.C.","02-27923375","IR@transcend-info.com","http://www.transcend-info.com","陳柏壽","業務處副總經理","02-27928000*7533","ir@transcend-info.com","http://tw.transcend-info.com/about/stakeholders","https://tw.transcend-info.com/about/board_of_directors"
"2453","凌群電腦股份有限公司","凌群","資訊服務業","－","台北市峨眉街115號6樓","	04967550","劉瑞復","劉瑞隆","曾景川","副總經理","陳志忠","(02)2191-6066","1975/07/17","2001/05/22",新台幣                 10.0000元,1000000000,100000000,0,0,合併,每年,董事會,"群益金鼎證券股份有限公司","(02)2702-3999","台北市敦化南路二段97號地下2樓","勤業眾信聯合會計師事務所","陳培德","劉紋伶","SYSCOM","6F.,NO.115, EMEI ST.,WANHUA DIST.,TAIPEI,TAIWAN,R.O.C.","(02)23880965","info@syscom.com.tw","https://www.syscom.com.tw","王碧媜","經理","(02)2191-6066轉2022","jamies_wang@syscom.com.tw","https://www.syscom.com.tw/investor/It_StakeHolder.aspx","https://www.syscom.com.tw/investor/It_Organize2.aspx"
"2454","聯發科技股份有限公司","聯發科","半導體業","－","新竹科學園區篤行一路1號","	84149961","蔡明介","陳冠州","顧大為","財務長","王巧潔","(03)5670766","1997/05/28","2001/07/23",新台幣                 10.0000元,16038954070,1603895407,0,0,合併,每半會計年度,董事會,"中國信託商業銀行股務代理部","02-6636-5566","100台北市重慶南路一段83號5樓","安永聯合會計師事務所","許新民","胡慎緁","MediaTek","No.1, Dusing 1st Rd., Hsinchu Science Park,Hsinchu City 300, Taiwan, R.O.C.","(03)5670511","ir@mediatek.com","http://www.mediatek.com","王巧潔","副處長","03-5670766","ir@mediatek.com","https://corp.mediatek.tw/about/sustainability/overview/stakeholder-engagement","https://corp.mediatek.tw/investor-relations/corporate-governance"
"2455","全新光電科技股份有限公司","全新","通信網路業","－","桃園市平鎮區工業一路16號","	97170472","陳建良","黃朝興","蔣志青","財務處處長","蘇展祿","03-4192969","1996/11/26","2002/01/24",新台幣                 10.0000元,1849059180,184905918,0,0,個別,每年,股東會,"台新證券股務代理部","02-25048125","台北市建國北路一段96號地下一樓","資誠聯合會計師事務所","林瑟凱","林冠宏","VPEC","No.16, Gongye 1st Rd., Pingzhen Dist.,Taoyuan City 324, Taiwan (R.O.C.)","03-4192979","chris@vpec.com.tw","http://www.vpec.com.tw","蔣志青","財務處處長","03-4192969#706","chris@vpec.com.tw","http://www.vpec.com.tw/vpec/homeweb/about.php?menu1=M100004&menu2=M200013&menu3=M300044&level=3","http://www.vpec.com.tw/vpec/homeweb/about.php?menu1=M100004&menu2=M200013&menu3=M300007&level=3"
"2457","飛宏科技股份有限公司","飛宏","電子零組件業","－","桃園市龜山區復興三路568號","	30435973","林中民","林冠宏","簡文松","副總","林中民","(03)3277288","1972/12/12","2001/09/17",新台幣                 10.0000元,4247724160,424772416,0,0,合併,每年,股東會,"中國信託商業銀行代理部","(02)6636-5566","台北市中正區重慶南路一段83號5樓","勤業眾信聯合會計師事務所","張至誼","洪國田","PHIHONG","No.568, Fuxing 3rd Rd.Guishan Dist., Taoyuan City, Taiwan","(03)3286556","spokesman@phihong.com.tw","www.phihongtech.com","簡文松","副總","(03)3277288","spokesman@phihong.com.tw","www.phihongtech.com","https://www.phihongtech.com/%E5%85%AC%E5%8F%B8%E6%B2%BB%E7%90%86/"
"2458","義隆電子股份有限公司","義隆","半導體業","－","新竹科學園區新竹縣創新一路十二號","	84149224","葉儀皓","葉儀皓","蔡淑馨","副處長","白又潔","03-5639977","1994/05/05","2001/09/17",新台幣                 10.0000元,3038803920,303880392,0,0,合併,每半會計年度,董事會,"台新綜合證券股份有限公司","02-25048125","台北市中山區建國北路1段96號地下1樓","安侯建業聯合會計師事務所","呂倩慧","周寶蓮","ELAN","NO.12, INNOVATION RD.1, SCIENCE-BASED INDUSTRIAL PARKHSINCHU, TAIWAN, R.O.C.","03-5781623","elsa@emc.com.tw","http://www.emc.com.tw/","江巧伶","專案副理","(03)5639977","emily@emc.com.tw","https://www.emc.com.tw/emc/tw/csr#stakeholder","https://www.emc.com.tw/emc/tw/csr"
"2459","敦吉科技股份有限公司","敦吉","其他電子業","－","臺北市內湖路1段120巷8號","	20863763","鍾元凱","鍾元凱","陳良德","執行副總","蘇文揚","02-87976688","1980/08/07","2001/09/17",新台幣                 10.0000元,1055956150,105595615,0,0,合併,每年,董事會,"兆豐證券股務代理部","02-33930898","臺北市中正區忠孝東路二段９５號１樓","安永聯合會計師事務所","余倩如","許新民","AUDIX","No. 8, Lane 120, Sec. 1, Neihu Rd., Taipei, Taiwan, R.O.C.TAIPEI.TAIWAN.R.O.C.","26597115","audixhqa@audix.com","www.audix.com","陳良德","執行副總","02-87976688","dani_chen@audix.com","http://www.audix.com.tw/_tw/01_audix/04_contactus2.aspx","http://www.audix.com/_tw/01_audix/01_page_overview.aspx?MainID=33"
"2460","建通精密工業股份有限公司","建通","電子零組件業","－","高雄市路竹區大同路513巷138號","	84433564","蘇敦禮","何易霖","陳正澔","管理部經理","蘇麗文","(07)6963037","1993/07/16","2001/09/17",新台幣                 10.0000元,1692000000,169200000,0,0,合併,每年,股東會,"永豐金證券股份有限公司","02-23816288","台北市中正區博愛路17號3樓","勤業眾信聯合會計師事務所","吳秋燕","張慈媛","GEM","NO.138,LANE 513,TA-TUNG ROAD,LU-CHU DISTKAOHSIUNG CITY,TAIWAN,R.O.C.","(07)6962666","service@ms.gem.com.tw","http://www.gem.com.tw","陳正澔","管理部經理","(07)6963037-1290","shareholder@ms.gem.com.tw","https://www.gem.com.tw/csr-stakeholder","https://www.gem.com.tw/investor-governance-board-directors"
"2461","光群雷射科技股份有限公司","光群雷","其他電子業","－","新竹市科學工業園區力行六路一號","	22099322","郭維武","陳宥霖","洪雅菁","財務長","蔡右玫","03-5770316","1988/04/29","2001/09/17",新台幣                 10.0000元,1918879630,191887963,0,0,合併,每季,董事會,"福邦證券股份有限公司股務代理部","02- 2371-1658","(10041) 台北市中正區忠孝西路一段6號6樓","勤業眾信聯合會計師事務所","吳恪昌","許晉銘","K LASER","1 LI HSIN RD. VI SCIENCE-BASED INDUSTRIAL PARKHSINCHU, TAIWAN","03-5638430","IR-KLTW@klasergroup.com","www.klasergroup.com","洪雅菁","財務長","03-5770316","IR-KLTW@klasergroup.com","www.klasergroup.com","https://www.klasergroup.com/zh-hant/investors-corporate-governance/"
"2462","台灣良得電子股份有限公司","良得電","電子零組件業","－","(22206)新北市深坑區北深路三段272號","	04877657","陳龍水","陳龍水","江文裕","董事長特助","陳怡靜","(02)2662-5600","1978/08/15","2001/09/17",新台幣                 10.0000元,1507844820,150784482,28840000,0,合併,每年,股東會,"統一綜合證券股份有限公司","2746-3797","台北市東興路8號B1","資誠聯合會計師事務所","陳&#21843;東","李秀玲","LINETEK","272 Sec.3,Bei Shen Rd.,Shen Keng DistrictNew Taipei City,Taiwan. R.O.C","(02)2662-2744","tom.chiang@linetek.com.tw","https://www.linetek.com.tw/zh-TW","江文裕","董事長特助","(02)2662-5600分機147","tom.chiang@linetek.com.tw","http://www.linetek.com.tw/#/","https://www.linetek.com.tw/zh-TW/investor/2/16"
"2464","盟立自動化股份有限公司","盟立","其他電子業","－","新竹市科學園區研發二路3號","	22099478","孫弘","林世東","林芳毅","財務長","范瑞鈴","(03)5783280","1989/02/02","2001/09/17",新台幣                 10.0000元,2063512260,206351226,0,0,合併,每年,董事會,"中國信託商業銀行(股)公司代理部","(02)6636-5566","台北市重慶南路一段八十三號五樓","勤業眾信聯合會計師事務所","張雅芸","林政治","Mirle","No.3,R&D Road Ⅱ,Science Park,Hsinchu, 30076, Taiwan","(03)5678478","invest@mirle.com.tw","http://www.mirle.com.tw","林芳毅","財務長","(03)5783280","invest@mirle.com.tw","https://www.mirle.com.tw/about/11/","https://www.mirle.com.tw/investors/"
"2465","麗臺科技股份有限公司","麗臺","電腦及週邊設備業","－","新北市中和區建一路166號18樓","	22325002","盧崑山","梁傳杰","張慎","副總經理","陳立勳","02-82265800","1986/10/24","2001/09/19",新台幣                 10.0000元,939460310,93946031,25000000,0,合併,每年,董事會,"台新證券股務代理部","(02)2504-8125","台北市建國北路一段96號地下一樓","安侯建業聯合會計師事務所","簡思娟","郭冠纓","LEADTEK","18F, No.166, Jian-Yi  Road, Chung-Ho DistrictNew Taipei City, Taiwan, R.O.C.","02-82265801","thomas@leadtek.com.tw","http://www.leadtek.com.tw","張慎","副總經理","02-82265800-726","johnson_chang@leadtek.com.tw","http://www.leadtek.com/cht/company/investor_financial.aspx","https://www.leadtek.com/cht/about/Governance/#Tab2|IR3"
"2466","冠西電子企業股份有限公司","冠西電","光電業","－","新北市中和區連城路258號11樓","	34348590","謝淑娟","黃琮善","盧筱瑄","財務長","陳秋妍","(02)8226-9893","1981/05/25","2001/09/17",新台幣                 10.0000元,1734586970,173458697,9647731,0,合併,每年,股東會,"康和綜合證券股份有限公司","(02)8787-1888","臺北市信義區基隆路一段176號地下1樓","德昌聯合會計師事務所","李定益","陳裕勳","COSMO","11F., No. 258,Liancheng Rd.,Zhonghe Dist., New Taipei City, Taiwan (R.O.C.)New Taipei City, Taiwan","(02)8226-2800","cosmo.pio@cosmo-inc.com","www.cosmo-inc.com","盧筱瑄","財務長","(02)8226-9893","cosmo.pio1@cosmo-inc.com","https://www.cosmo-inc.com/tw/about/index.aspx?root=6","https://www.cosmo-inc.com/tw/about/index.aspx?kind=120"
"2467","志聖工業股份有限公司","志聖","電子零組件業","－","新北市林口區工二工業區工八路2-1號","	07618057","梁茂生","梁又文","吳晏城","協理","林彥亨","02-26010700","1978/04/18","2001/09/17",新台幣                 10.0000元,1567553480,156755348,0,0,合併,每年,董事會,"統一綜合證券股份有限公司","02-27463797","台北市松山區東興路8號B1","資誠聯合會計師事務所","李典易","吳偉豪","C SUN","No. 2-1 Kung 8 Road, 2nd Industrial Park, Lin KouTaipei Taiwan","02-26090761","IR_CSUN@csun.com.tw","www.csun.com.tw","吳晏城","協理","02-26010700","IR_CSUN@csun.com.tw","https://www.csun.com.tw/investor-relations/%e5%88%a9%e5%ae%b3%e9%97%9c%e4%bf%82%e4%ba%ba/","https://www.csun.com.tw/%e8%91%a3%e4%ba%8b%e6%9c%83/"
"2468","華經資訊企業股份有限公司","華經","資訊服務業","－","台北市內湖區行愛路78巷25號6樓","	12115702","袁興文","唐宇華、楊正寧","陳秀月","財務副總經理","吳靜宜協理","27935566","1977/04/11","2001/09/17",新台幣                 10.0000元,699612490,69961249,0,0,合併,每年,股東會,"凱基證券股份有限公司股務代理部","2389-2999","北市重慶南路一段2號5樓","勤業眾信會計師事務所","蔡侑玲","劉紋伶","FIS","No. 25, LANE 78, XINGAI ROAD,TAIPEI,TAIWAN ,R.O.C","55551111","fa@fis.com.tw","http://www.fis.com.tw","陳秀月","財務副總經理","27935566-2226","carrie.chen@fis.com.tw","https://fis.com.tw/finance/stake/investor/","https://fis.com.tw/finance/stake/corporate/"
"2471","資通電腦股份有限公司","資通","資訊服務業","－","台北市中山北路2段111號3樓","	20873360","余宏揚","林青龍","林青龍","總經理","從缺","(02)25221351","1980/12/03","2001/09/17",新台幣                 10.0000元,472538900,47253890,0,0,合併,每年,股東會,"台新證券股務代理部","02-25048125","台北市建國北路一段96號地下一樓","資誠聯合會計師事務所","廖福銘","陳晉昌","ARES","3RD FL., 111,SEC, 2, CHUNG-SHAN N. RD.TAIPEI, TAIWAN 104, REPUBLIC OF CHINA","(02)25516448","cllin@ares.com.tw","www.ares.com.tw","丁孝儀","主任","(02)2522-1351#813","shiawyi@ares.com.tw","https://www.ares.com.tw/stakeholder/","https://www.ares.com.tw/governance/"
"2472","立隆電子工業股份有限公司","立隆電","電子零組件業","－","台中市大里區國光路一段147號","	52358985","吳志銘","吳志銘","張真卿","董事長特別助理","林詣盛","(04)24181856","1976/02/12","2001/09/17",新台幣                 10.0000元,1647351370,164735137,0,0,合併,每年,股東會,"台新證券股務代理部","(02)2504-8125","台北市建國北路一段96號地下一樓","安永聯合會計師事務所","黃宇廷","羅文振","LELON","147, Sec. 1, Guoguang  Rd.,Dali District, Taichung,  Taiwan","(04)24181906","service@lelon.com.tw","www.lelon.com.tw","張真卿","董事長特別助理","(04)24181856","service@lelon.com.tw","www.lelon.com.tw","http://www.lelon.com.tw/tw/inves7.php"
"2474","可成科技股份有限公司","可成","其他電子業","－","台南市永康區仁愛街398號","	69905810","洪水樹","洪天賜","侯乃鳳","投資人關係資深經理","陳景中","06-2539000","1984/11/23","2001/09/17",新台幣                 10.0000元,5613690680,561369068,0,0,合併,每半會計年度,董事會,"中國信託商業銀行代理部","02-6636-5566","台北市中正區重慶南路一段83號5樓","勤業眾信聯合會計師事務所","廖鴻儒","吳長駿","CATCHER","No 398,RenAi StreetYongKang Dist.,Tainan City,Taiwan,R.O.C","06-2547974","IR@catcher-group.com","www.catcher-group.com","侯乃鳳","投資人關係資深經理","02-27015900","IR@catcher-group.com","https://www.catcher-group.com/tw/company_contact.aspx","https://www.catcher-group.com/tw/investor_governance.aspx"
"2476","鉅祥企業股份有限公司","鉅祥","電子零組件業","－","桃園市新屋區九斗里8鄰九洲路1號","	04403568","林於晃","林映碩","廖文(女英)","財務部經理","胡秀德","(03)4775141","1975/02/01","2001/09/17",新台幣                 10.0000元,2177531800,217753180,0,0,合併,每年,股東會,"群益金鼎證券(股)公司股務代理部","(02)2702-3999","台北市敦化南路二段97號B2","致遠聯合會計師事務所","呂瑞文","厲斌(王玉)","GS","No.1, Jiuzhou Rd., Hsinwu Dist., Taoyuan City, Taiwan, R.O.C.TAOYUAN,TAIWAN,R.O.C.","(03)4778017","list2476@mail.gs.com.tw","www.gs.com.tw","廖文(女英)","財務部經理","(03)4775141","winy@mail.gs.com.tw","www.gs.com.tw","https://www.gshank.info/tw/ir/corporate"
"2477","美隆工業股份有限公司","美隆電","其他電子業","－","桃園市桃園區幸福路99號","	33750329","吳堂誌","暫缺","郭力榕","副總經理","陳孟燐","03-3261611","1973/01/15","2001/09/17",新台幣                 10.0000元,1585732440,158573244,0,0,合併,每年,董事會,"元大證券股份有限公司","2586-5859","臺北市大安區敦化南路2段67號地下一樓","大中國際聯合會計師事務所","林月霞","張榕枝","MEILOON","No 99, XingFu Rd , Taoyuan DistTaoyuan  City , Taiwan 33051, R.O.C.","03-2703308","eva.kuo@meiloon.com","www.meiloon.com.tw/","郭力榕","副總經理","03-3261611","eva.kuo@meiloon.com","http://www.meiloon.com.tw/tw/contact/index.php","http://www.meiloon.com.tw/tw/cg/index.php?kind=1&da=n3"
"2478","大毅科技股份有限公司","大毅","電子零組件業","－","桃園市蘆竹區山鼻里5鄰南山路三段17巷4號1樓","	23534301","江財寶","江財寶","劉俐妏","資深副總經理","賴晉憲","03-3246169","1989/12/28","2001/09/17",新台幣                 10.0000元,1447313390,144731339,0,0,合併,每年,董事會,"統一綜合證券股份有限公司","02-2746-3797","台北市松山區東興路8號B1樓","致遠聯合會計師事務所","呂瑞文","張益銘","TA-I","1F,NO.4,LANE 17,SEC.3,NANSHAN ,5 LIN SHAN-PI VILLAGE,LU-CHU DIST,TAOYUAN TAIWAN,R.O.C","03-3247410","adidas.lai@tai.com.tw","http://www.tai.com.tw","賴晉憲","副總經理","03-3246169","invest@tai.com.tw","https://www.tai.com.tw/zh-Hant/esg1_3","https://www.tai.com.tw/zh-Hant/governance"
"2480","敦陽科技股份有限公司","敦陽科","資訊服務業","－","新竹市東大路二段83號12F之1","	84218848","梁修宗","梁修宗","黃新琪","總經理暨執行長室副總","余郡綺","03-5425566","1993/03/24","2001/09/17",新台幣                 10.0000元,1063602910,106360291,0,0,合併,每年,董事會,"元大證券(股)公司股務代理部","02-25865859","106台北市大安區敦化南路二段67號地下一樓","安永聯合會計師事務所","許新民","黃敏如","STARK","12F-1, No. 83, Section 2, Dongda Road,Hsinchu City, Taiwan","03-5422678","shareholder@sti.com.tw","https://www.sti.com.tw/","黃新琪","總經理暨執行長室副總","03-5425566","shareholder@sti.com.tw","https://www.sti.com.tw/web/official/interested-party","https://www.sti.com.tw/web/official/board-members"
"2481","強茂股份有限公司","強茂","半導體業","－","高雄市岡山區岡山北路24號","	22145016","方敏清","方敏清","沈盈秀","財務長","謝百成","07-6213121","1986/05/20","2001/09/17",新台幣                 10.0000元,3821149270,382114927,0,0,合併,每年,董事會,"元大證券股份有限公司","02-25865859","臺北市大安區敦化南路2段67號地下一樓","安永聯合會計師事務所","李芳文","傅文芳","PANJIT","No.24, Gangshan N. Rd., Gangshan Dist.,Kaohsiung City 820, Taiwan (R.O.C.)","07-6213129","investor@panjit.com.tw","www.panjit.com.tw","沈盈秀","財務長","(07)961-1105","investor@panjit.com.tw","https://www.panjit.com.tw/tw/Esg/stakeholder","https://www.panjit.com.tw/tw/Investors/Corporate_Governance"
"2482","連宇股份有限公司","連宇","其他電子業","－","新北市土城區自強街15巷1號1樓","	38430938","羅鋇","曾鈺琳","賴政緯","財務長","賴銘祥","2268-7075","1983/10/06","2001/09/19",新台幣                 10.0000元,778827110,77882711,0,0,合併,每年,股東會,"元大證券股份有限公司","(02)2586-5859","(106)臺北市大安區敦化南路2段67號地下一樓","正風聯合會計師事務所","曾文誠","彭莉真","UIC","1F., No.1, Ln. 15, Ziqiang St., Tucheng Dist.,New Taipei City 236, Taiwan(R.O.C.)","2268-6327","TSE@uniform.com.tw","https://uicpaymentsinc.com/","賴政緯","財務長","2268-7075","assetslai@uniform.com.tw","https://drive.google.com/file/d/1G9BwzzrJR1trF1_OlN02S770ksfdsgMX/view","https://uicpaymentsinc.com/investor-relations/"
"2483","百容電子股份有限公司","百容","電子零組件業","－","台中市南屯區工業區25路20號","	52753108","廖本林","廖本林","蔡荻宜","總管理處協理","林淑真","04-23598668","1981/12/08","2001/09/17",新台幣                 10.0000元,1078898070,107889807,0,0,合併,每年,董事會,"永豐金證券股份有限公司","02-23816288","台北市中正區博愛路17號3樓","勤業眾信聯合會計師事務所","蔣淑菁","許瑞隆","ECE","NO.20,25RD. TAICHUNG INDUSTRIAL PARK,TAICHUNG 408, TAIWAN.","04-36016658","judy@mail.ece.com.tw","http://www.ece.com.tw","蔡荻宜","總管理處協理","04-23598668-1272","judy@mail.ece.com.tw","http://www.ece.com.tw/zh/about-detail.php?id=5","https://www.ece.com.tw/zh-tw/corporate-governance/organizational"
"2484","希華晶體科技股份有限公司","希華","電子零組件業","－","427台中市潭子區中山路三段111巷1-1號","	22771229","曾穎堂","曾榮孟","陳春蓉","經理","黃玲玲","04-25347909","1988/01/26","2001/09/17",新台幣                 10.0000元,1594210220,159421022,0,0,合併,每年,股東會,"統一綜合證券股份有限公司","02-27463797","台北市東興路8號地下一樓","安永聯合會計師事務所","黃靖雅","柯雅婷","SIWARD","No.1-1,Lane 111,Sec.3,Jungshan Rd.,Tantz Dist,Taichung ,Taiwan 42756,R.O.C.","04-25317707","irene@.siward.com","http://www.siward.com","陳春蓉","經理","04-25347909-1238","irene@siward.com","https://www.siward.com/tw/csr/stakeholders-area","https://www.siward.com/tw/investors/overview"
"2485","兆赫電子股份有限公司","兆赫","通信網路業","－","新北市中和區員山路512號7樓","	12320400","黃啟瑞","林慶輝","何文順","財務長","何文順","(02)2225-1929","1981/03/18","2001/09/17",新台幣                 10.0000元,3176890370,317689037,0,0,合併,每年,股東會,"元大證券股份有限公司","(02)2586-5859","106臺北市大安區敦化南路2段67號地下一樓","資誠聯合會計師事務所","陳憲正","文雅芳","ZINWELL","7F., No 512, Yuanshan Rd.,  Zhonghe Dist.,New Taipei City 235,  Taiwan (R.O.C.)","(02)2221-4971","zinwell@zinwell.com.tw","http://www.zinwell.com.tw","何文順","財務長","(02)2225-1929","wenshun@zinwell.com.tw","http://www.zinwell.com.tw/investors_ch/investor_contact.html","https://www.zinwell.com.tw/tw/investors/corporate-governance/major-internal-policies.html"
"2486","一詮精密工業股份有限公司","一詮","光電業","－","新北市新莊區新知八路28號11樓","	35866232","周萬順","周孟賢","劉秀興","副總經理","楊柏榮","2299-0001","1977/08/18","2001/09/19",新台幣                 10.0000元,2339585790,233958579,0,0,合併,每年,董事會,"福邦證券股份有限公司","23711658","台北市中正區忠孝西路一段6號6樓","資誠聯合會計師事務所","林雅慧","阮呂曼玉","I-CHIUN","11th Floor, No. 28 Xinzhi 8th Rd., Xinzhuang Dist.,New Taipei City 242,Taiwan (R.O.C.)","22994529","paijung@i-chiun.com.tw","www.i-chiun.com.tw","劉秀興","副總經理","(02)22990001","jamesliu@i-chiun.com.tw","https://www.i-chiun.com.tw/ec99/rwd1809/category.asp?category_id=73","https://www.i-chiun.com.tw/ec99/rwd1809/category.asp?category_id=93"
"2488","漢平電子工業股份有限公司","漢平","其他電子業","－","台南市仁德區中正路三段256號","	68889236","劉深鏗","劉深鏗","劉深鏗","董事長兼總經理","朱文賢","(06)2791717","1969/04/01","2001/09/17",新台幣                 10.0000元,799994330,79999433,0,0,合併,每年,股東會,"中國信託商業銀行代理部","(02)6636-5566","台北市重慶南路一段83號5樓","資誠聯合會計師事務所","田中玉","林秀珊","HANPIN","No. 256, Sec. 3, Zhongzheng Rd., Rende Dist.,Tainan City, Taiwan (R.O.C.)","(06)2492139","joanne.chen@hanpin.com.tw","www.hanpin.com.tw","朱文賢","財務副總","(06)2791717","joanne.chen@hanpin.com.tw","http://www.hanpin.com.tw/C_6_Investors_06.html","http://www.hanpin.com.tw/C_6_Investors_05.html"
"2489","瑞軒科技股份有限公司","瑞軒","光電業","－","新北市中和區連城路268號17樓","	84929896","吳春發","吳旭軒","邱裕平","財務長","N.A.","(02)8228-0505","1994/08/11","2001/09/17",新台幣                 10.0000元,6100000000,610000000,0,0,合併,每半會計年度,董事會,"褔邦證券股份有限公司","(02)2371-1658","100 台北市中正區忠孝西路一段６號６樓","資誠聯合會計師事務所","吳仁杰","張淑瓊","AMTRAN","17F,No.268,Lien Chen Rd.,Chung Ho CityTaipei County,Taiwan,235 R.O.C.","8228-0599","Scottie.chiu@amtran.com.tw","www.amtran.com.tw","邱裕平","財務長","(02)8228-0505-1108","scottie.chiu@amtran.com.tw","www.amtran.com.tw","https://www.amtran.com.tw/file.php?id=6"
"2491","吉祥全球實業股份有限公司","吉祥全","光電業","－","新北市新店區中正路54巷6號","	89380545","陳碧華","羅光偉","陳碧華","董事長","林志聰","(02)8911-2000","1995/04/14","2001/09/19",新台幣                 10.0000元,820080000,82008000,0,0,合併,每年,股東會,"凱基證券股份有限公司","(02)2314-8800","台北市重慶南路一段2號5樓","基富聯合會計師事務所","黃世佳","黃榮全","FOCL","No.6, Ln. 54, Zhongzheng Rd.,Xindian Dist., New Taipei City 231,","(03)375-0777","2491@focl.com.tw","www.focl.com.tw","林志聰","財務長","(02)89112000","2491@focl.com.tw","www.focl.com.tw","www.focl.com.tw/governance.php"
"2492","華新科技股份有限公司","華新科","電子零組件業","－","台北市松智路1號24樓","	19004316","焦佑衡","曾明燦","李定珠","副總","葉澤光","(03)475-8711","1970/07/29","2001/09/17",新台幣                 10.0000元,4852047740,485204774,0,0,合併,每年,股東會,"華新科技股份有限公司股務辦事處","(02)2790-5885","台北市內湖區行善路３９８號８樓","勤業眾信聯合會計師事務所","彭詩玄","洪國田","WTC","566-1,Kao-shi Road Yang-Mei,Tao-Yuan,326103,Taiwan,R.O.C.","(03)475-3981","gracehuang@passivecomponent.com","www.passivecomponent.com","李定珠","副總","(02)2723-0887","csrir@passivecomponent.com","http://www.passivecomponent.com/findex.asp","https://www.passivecomponent.com/zh-hant/investor-relations/corporate-governance/"
"2493","揚博科技股份有限公司","揚博","電子零組件業","－","台北市信義區松德路171號17樓","	30929883","蘇勝義","蘇勝義","蘇勝義","董事長","鄭斐文","(02)2726-2220","1980/11/01","2002/01/23",新台幣                 10.0000元,1267966290,126796629,0,0,合併,每年,董事會,"中國信託商業銀行代理部","(02)6636-5566","台北市重慶南路一段83號5樓","資誠聯合會計師事務所","林瑟凱","支秉鈞","AMPOC","17F.,NO.171, SUNG-TEH ROADTAIPEI, TAIWAN, R.O.C.","(02)2726-2227","invest@ampoc.com.tw","http://www.ampoc.com.tw","蘇勝義","董事長","(02)2726-2220","invest@ampoc.com.tw","http://www.ampoc.com.tw/Investor/Interested","http://www.ampoc.com.tw/Investor/Rule"
"2495","普安科技股份有限公司","普安","電腦及週邊設備業","－","新北市中和區中山路三段102號8樓","	84166074","羅仕東","羅仕東","陳慶東","資深經理","李金溪","2226-0126","1993/01/19","2002/03/25",新台幣                 10.0000元,2735515380,273551538,0,0,合併,每年,股東會,"元大證券股份有限公司股務代理部","(02)2586-5859","106台北市大安區敦化南路二段67號地下一樓","安侯建業聯合會計師事務所","吳趙仁","陳盈如","Infortrend","8F, No.102, Sec. 3, Jhongshan Rd.,Jhonghe Dist., New Taipei City, Taiwan","2226-8456","investor@infortrend.com","www.infortrend.com","陳慶東","資深經理","2226-0126#8602","investor@infortrend.com","https://www.infortrend.com/tw/About/concern","https://www.infortrend.com/tw/about/investors?tab=governance"
"2496","卓越成功股份有限公司","卓越","其他","－","台北市中正區忠孝西路一段50號22樓之11","	22099786","曾淑鈴","曾淑鈴","曾淑鈴","董事長兼總經理","羅湘怡","(02)2389-9200","1991/06/15","2002/03/08",新台幣                 10.0000元,191004400,19100440,0,0,合併,每半會計年度,董事會,"福邦證券股份有限公司","(02)2371-1658","台北市中正區忠孝西路一段6號6樓","安侯建業聯合會計師事務所","呂倩慧","鄭安志","SPC","22F.-11, No.50, Sec. 1, Zhongxiao W. Rd.,Zhongzheng Dist., Taipei, Taiwan(R.O.C.)","(02)2388-4161","public@chenliedu.com","https://www.chenliedu2496.com/tw/","羅湘怡","財會主管","(02)2389-9200","iris@chenliedu.com","https://www.chenliedu2496.com/tw/???q?v?z/???q?v?z-§Q?`???Y?H","https://www.chenliedu2496.com/tw/???q?v?z"
"2497","怡利電子工業股份有限公司","怡利電","汽車工業","－","彰化縣伸港鄉溪底村工東一路37號","	59334664","陳錫勳","陳錫勳","柯茂全","總管理處副總","呂運志","04-7977277","1983/06/22","2002/02/04",新台幣                 10.0000元,1308876760,130887676,12800000,0,合併,每年,股東會,"元大證券(股)公司股務代理部","02-2586-5859","106臺北市大安區敦化南路2段67號地下一樓","安永聯合會計師事務所","羅文振","柯雅婷","E-LEAD","No. 37, Gongdong 1st Rd., Xidi Vil., Shengang TownshipChanghua County, Taiwan (R.O.C.)","04-7977271","ir@e-lead.com","HTTP://www.e-lead.com.tw","柯茂全","總管理處副總","04-7977277","rofic@e-lead.com","HTTP://www.e-lead.com.tw","https://www.e-lead.com.tw/zh-tw/governance"
"2498","宏達國際電子股份有限公司","宏達電","通信網路業","－","桃園市桃園區興華路21巷1號","	16003518","王雪紅","王雪紅","盧佳德","法務長暨公司治理主管","遴選中","(03)375-3252","1997/05/15","2002/03/26",新台幣                 10.0000元,8360210860,836021086,0,0,合併,每年,董事會,"中國信託商業銀行代理部","(02)6636-5566","台北市中正區重慶南路一段83號5樓","勤業眾信聯合會計師事務所","王攀發","洪國田","HTC","No.1, Ln.21, Xinghua Rd., Taoyuan Dist.,Taoyuan City 330, Taiwan, R.O.C.","(03)375-3251","spokesman@htc.com","http://www.htc.com","吳晨婷","資深副理","02-89124138","ir@htc.com","http://www.htc.com/tw/csr/stakeholders/stakeholder-engagement/","https://investors.htc.com/tw/corporate-governance/"
"2501","國泰建設股份有限公司","國建","建材營造","－","台北市敦化南路二段218號2樓","	03374306","張清櫆","郭文鎧","林清樑","資深副總經理","廖俐棋","0223779968","1964/12/01","1967/10/28",新台幣                 10.0000元,11595610590,1159561059,0,0,合併,每年,股東會,"國泰建設財務組(股務)","0223779968","台北市敦化南路二段218號2樓","勤業眾信聯合會計師事務所","林淑婉","邵志明","CATHAY RED","218,SEC.2,Tun Hwa South Road,Taipei,Taiwan,R.O.C.","0223778399","service@cathay-red.com.tw","www.cathay-red.com.tw","廖俐棋","副總經理","0223779968","service@cathay-red.com.tw","http://cathayred-csr.com/pro-43/§Q?`???Y?H±M°?","https://www.cathay-red.com.tw/tw/About/ManageDirectors"
"2504","國產建材實業股份有限公司","國產","建材營造","－","台北市內湖區新湖一路8號7樓","	24060203","徐蘭英","徐蘭英","許見印","協理","陳嘉盈","87928088","1954/11/30","1978/03/14",新台幣                 10.0000元,11800000000,1180000000,0,0,合併,每年,股東會,"元大證券股份有限公司股務代理部","02-2586-5859","106 臺北市大安區敦化南路2段67號地下一樓","安永聯合會計師事務所","王瑄瑄","余倩如","GBM","7F.,No.8,Xinhu 1st  Rd.,Neihu Dist.,Taipei,Taiwan.114,R.O.C.","87928566","0","www.gdc.com.tw","許見印","協理","87928088-752","william_hsu@gdc.com.tw","http://www.gdc.com.tw/investor.aspx","https://www.gdc.com.tw/zh-TW/investor.php?id=12"
"2505","國揚實業股份有限公司","國揚","建材營造","－","台北市南港區經貿一路170號11樓之8","	11603817","林子&#23515;","彭邵齡","王正怡","財務處協理","鄭雲梯","25000808","1972/06/02","1979/11/14",新台幣                 10.0000元,3800000000,380000000,0,0,合併,每年,董事會,"福邦證券(股)股務代理部","(02)2371-1658","台北市中正區忠孝西路一段6號6樓","資誠聯合會計師事務所","梁益彰","陳&#21843;東","ky","11F-8, No. 170, Jingmao 1st Road, Nangang District, TaipeiTAIPEI CITY","25182987","N","www.kycc.com.tw","王正怡","財務處協理","25000808","candy@kycc.com.tw","http://www.kycc.com.tw/tw/index.php","https://www.kycc.com.tw/tw/kuoyang_2.php"
"2506","太平洋建設股份有限公司","太設","建材營造","－","台北市信義區光復南路495號","	11099009","柳逸義","陳清暉","陳清暉","總經理","黃德馨","02-27225051","1967/06/14","1980/02/02",新台幣                 10.0000元,3870000000,387000000,86499581,0,合併,每半會計年度,董事會,"太平洋建設股份有限公司股務室","02-27227686","台北市信義區光復南路495號6樓之6","安侯建業聯合會計師事務所","池世欽","潘俊名","PCC","No. 495 Guangfu South Road,Xinyi DistrictTAIPEI, TAIWAN, R.O.C.","02-27227600","stock@mail.pacific-group.com.tw","www.pacific-group.com.tw","陳清暉","總經理","02-27225051","ahui.pcc@gmail.com","www.pacific-group.com.tw","https://www.pacific-group.com.tw/"
"2509","全坤建設開發股份有限公司","全坤建","建材營造","－","台北市內湖區新湖二路329號6樓","	04921056","李勇毅","江清峰","韋建玲","稽核經理","陶培敏","02-87918888","1973/01/27","1988/05/20",新台幣                 10.0000元,2245505300,224550530,0,0,合併,每年,股東會,"群益金鼎證券(股)公司股務代理部","02-27035000","台北巿敦化南路2段97號B2","安侯建業聯合會計師事務所","曾國禓","黃欣婷","CHAINQUI","6FL,. NO.329, Shinhu  2ad  Rd., Neihu  Chiu,Taipei  City, Taiwan 114, R,O,C","02-87918990","hhh@mail.gtg.com.tw","www.gtg.com.tw","韋建玲","稽核經理","02-87918888","jackie@mail.gtg.com.tw","www.gtg.com.tw/cn/invest/service5.asp","http://www.gtg.com.tw/page/investment/pages.aspx?kind=12&da=n2"
"2511","太子建設開發股份有限公司","太子","建材營造","－","臺南市東區中華東路1段398號8樓","	72058206","羅智先","林宏俊","林俊良","財務部協理","戴大昌","(06)282-1155","1973/09/22","1991/04/24",新台幣                 10.0000元,16233261470,1623326147,0,0,合併,每年,股東會,"統一綜合證券股份有限公司","(02)2747-8266","台北市東興路8號地下一樓","資誠聯合會計師事務所","吳建志","王駿凱","PHD","8F., No.398, Sec. 1, Zhonghua E. Rd.,East Dist.,Tainan City 701,Taiwan(R.O.C)","(06)235-1155","phd@prince.com.tw","https://www.prince.com.tw","林俊良","財務部協理","(02)27589599#3200","9802021@prince.com.tw","https://www.prince.com.tw","https://www.prince.com.tw"
"2514","龍邦國際興業股份有限公司","龍邦","其他","－","台北市中正區忠孝西路一段50號9樓","	22817273","劉偉龍","劉偉龍","董一清","副總經理","李培均","(02)23756595","1988/01/22","1992/09/26",新台幣                 10.0000元,3947292780,394729278,0,0,合併,每年,股東會,"元大證券股份有限公司股務代理部","(02)25863117","106045台北市大安區敦化南路二段67號B1","安永聯合會計師事務所","黃子評","林素雯","LONG BON","9F., No.50, Sec. 1, Zhongxiao W. Rd., Zhongzheng Dist.,Taipei City 100, Taiwan (R.O.C.)","(02)23756326","080@longbon.com.tw","http://www.longbon.com.tw","董一清","副總經理","02-2375-6155","shareholder@longbon.com.tw","http://www.longbon.com.tw","http://www.longbon.com.tw"
"2515","中華工程股份有限公司","中工","建材營造","－","台北市松山區東興路12號6樓","	75094900","鄭斯聰","馮敦承","程安慈","協理","蘇育民","02-87876687","1950/09/01","1993/03/02",新台幣                 10.0000元,16079040840,1607904084,0,0,合併,每年,股東會,"統一證券〈股〉公司股務代理部","02-27463797","台北市東興路8號B1樓","勤業眾信聯合會計師事務所","周仕杰","黃堯麟","BES","B1,6F,NO.12,Tunghsin RD.Taipei city,R.O.C","02-87876987","besbs0@bes.com.tw","www.bes.com.tw","程安慈","協理","02-87871273","vivian.cheng@bes.com.tw","www.bes.com.tw","https://www.bes.com.tw/ir-info.php#gsc.tab=0"
"2516","新亞建設開發股份有限公司","新建","建材營造","－","臺北市八德路四段760號15-16樓","	11762504","鄒宏基","賴調燦","陳柏仲","副總經理","暫缺","(02)2528-8008","1967/12/04","1993/05/25",新台幣                 10.0000元,2262784570,226278457,0,0,合併,每年,董事會,"凱基證券(股)公司","(02)2389-2999","臺北市重慶南路一段二號五樓","安侯建業聯合會計師事務所","池世欽","鄒依芸","New Asia","15-16Fl.,No.760,Sec.4,Bade Rd.,Sungshan Chiu,Taipei,Taiwan 105,R.O.C.","(02)2747-7473","stock@newasia.com.tw","http://www.newasia.com.tw/","陳柏仲","副總經理","(02)2528-8008","stock@newasia.com.tw","http://www.newasia.com.tw/stakeholders","http://www.newasia.com.tw/company"
"2520","冠德建設股份有限公司","冠德","建材營造","－","台北市松山區民權東路三段169號10樓","	30900892","馬志綱","張勝安","張勝安","總經理","范姜伯真","(02)2378-6789","1979/11/23","1993/10/27",新台幣                 10.0000元,6094871100,609487110,0,0,合併,每年,董事會,"中國信託商業銀行代理部","(02)6636-5566","100台北市重慶南路一段83號5樓","安侯建業聯合會計師事務所","韓沂璉","陳宗哲","KINDOM","10 F., No. 169, Sec. 3, Minquan E. Rd., Songshan Dist., Taipei CityTaipei City , Taiwan (R.O.C.)","(02)2739-6710","ir@kindom.com.tw","http://www.kindom.com.tw","范姜伯真","協理","(02)2378-6789","ir@kindom.com.tw","http://www.kindom.com.tw/index.php?target=investor-relations.php","https://www.kindom.com.tw/investor/"
"2524","京城建設股份有限公司","京城","建材營造","－","高雄市左營區博愛二路150號16樓","	06667446","蔡天贊","蔡天贊","周敬恆","協理","陳瑞俐","07-5586368","1985/09/13","1994/10/18",新台幣                 10.0000元,3659835450,365983545,0,0,合併,每年,董事會,"台新證券股務代理部","02-25048125","台北市建國北路一段96號地下一樓","信永中和聯合會計師事務所","莊淑媛","卓傳陣","KTC","16F., No.150, Bo'ai 2nd Rd., Zuoying Dist.Kaohsiung, Taiwan, R.O.C.","07-5572111","bruce@kingtown.com.tw","http://www.kingtown.com.tw/","周敬恆","協理","07-5586368","bruce1523@gmail.com","http://www.kingtown.com.tw/06.php?A_1=%E5%88%A9%E5%AE%B3%E9%97%9C%E4%BF%82%E4%BA%BA","https://www.kingtown.com.tw/06.php?A_1=%E5%85%AC%E5%8F%B8%E6%B2%BB%E7%90%86"
"2527","宏璟建設股份有限公司","宏璟","建材營造","－","台北市基隆路一段420號10樓","	22344508","簡文祥","周家佩","簡文祥","董事長","周家佩,陳芳瑩","2691-5899","1986/12/19","1995/03/06",新台幣                 10.0000元,2703060000,270306000,0,0,合併,每年,董事會,"富邦綜合證券股份有限公司","23611300","北市100中正區許昌街17號11樓","勤業眾信聯合會計師事務所","林旺生","施俊弘","Hung Ching","10th Fl., 420, Keelung rd., Sec. 1,Taipei, Taiwan, R.O.C.","2691-5193","cherry@asehome.com","http://www.asehcc.com.tw","陳芳瑩","副總經理","02-2691-5899-203","cherry@asehome.com","https://mis281.wixsite.com/asehcc/interests","https://mis281.wixsite.com/asehcc/permanent"
"2528","皇普建設股份有限公司","皇普","建材營造","－","桃園市桃園區文中路747號6樓","	81271967","蘇永平","蘇永平","陳玠吟","財務部副理","唐如鈺","03-2171111","1985/01/17","1995/03/10",新台幣                 10.0000元,4359964670,435996467,0,0,個別,每半會計年度,董事會,"福邦證券股份有限公司","(02)2371-1658","台北市中正區忠孝西路一段6號6樓","安永聯合會計師事務所","王慕凡","王甯寬","CROWELL","6F., No.747, Wenzhong Rd., Taoyuan Dist.Taoyuan City 330, Taiwan (R.O.C.)","03-2172222","spokesman@crowell.com.tw","http://crowell.com.tw","陳玠吟","財務部副理","03-2171111","spokesman@crowell.com.tw","http://crowell.com.tw/relationship.php?MT_id=site2017121815325784","https://crowell.com.tw/company.php?MT_id=site2018020209451820"
"2530","大華建設股份有限公司","華建","建材營造","－","台北市內湖區成功路五段460號16樓","	11059409","鄭斯聰","黃智楨","陳柏豪","公司治理主管","吳幸穗","022632-8877","1960/12/28","1995/10/12",新台幣                 10.0000元,8412557310,841255731,0,0,合併,每季,董事會,"中國信託商業銀行代理部","02-66365566","台北市重慶南路一段八三號五樓","安永聯合會計師事務所","黃建澤","林素雯","DELPHA","16FL.,NO.460,SEC.5,Chenggung RD.,Neihu chiu.Taipei,Taiwan,R.O.C.","022633-8755","service@delpha.com.tw","www.delpha.com.tw","陳柏豪","公司治理主管","022632-8877","kevinchen@delpha.com.tw","https://www.delpha.com.tw/stakeholders","https://www.delpha.com.tw/governance"
"2534","宏盛建設股份有限公司","宏盛","建材營造","－","台北市松山區敦化北路168號14樓","	22221180","林新欽","陸永富","陳育德","經理","王智梅","2719-9999","1986/07/09","1996/02/12",新台幣                 10.0000元,4742279700,474227970,0,0,合併,每年,股東會,"群益金鼎證券(股)公司股務代理部","27023999","台北市大安區敦化南路二段97號B2","勤業眾信聯合會計師事務所","謝東儒","邱盟捷","HSC","14F., No. 168, Dunhua N. Rd.,TAIPEI, TAIWAN, R.O.C","2546-4577","hsc@hsc.com.tw","http://www.hsc.com.tw","陳育德","經理","2719-9999","hsc@hsc.com.tw","http://www.hsc.com.tw","https://www.hsc.com.tw/area3_1.php"
"2535","達欣工程股份有限公司","達欣工","建材營造","－","台北市大安區敦化南路二段92號9樓","	18997007","王人正","代理總經理 謝天賀","陳士修","資深副總經理","許維貞","(02)27062929","1967/02/13","1996/03/11",新台幣                 10.0000元,2707939670,270793967,0,0,合併,每年,董事會,"富邦綜合證券股份有限公司","(02)2361-1300","台北市中正區許昌街17號11樓","勤業眾信聯合會計師事務所","劉明賢","李冠豪","DA-CIN","9TH FL,NO92,SECTION 2,TUN-HWA SOUTH ROADTAIPEI,TAIWAN","(02)27081317","cm10023@dacin.com.tw","www.dacin.com.tw","許維貞","副總經理","(02)27062929#747","vickie.hsu@dacin.com.tw","http://www.dacin.com.tw/investors/stakeholder.php","https://www.dacin.com.tw/investors/directors.php?index_faq_m_id=4"
"2536","宏普建設股份有限公司","宏普","建材營造","－","台北市大安區敦化南路二段19號9樓","	23113054","游武龍","游武龍","詹俊炫","稽核經理","劉寶姝","(02)2755-2662","1988/10/05","1996/03/14",新台幣                 10.0000元,3328086520,332808652,0,0,合併,每年,股東會,"元大證券股份有限公司","(02)2586-5859","106臺北市大安區敦化南路2段67號地下一樓","安侯建業聯合會計師事務所","許明芳","洪士剛","Hong Pu","9F., No. 19, Ses. 2, Dunhua S. Rd., Da'an Dist.,Taipei City 106, Taiwan ( R.O.C.)","(02)2708-2581","floyd@hong-pu.com.tw","www.hong-pu.com.tw","詹俊炫","稽核經理","02-27552662","floyd@hong-pu.com.tw","https://www.hong-pu.com.tw/tw/corporate/list/§Q?`???Y?H","https://www.hong-pu.com.tw/tw/corporate/list/"
"2537","聯上開發股份有限公司","聯上發","建材營造","－","台北市信義區忠孝東路五段68號36樓","	22659295","蘇永義","李志明","李志明","總經理","曾金卿","27229898","1987/08/19","1996/09/06",新台幣                 10.0000元,3005577950,300557795,0,0,個別,每年,董事會,"元大證券股份有限公司股務代理部","25865859","臺北市大安區敦化南路2段67號地下一樓","安侯建業聯合會計師事務所","黃欣婷","鄒依芸","WE & WIN","36F., NO.68, SEC. 5 Jhongsiao E. Rd., Sinyi DistrictTaipei,Taiwan, R.O.C.","27220300","3623@5v.com.tw","www.5v.com.tw","曾金卿","副總經理","(02)27229898","3430@5v.com.tw","https://www.5v.com.tw/investor_4.php","https://www.5v.com.tw/investor_1.php"
"2538","基泰建設股份有限公司","基泰","建材營造","－","台北市中正區衡陽路五十一號十樓","	12251662","楊儲明","馮先勉","紀鈞舜","法務室主任","林驛芯","23830666","1979/11/07","1996/11/01",新台幣                 10.0000元,4450254950,445025495,0,0,合併,每年,股東會,"中國信託代理部","(02)6636-5566","台北市重慶南路一段八十三號五樓","安永聯合會計師事務所","林素雯","張巧穎","KeeTai","10F,NO.51,HERNGYANG ROAD,TAIPEI CITYTaipei R.O.C","23830222","kt104@thekeetai.com.tw","www.keetai.com.tw","紀鈞舜","法務室主任","23830666","kt104@thekeetai.com.tw","www.keetai.com.tw","http://www.keetai.com.tw/investment/investment006a_001.html"
"2539","櫻花建設股份有限公司","櫻花建","建材營造","－","台中市西區臺灣大道二段239號4樓","	22491640","陳世英","沈淑貞","陳世英","董事長","沈淑貞","(04)36005800","1987/05/02","1997/07/16",新台幣                 10.0000元,11931025810,1193102581,0,0,合併,每年,股東會,"中國信託商業銀行代理部","(02)66365566","台北市重慶南路一段83號5樓","立本台灣聯合會計師事務所","程建憲","陶鴻文","SAKURAD","4F., No.239, Sec.2,Taiwan Blvd., West District,Taichung City 403, Taiwan (R.O.C.)","(04)36005799","saku.great@msa.hinet.net","www.sakurad.com.tw","蔡梅茵","副理","04-36005800","meiyin@sakurad.com.tw","https://www.sakurad.com.tw/web/InterestList.aspx","https://www.sakurad.com.tw/web/InvestorsList.aspx?T=govern"
"2540","愛山林建設開發股份有限公司","愛山林","建材營造","－","台北市中山區龍江路128號2樓","	22190686","祝文宇","祝藝","張境在","副董事長","祝藝","(02)8773-6688","1986/09/06","1989/12/26",新台幣                 10.0000元,9448739650,944873965,0,0,合併,每年,董事會,"統一綜合證券(股)公司股務代理部","(02)2746-3797","台北市松山區東興路8號地下1樓","安侯建業聯合會計師事務所","池世欽","黃欣婷","JSL","2F., No. 128, Longjiang Rd., Zhongshan Dist.Taipei City 104, Taiwan (R.O.C)","(02)8773-6689","amma@mail.jsl.com.tw","https://www.isanlin.com/","林佩君","副理","02-87736688","amma@mail.jsl.com.tw","https://www.isanlin.com/retailer","https://www.isanlin.com/file"
"2542","興富發建設股份有限公司","興富發","建材營造","－","台北市中山區樂群二路267號10樓","	12305479","曹淵博","范華軍","廖昭雄","開發部副總經理","王素月","(02)2755-5899","1980/01/23","1999/05/03",新台幣                 10.0000元,21730835390,2173083539,0,0,合併,每年,董事會,"群益金鼎證券(股)公司股務代理部","(02)2702-3999","106台北市大安區敦化南路二段97號地下二樓","安侯建業聯合會計師事務所","韓沂璉","鄒依芸","Highwealth","10F., No.267, Lequn 2nd RdTaipei 104,Taiwan,R.O.C","(02)2755-5988","karen@highwealth.com.tw","http://www.highwealth.com.tw/","廖昭雄","副總經理","(02)27555899","liao@highwealth.com.tw","https://www.highwealth.com.tw/stakeholder.php","https://www.highwealth.com.tw/stakeholder.php?data_type=governance&page_type=governance"
"2543","皇昌營造股份有限公司","皇昌","建材營造","－","台北市內湖區潭美街539號23樓","	34342717","江程金","黃重雷","官心惠","副總經理","朱惠菊","2792-2988","1981/02/16","1999/10/15",新台幣                 10.0000元,5285419610,528541961,0,0,合併,每半會計年度,股東會,"台新綜合證券(股)公司股務代理部","2504-8125","台北市中山區建國北路1段96號地下1樓","霈昇聯合會計師事務所","林育雅","李菡","HWANG CHANG","23F., No. 539, Tanmei St., Neihu Dist.,Taipei,Taiwan,R.O.C","2792-8399","pr@hcgc.com.tw","www.hcgc.com.tw","官心惠","副總經理","02-2792-2988","pr@hcgc.com.tw","www.hcgc.com.tw","https://www.hcgc.com.tw/company"
"2545","皇翔建設股份有限公司","皇翔","建材營造","－","台北市博愛路38號8樓","	86379024","廖年吉","廖宇祥","王繼華","財會部協理","王繼華","23882898","1991/12/06","2000/09/11",新台幣                 10.0000元,3797348080,379734808,0,0,合併,每年,股東會,"元大證券股份有限公司","25865859","台北市大安區敦化南路2段67號地下一樓","安侯建業聯合會計師事務所","鄒依芸","陳宗哲","HUANG HSIANG","8FL,NO.38,BO AI  ROAD,TAIPEI,R.O.C","23896999","contact@hhe.com.tw","www.hhe.com.tw","王繼華","財會部協理","23882898","anniewang@hhe.com.tw","www.hhe.com.tw","www.hhe.com.tw"
"2546","根基營造股份有限公司","根基","建材營造","－","台北市松山區民權東路三段169號9樓","	43876760","袁藹維","陳俊明","范錦華","副總經理","陳俊明","(02)2378-6789","1982/04/13","2000/09/11",新台幣                 10.0000元,1305241930,130524193,0,0,合併,每年,董事會,"中國信託商業銀行代理部","(02)6636-5566","100台北市重慶南路一段83號5樓","安侯建業聯合會計師事務所","韓沂璉","陳宗哲","KEDGE","9 F., No. 169, Sec. 3, Minquan E. Rd., Songshan Dist.Taipei City ,Taiwan (R.O.C.)","(02)2739-6710","ir@kindom.com.tw","http://www.kedge.com.tw","陳柏瑋","專案經理","(02)2378-6789","ir@kindom.com.tw","https://www.kedge.com.tw/investor/","https://www.kedge.com.tw/investor/"
"2547","日勝生活科技股份有限公司","日勝生","建材營造","－","台北市大同區市民大道一段209號14樓","	12373243","林榮顯","劉垚凱","陳婷婷","協理","王正芬","(02)7733-8888","1982/03/26","2000/12/22",新台幣                 10.0000元,10350946490,1035094649,0,0,合併,每年,股東會,"凱基證券股份有限公司","(02)2389-2999","台北市重慶南路一段2號5樓","勤業眾信聯合會計師事務所","楊清鎮","方涵妮","RADIUM","14FL., No.209, Sec. 1, Civic Blvd., Datong Dist.,Taipei, Taiwan, R.O.C.","(02)2559-5188","line@radium.com.tw","http://www.radium.com.tw","陳婷婷","協理","(02)7733-8888","Radiumgrp2547@radium.com.tw","http://www.radium.com.tw","https://www.radium.com.tw/governance-structure"
"2548","華固建設股份有限公司","華固","建材營造","－","台北市信義路四段456號7樓","	23358846","鍾榮昌","洪嘉昇","劉若梅","財務長","姚秀琴.楊康平","2758-2828","1989/04/06","2002/08/26",新台幣                 10.0000元,3197186970,319718697,0,0,合併,每年,董事會,"台新證券股務代理部","2504-8125","台北市建國北路一段96號B1","資誠聯合會計師事務所","王方瑜","林佳鴻","HUAKU　　","7F, No.456, Sec.4, Xinyi Rd.,　　Taipei , Taiwan , R.O.C.　","2729-2687","susan@huaku.com.tw","https://www.huaku.com.tw","楊康平","襄理","2758-2828","kurtis.yang@huaku.com.tw","https://www.huaku.com.tw/governanceDetail?id=0jNY70s1hKSSBfJA","https://www.huaku.com.tw/governance"
"2597","潤弘精密工程事業股份有限公司","潤弘","建材營造","－","台北市中山區八德路二段308號10樓","	66394146","李志宏","莫惟瀚","曹昌盛","資深副總","趙存國","02-81619999","1975/11/03","2010/03/26",新台幣                 10.0000元,3107160000,310716000,0,0,合併,每年,股東會,"本公司股務","81617958","台北市中山區八德路二段308號12樓","資誠聯合會計師事務所","黃金連","張淑瓊","REC","10FL., No.308, Sec. 2, Bade Rd., Jhongshan District, Taipei City 104, TaiwanRepublic of China","02-81619988","cmc@mail.ruentex.com.tw","https://www.rtc.com.tw","趙存國","副總經理","81619999","Rt008763@mail.ruentex.com.tw","https://www.rtc.com.tw","https://www.rtc.com.tw"
"2601","益航股份有限公司","益航","貿易百貨","－","台北市復興南路二段237號14樓","	03353007","郭人豪","莊仟萬","林燕玲","董事會秘書處協理","邱為德","27069911","1963/10/08","1965/11/04",新台幣                 10.0000元,8247760670,824776067,0,0,合併,每年,股東會,"凱基證券股份有限公司","(02)2389-2999","台北市中正區重慶南路一段2號5樓","安侯建業聯合會計師事務所","潘俊名","毛聖崴","FSC","14th Fl., No.237, Fuhsing S. Rd.,Sec. 2Taipei, Taiwan, R.O.C","27069922","firsteam@firsteam.com.tw","www.firsteam.com.tw","林燕玲","董事會秘書處協理","23267635","ballylin@firsteam.com.tw","http://www.firsteam.com.tw/investors_info.html","https://www.firsteam.com.tw/corporate_governance.html"
"2603","長榮海運股份有限公司","長榮","航運業","－","台北市中山區民生東路二段166號","	11337775","張衍義","吳光輝","吳光輝","總經理","莫政平","(02)2505-7766","1968/09/25","1987/09/21",新台幣                 10.0000元,21650429960,2165042996,0,0,合併,每年,股東會,"股務課","(02)2500-1668","台北市中山區民生東路二段166號2樓","資誠聯合會計師事務所","余正富","徐明釧","EMC","NO.166 , SEC.2 , MINSHENG EAST ROADTAIPEI , TAIWAN , R.O.C","(03)351-0973","public@evergreen-marine.com","www.evergreen-marine.com","莫政平","財務部部主管","02-25001280","finir@evergreen-marine.com","https://csr.evergreen-marine.com/","https://www.evergreen-marine.com/emc/governance/jsp/EMC_BoardOfDirector.jsp?lang=zh-tw"
"2605","新興航運股份有限公司","新興","航運業","－","台北市大安區復興南路一段368號14樓","	11812103","許積皋","許積皋","許志鴻","財務處副總經理","范曉婷","02-27037055","1968/02/27","1989/12/08",新台幣                 10.0000元,5853532970,585353297,0,0,合併,每年,董事會,"中國信託商業銀行代理部","02-66365566","台北市重慶南路一段83號5樓","資誠聯合會計師事務所","廖福銘","蔡蓓華","SNC","14F, No.368 , FU HSING SOUTH ROAD,SECTION 1.TAIPEI, TAIWAN, R.O.C.","02-27003374","ad@snc.com.tw","http://www.snc.com.tw/","許志鴻","財務處副總經理","02-27037055#282","ad@snc.com.tw","www.snc.com.tw/§Q?`???Y?H","www.snc.com.tw/???q?v?z"
"2606","裕民航運股份有限公司","裕民","航運業","－","台北市敦化南路二段207號29樓","	47067419","徐旭東","王書吉","張宗良","副總經理","陳長生","(02)27338000","1968/08/29","1990/12/08",新台幣                 10.0000元,8450557120,845055712,0,0,合併,每年,股東會,"亞東證券股份有限公司","(02)77531699","新北市板橋區新站路16號13樓","勤業眾信聯合會計師事務所","劉紋伶","戴信維","U-MING","29TH FL.,TAIPEI METRO TOWER,207,SEC.2,TUN HWA S.RD.TAIPEI 106,TAIWAN,REPUBLIC OF CHINA","(02)27359900","uming@metro.feg.com.tw","http://www.uming.com.tw","張宗良","副總經理","(02)27376008","bismark@metro.feg.com.tw","http://www.uming.com.tw/investor_relations","https://www.uming.com.tw/investors/Index.aspx"
"2607","長榮國際儲運股份有限公司","榮運","航運業","－","桃園市桃園區經國路899號","	04406559","邱顯育","林振芳","林振芳","總經理","張慧貞","03-3252060","1973/10/05","1990/12/14",新台幣                 10.0000元,5335705470,533570547,0,0,合併,每年,股東會,"長榮國際儲運股份有限公司股務課","02-25001668","台北市中山區民生東路二段166號2樓","資誠聯合會計師事務所","余正富","徐明釧","EITC","899, CHING KUO ROAD,TAOYUAN DIST., TAOYUAN CITY, TAIWAN","03-3462009","mgt@evergreen-eitc.com.tw","www.evergreen-eitc.com.tw","高懿珍","經理","03-3252060","fin@evergreen-eitc.com.tw","https://www.evergreen-eitc.com.tw/eitchtdocs/zh/E02-1-Intro.html","https://www.evergreen-eitc.com.tw"
"2608","嘉里大榮物流股份有限公司","嘉里大榮","航運業","－","台北市中正區新生南路一段50號14樓","	51015548","沈宗桂","財務暨行政總處：阮慧雯","阮慧雯","財務暨行政總處總經理","胡明昌總務處協理","02-33226888","1959/12/21","1990/12/20",新台幣                 10.0000元,4670004980,467000498,0,0,合併,每年,股東會,"永豐金證券股份有限公司","02-23816288","台北市博愛路17號3樓","勤業眾信聯合會計師事務所","吳麗冬","蘇定堅","Kerry TJ","14F., No.50, Sec. 1, Xinsheng S. Road,TAI-PEI,TAIWAN,R.O.C","02-33226777","investor@kerrytj.com","http://www.kerrytj.com","胡明昌","協理","02-33226888","investor@kerrytj.com","https://www.kerrytj.com/zh/menu/sub/44","https://www.kerrytj.com/zh/menu/sub/28"
"2609","陽明海運股份有限公司","陽明","航運業","－","基隆市七堵區明德一路271號","	04200199","蔡豐明","李明輝","李明輝","總經理","蘇育文、劉麗雯","02-2455-9988","1972/12/29","1992/04/20",新台幣                 10.0000元,34921042700,3492104270,0,0,合併,每年,股東會,"凱基證券股份有限公司","02-2389-2999","台北市中正區重慶南路一段2號5樓","勤業眾信聯合會計師事務所","鄭欽宗","楊承修","YMTC","No. 271, Mingde 1st Rd., Qidu Dist.Keelung City 206006, Taiwan(R.O.C.)","02-2455-9988","cs@yangming.com","http://www.yangming.com/","張景博","資深管理師","02-2455-9988","FFIC@yangming.com","https://esg.yangming.com/esg/stakeholder/1/","https://esg.yangming.com/esg/information/corporategovernance/"
"2610","中華航空股份有限公司","華航","航運業","－","桃園市大園區航站南路一號","	11145904","高星潢","陳漢銘","魯淑慧","處長","顏洋","(03)399-8888","1959/09/07","1993/02/26",新台幣                 10.0000元,60853732630,6085373263,0,0,合併,每年,董事會,"中國信託商業銀行代理部","(02)6636-5566","台北市中正區重慶南路一段83號5樓","勤業眾信聯合會計師事務所","李冠豪","錢奕圻","CAL","No.1, Hangzhan S. Rd.,Dayuan Dist., Taoyuan City, Taiwan R.O.C","(03)399-8313","tpeprci@china-airlines.com","http://www.china-airlines.com","蔡俊偉","財務處經理","03-3998361","tpeaf@china-airlines.com","https://www.china-airlines.com/tw/zh/about-us/stakeholder","https://www.china-airlines.com/tw/zh/corporate-governance/index"
"2611","志信國際股份有限公司","志信","航運業","－","台北市大安區市民大道三段206號6樓","	33853232","黃春發","陳秀奇","陳秀奇","總經理","林燕文","(02)2509-0036","1973/11/15","1993/10/28",新台幣                 10.0000元,1890022720,189002272,0,0,合併,每年,董事會,"統一綜合證券股份有限公司","(02)2746-3797","台北市松山區東興路８號Ｂ１樓","勤業眾信聯合會計師事務所","方涵妮","陳昭宇","TSI","6 F., No. 206, Sec. 3, Civic Blvd., Da'an Dist.,Taipei City 106081, Taiwan (R.O.C.)","(02)2500-7894","tstcomp@tsgroup.com.tw","www.tsgroup.com.tw","陳秀奇","總經理","(02)2509-0036","tstcomp@tsgroup.com.tw","www.tsgroup.com.tw","https://www.tsgroup.com.tw/menu/20/17.htm"
"2612","中國航運股份有限公司","中航","航運業","－","台北市濟南路一段15號9樓","	43778070","彭士孝","戴聖堅","唐邦正","協理","孫賢中","(02)23963282","1978/01/31","1994/10/20",新台幣                 10.0000元,1974845930,197484593,0,0,合併,每年,董事會,"凱基證券股份有限公司","(02)23148800","台北市重慶南路一段二號五樓","安侯建業聯合會計師事務所","區耀軍","簡思娟","CMT","9TH., 15, CHI-NAN ROAD, SEC. 1TAIPEI TAIWAN","(02)23513082","cmt@agcmt.com.tw","http://www.cmt.tw","唐邦正","協理","02-23976670","inv.rel@agcmt.com.tw","http://www.cmt.tw","http://www.cmt.tw"
"2613","中國貨櫃運輸股份有限公司","中櫃","航運業","－","新北市汐止區大同路三段二七五號","	39014517","林宏年","黃國樑","陳政宏","副總經理","黃思穎","(02)86482211","1969/11/27","1995/01/20",新台幣                 10.0000元,1484234580,148423458,0,0,合併,每年,董事會,"中國信託商業銀行代理部","(02)66365566","台北市重慶南路一段83號5樓","資誠聯合會計師事務所","阮呂曼玉","林雅慧","CCTC","275,tatung road,sec.3,hsichihTaipei Hsien,Taiwan,Republic of China","(02)26491298","cctc@gcn.net.tw","http://www.cctcorp.com.tw","陳政宏","副總經理","(02)86482211#243","tim.chen@cctcorp.com.tw","http://www.cctcorp.com.tw","http://www.cctcorp.com.tw"
"2614","東森國際股份有限公司","東森","其他","－","台北市復興南路一段368號8樓","	04964250","廖尚文","周惠英","周惠英","總經理","蔡芸芸","2755-7565","1975/05/14","1995/09/23",新台幣                 10.0000元,3272649460,327264946,0,0,合併,每年,董事會,"統一綜合證券(股)公司股務代理部","2746-3797","台北市松山區東興路8號地下一樓","安侯建業聯合會計師事務所","黃欣婷","陳宗哲","EMIC","8F,NO.368 FU HSING S. RD., SEC.1TAIPEI, TAIWAN 106","2702-8079","emic@emic.com.tw","http://www.emic.com.tw","周惠英","總經理","2755-7565","ir@emic.com.tw","https://www.emic.com.tw/contact.php","https://www.emic.com.tw/corporate_governance.php"
"2615","萬海航運股份有限公司","萬海","航運業","－","台北市松江路136號10樓","	11395000","久福花園股份有限公司","謝福隆","蘇麗梅","協理","謝福隆","02-25677961","1965/02/24","1996/05/16",新台幣                 10.0000元,28061462930,2806146293,0,0,合併,每年,股東會,"華南永昌綜合證券(股)公司股務部","02-27186425","台北市民生東路四段54號4樓","安侯建業聯合會計師事務所","陳宜君","郭柔蘭","WANHAI","10TH FL,136 SUNG CHIANG RD.TAIPEI,TAIWAN, R.O.C","02-25216000","PR@wanhai.com","http://tw.wanhai.com/","張家銘","副理","02-25677961#6197","IR@wanhai.com","https://tw.wanhai.com/views/contactus/Contactus_invest.xhtml?file_num=75322&parent_id=65578&top_file","https://tw.wanhai.com/views/content/corporate_operation.xhtml?file_num=119762&parent_id=85400&top_fi"
"2616","山隆通運股份有限公司","山隆","油電燃氣業","－","新北市板橋區民生路一段1-2號1樓","	33983853","鄭人豪","俞蘭輝","曾才宏","執行長","蕭煒騰","(02)29599611","1976/04/06","1997/11/08",新台幣                 10.0000元,1372818270,137281827,0,0,合併,每年,股東會,"山隆通運股份有限公司","(02)22225131","新北市板橋區民生路一段3號3樓","安侯建業聯合會計師事務所","梅元貞","郭仰倫","SLC","1th FLOOR NO.1-2,DWC.1 MN-SHENG RD.PANCHIAO CITY,TAIPEI COUNTY,TAIWAN,R.O.C","(02)29599441","invest@slc.com.tw","www.slc.com.tw","曾才宏","執行長","(02)2959-9611","invest@slc.com.tw","www.slc.com.tw","https://w3.slc.com.tw/investor/download/investorCompRule"
"2617","台灣航業股份有限公司","台航","航運業","－","台北市濟南路二段29號2~6樓","	03564713","劉文慶","陳建州(代理)","陳建州","總經理(代理)","呂忠信","02-23941769","1946/07/01","1998/06/24",新台幣                 10.0000元,4172944870,417294487,0,0,合併,每年,股東會,"元大證券股份有限公司","02-2586-5859","臺北市大安區敦化南路2段67號B1","勤業眾信聯合會計師事務所","翁雅玲","辛宥呈","TNC","2-6FL,NO.29, SEC.2,CHI NAN ROADTAIPEI, TAIWAN,R.O.C.","02-23970640","tnctpe@taiwanline.com.tw","http://www.taiwanline.com.tw","蔣克培","財務經理","02-23941769#501","chiangkopei@taiwanline.com.tw","http://www.taiwanline.com.tw/","https://esg.twse.com.tw"
"2618","長榮航空股份有限公司","長榮航","航運業","－","桃園市蘆竹區新南路一段376號","	23225229","林寶水","孫嘉明","陳耀銘","公共關係室副總經理","王瑞裕","03-3515151","1989/04/07","2001/09/17",新台幣                 10.0000元,54004443350,5400444335,0,0,合併,每年,董事會,"長榮航空股務課","02-2500-4100","台北市民生東路二段166號2樓","安侯建業聯合會計師事務所","陳雅琳","楊雲筑","EVAAIR","NO.376,SEC.1,HSIN-NAN ROADLUCHU DIST.,TAOYUAN CITY,TAIWAN","02-25013999","prd@evaair.com","www.evaair.com","張環如","財務部經理","02-85002300","finir@evaair.com","https://www.evaair.com/zh-tw/about-eva-air/stakeholder-interest/","https://www.evaair.com/zh-tw/about-eva-air/corporate-governance/"
"2630","亞洲航空股份有限公司","亞航","航運業","－","台南市仁德區仁愛里機場路1050號","	11381701","李偉賢","李偉賢","郭思岑","財務主管、會計主管","劉書均","06-2681911","1955/01/19","2018/02/22",新台幣                 10.0000元,2094382040,209438204,0,0,合併,每年,董事會,"富邦綜合證券股份有限公司","(02)23611300","100415台北市中正區許昌街 17 號11樓","安侯建業聯合會計師事務所","蘇彥達","陳永祥","AACL　　","No.1050, JiChang Rd., Rende Dist.Tainan City 717, Taiwan, ROC","06-2691792","IR@airasia.com.tw","http://www.airasia.com.tw","郭思岑","財務主管、會計主管","06-2681911","IR@airasia.com.tw","http://www.airasia.com.tw/index.php?option=module&lang=cht&task=showlist&id=456&index=6","https://www.airasia.com.tw/index.php?temp=info2&lang=cht"
"2633","台灣高速鐵路股份有限公司","台灣高鐵","航運業","－","(11568)台北市南港區經貿二路66號13樓","	16446274","史哲","陳惠裕","鄒衡蕪","副總經理","王平宇","02-8789-2000","1998/05/11","2016/10/27",新台幣                 10.0000元,56282930580,5628293058,3000000000,0,個別,每年,股東會,"富邦綜合證券股務代理部","02-2361-1300","台北市中正區許昌街17號11樓","資誠聯合會計師事務所","于智帆","徐聖忠","THSRC","13F., No.66, Jingmao 2nd Rd ., Nangang DistrictTaipei City 11568, Taiwan, R.O.C.　","02-8789-3000","Spokesman_MBOX@thsrc.com.tw","www.thsrc.com.tw","吳秀婉","經理","02-8725-1359","FND_MBOX@thsrc.com.tw","https://corp.thsrc.com.tw/corp/aacb78a4-9b1b-4452-a8d9-e4f07cc9519e","https://corp.thsrc.com.tw/corp/00a08d00-5f55-47f6-bc44-49019b97e722"
"2634","漢翔航空工業股份有限公司","漢翔","航運業","－","台中市西屯區漢翔路1號","	97160544","曹進平","莊秀美","莊秀美","總經理","周峻","04-27020001","1996/07/01","2014/08/25",新台幣                 10.0000元,9418671010,941867101,0,0,合併,每年,股東會,"福邦證券股份有限公司","02-23711658","台北市中正區忠孝西路一段六號六樓","勤業眾信聯合會計師事務所","許瑞隆","蔣淑菁","AIDC　　","No. 1, Hanxiang Rd., Xitun DistTaichung City 407803, Taiwan (R.O.C.)","04-22842295","IR@ms.aidc.com.tw","www.aidc.com.tw","吳盈君","管理師","04-22842881","ir@ms.aidc.com.tw","http://www.aidc.com.tw/tw/cse/stakeholder","https://www.aidc.com.tw/tw/investor/governance/principle"
"2636","台驊國際控股股份有限公司","台驊控股","航運業","－","台北市信義區忠孝東路四段 563 號 12樓","	22358734","張立秋","顏益財","王春英","協理","游慧如","27532093","1987/02/04","2016/12/22",新台幣                 10.0000元,1418352300,141835230,0,0,合併,每半會計年度,董事會,"中國信託商業銀行代理部","02-6636-5566","台北市中正區重慶南路一段83號5樓","安侯建業聯合會計師事務所","陳蓓琪","許明芳","T3EX","12F. , No. 563 , Sec . 4, Zhongxiao E. Rd . ,Xinyi District ,Taipei City 11072 , Taiwan","27657197","spokesman@t3ex-group.com","www.t3ex-group.com","王春英","協理","27532093","spokesman@t3ex-group.com","https://www.t3ex-group.com","https://www.t3ex-group.com/ESG/2"
"2637","慧洋海運股份有限公司","慧洋-KY","航運業","KY","Windward 3,Regatta Office Park,PO Box 1350,Grand Cayman KY1","	25637751","藍俊昇","藍俊昇","薛亦駿","財務長","謝君珮","02-27552637","2008/10/21","2010/12/01",新台幣                 10.0000元,7464091990,746409199,0,0,合併,每年,股東會,"永豐金證券股份有限公司","02-23816288","台北市中正區博愛路17號3F","安永聯合會計師事務所","呂倩雯","劉榮進","WISDOM","Rm. 711, 7th Fl, No 237, Fu-Hsing S. Rd. Sec.2Taipei , Taiwan","02-27556865","ir@wisdomlines.com.tw","www.wisdomlines.com.tw","牟冠諭","NA","02-27552637","ir@wisdomlines.com.tw","http://www.wisdomlines.com.tw/esg","https://www.wisdomlines.com.tw/cg"
"2642","台灣宅配通股份有限公司","宅配通","航運業","－","241020新北市三重區神農街426號","	70624227","邱純枝","徐慶懿","廖浩廷","協理","周政雄","02-66165500","1999/09/10","2013/12/12",新台幣                 10.0000元,954670000,95467000,0,0,合併,每年,股東會,"凱基證券股份有限公司股務代理部","02-23892999","台北市重慶南路一段2號5樓","資誠聯合會計師事務所","徐明釧","涂展源","Pelican","No. 426, Shennong St., Sanchong Dist., New Taipei City 241020Taiwan, R.O.C.","02-66163300","c220909@e-can.com.tw","http://www.e-can.com.tw","廖浩廷","協理","02-66165500分機399","haliau@e-can.com.tw","https://www.e-can.com.tw/aboutUs_contact.aspx","https://www.e-can.com.tw/Invest06.aspx"
"2645","長榮航太科技股份有限公司","長榮航太","航運業","－","桃園市大園區航站南路6號","	16097775","黃南宏","謝新文","謝新文","總經理","陳啟民","03-3519500","1997/11/10","2023/03/14",新台幣                 10.0000元,3745709620,374570962,0,0,個別,每年,董事會,"凱基證券股份有限公司股務代理部","02-23892999","台北市中正區重慶南路一段2號5樓","安侯建業聯合會計師事務所","陳雅琳","鄭博仁","EGAT","NO. 6, HANGZHAN S. RD.,DAYUAN DIST., TAOYUAN CITY, TAIWAN","03-3931045","spokesman@egat.com.tw","https://www.egat.com.tw/","陳啟民","財務部副總經理","03-3833268","IR@egat.com.tw","https://www.egat.com.tw/zh-hant/corporate-social-responsibility/building-sound-governance/relations","https://www.egat.com.tw/zh-hant/corporate-governance/company-rules/"
"2646","星宇航空股份有限公司","星宇航空","航運業","－","臺北市信義區忠孝東路四段525號11樓","	51712072","張國煒","翟健華","梁文龍","公關長","劉俐(文三)","02-27911000","2018/05/02","2024/10/25",新台幣                 10.0000元,30087350000,3008735000,0,0,個別,每年,董事會,"元大證券股份有限公司股務代理部","02-25865859","臺北市大安區敦化南路2段67號地下一樓","安永聯合會計師事務所","余倩如","黃子評","STARLUX AIR","11F., No. 525, Sec. 4, Zhongxiao E. Rd., Xinyi Dist.Taipei City 110055, Taiwan (R.O.C.)","02-87913999","crd@starlux-airlines.com","https://www.starlux-airlines.com/","劉小姐","資深專員","02-27911000","ir@starlux-airlines.com","https://www.starlux-airlines.com/zh-TW/about-us/stakeholder-dialogue","https://www.starlux-airlines.com/zh-TW/about-us/corporate-governance"
"2701","萬華企業股份有限公司","萬企","觀光餐旅","－","台北市峨嵋街52號","	15415013","蔡茂昌","吳雅珍","蔡茂昌","董事長","梁鈺汶","(02)2375-3211","1958/02/26","1965/03/22",新台幣                 10.0000元,4499678380,449967838,0,0,個別,每年,股東會,"本公司股務科","(02)2381-3737","台北市中華路一段41號11樓","勤業眾信聯合會計師事務所","謝東儒","趙永祥","WANHWA","52 O MEI STREETTAIPEI,TAIWAN,R.O.C","(02)23315386","wanhwa.ltd@msa.hinet.net","www.wanhwa.com.tw","梁鈺汶","財務主管","02-23813737","www.wanhwa.com.tw","www.wanhwa.com.tw","www.wanhwa.com.tw"
"2702","華園飯店股份有限公司","華園","觀光餐旅","－","高雄市苓雅區四維三路6號23樓B室","	75560601","陳增東","陳增東","涂慶昇","特助","余素玲","07-2410123","1959/07/29","1965/02/14",新台幣                 10.0000元,1566132490,156613249,0,0,合併,每年,董事會,"國票綜合證券股份有限公司","02-25288988","10571台北市松山區南京東路五段188號15樓","資誠聯合會計師事務所","廖阿甚","吳建志","HG","Rm.B,23F.,No.6, Siwei 3rd RdKAOHSIUNG TAIWAN REPUBLIC OF CHINA","07-3308887","accounting@hotelhg.com.tw","www.hotelhg.com.tw","涂慶昇","特助","07-2410123#102","mark.tu@hotelhg.com.tw","www.hotelhg.com.tw","https://www.hotelhg.com.tw/investors/44/"
"2704","國賓大飯店股份有限公司","國賓","觀光餐旅","－","臺北市中山區中山北路2段65巷9號2樓","	11636802","許育瑞","許家堯","黃國瑋","資深協理","何仲仁、陳冠儒","(02)2551-1111","1962/12/01","1982/11/10",新台幣                 10.0000元,3669233430,366923343,0,0,合併,每年,股東會,"中國信託商業銀行代理部","(02)6636-5566","台北市中正區重慶南路一段八十三號五樓","安永聯合會計師事務所","林素雯","林世寰","AMBH","2F., No. 9, Lane 65, Section 2, Zhongshan North Road,Taipei,Taiwan,R.O.C.","(02)2523-3358","stock@ambassador-hotels.com","www.ambassador-hotels.com","何仲仁","資深協理","(02)21002100#2862","jerry.ho@ambassador-hotels.com","http://investor.ambassador-hotels.com/stakeholder.htm","https://investor.ambassador-hotels.com/corgavernance.htm"
"2705","六福開發股份有限公司","六福","觀光餐旅","－","新竹縣關西鎮仁安里拱子溝六十號","	11081274","莊豐如","賴振融","施丁文","協理","黃晶怡","03-547-5665","1968/01/27","1988/12/24",新台幣                 10.0000元,1913128300,191312830,4776200,0,合併,每年,股東會,"兆豐證券(股)公司","02-3393-0898","台北市中正區忠孝東路二段95號1樓","安永聯合聯合會計師事務所","鄭清標","傅文芳","LEOFOO","NO. 60, Gungtzgou, Renan Li,Guanshi Jen, Hsinchu County, Taiwan","03-547-5366","IR.leofoo@leofoo.com.tw","http://www.leofoo.com.tw","施丁文","協理","02-6615-6565","IR.leofoo@leofoo.com.tw","https://www.leofoo.com.tw/zh-TW/?Psn=10404","https://www.leofoo.com.tw/investor/index/2"
"2706","第一華僑大飯店股份有限公司","第一店","觀光餐旅","－","台北市南京東路二段六十三號","	11587957","顧安生","徐小華","顧安生","董事長","林秀美","25418234","1968/09/27","1991/06/25",新台幣                 10.0000元,4999983460,499998346,0,0,個別,每年,股東會,"第一華僑大飯店(股)股務課","23753211","臺北市中華路1段41號11樓","勤業眾信聯合會計師事務所","楊承修","馬偉峻","FIRST HOTEL","63 NANKING EAST RD. SEC. 2TAIPEI,TAIWAN","25812411","firsthotel@aptg.net","twfirsthotel.com.tw","林秀美","副總經理","0225418234","firsthotel@aptg.net","http://twfirsthotel.com.tw/relation.html","http://twfirsthotel.com.tw/relation.html"
"2707","晶華國際酒店股份有限公司","晶華","觀光餐旅","－","台北市中山北路2段39巷3號1-20樓","	04268726","潘思亮","吳偉正","王文蘊","財務部副總經理","曹建南","(02)2523-8000","1976/07/07","1998/03/09",新台幣                 10.0000元,1274032380,127403238,0,0,合併,每季,董事會,"台新證券股務代理部","(02)2504-8125","台北市建國北路一段96號B1","資誠聯合會計師事務所","黃金連","余正富","GFRT","1-20F,3,Lane39,Chung Shan N. Rd. SEC.2,Taipei,Taiwan,R.O.C.","(02)2571-0807","joan.lien@regenttaiwan.com","https://www.silkshotelgroup.com/tw/","連美芳","股務主任","2522-8357","joan.lien@regenttaiwan.com","https://esg.silkshotelgroup.com/stakeholder/communication","https://digital.silkshotelgroup.com/Investment"
"2712","遠雄悅來大飯店股份有限公司","遠雄來","觀光餐旅","－","974花蓮縣壽豐鄉鹽寮村山嶺18號","	23986016","武祥生","沈建劭","李翰林","管理處協理","郭宗旻","(03)8123900","1991/01/15","2013/12/03",新台幣                 10.0000元,1050000000,105000000,0,0,個別,每年,股東會,"元大證券股份有限公司","(02)25863117","臺北市大安區敦化南路2段67號地下一樓","資誠聯合會計師事務所","林佳鴻","陳啟東","FGH","No.18, Shanling, Yanliau Vil,Shoufeng TownshipHualien County 97449, Taiwan","(03)8123933","hotel.service@farglory-hotel.com.tw","https://www.farglory-hotel.com.tw","李翰林","管理處協理","(03)8123900#8250","d0111.hh@farglory-hotel.com.tw","https://www.farglory-hotel.com.tw/investors/stakeholder/","https://www.farglory-hotel.com.tw/investors/corporate-governance/"
"2722","夏都國際開發股份有限公司","夏都","觀光餐旅","－","屏東縣恆春鎮網紗里環城北路218巷15號","	89434676","陳協同","王慶祺","陳重憲","副董事長","王慶祺","08-8862377","1995/09/27","2012/03/14",新台幣                 10.0000元,1431696960,143169696,0,0,合併,每年,股東會,"統一綜合證券股份有限公司","02-27463797","台北市松山區東興路8號B1樓","勤業眾信會計師事務所","廖鴻儒","吳長駿","Chateau","No.15, Ln. 218, Huancheng North Rd., Hengchun TownshipPingtung Hsieng, Taiwan 946, R.O.C.","08-8862482","chateau.stock@ktchateau.com.tw","www.chateau-hotels.com.tw","張曉雯","財務長","06-2918188","chateau.stock@ktchateau.com.tw","www.chateau-hotels.com.tw/sustainability/index.php?index_id=30","https://www.chateau-hotels.com.tw/investors/"
"2723","開曼美食達人股份有限公司","美食-KY","觀光餐旅","KY","台中市南屯區工業23路35號","	39682101","吳政學","吳政學","李翰霖","副總經理","傅柏翔","(04)3503-9090","2008/09/26","2010/11/22",新台幣                 10.0000元,1800000000,180000000,0,0,合併,每年,董事會,"元大證券股份有限公司","(02)2586-5859","台北市大安區敦化南路2段67號地下一樓","勤業眾信聯合會計師事務所","彭以驊","謝明忠","Gourmet","No. 35, 23rd., Nantun DistrictTaichung City R.O.C.","(04)2350-7570","stock@85cafe.com","http://www.85cafe.com","李翰霖","副總經理","(02)2657-6685","stock@85cafe.com","http://www.85cafe.com","https://www.85cafe.com/InvestorRelations04_03.php"
"2727","王品餐飲股份有限公司","王品","觀光餐旅","－","臺中市西區臺灣大道二段218號29樓","	84630426","陳正輝","陳正輝","朱文敏","媒體公關室主管","邱建綸","04-23221868","1993/12/07","2012/03/06",新台幣                 10.0000元,829401090,82940109,0,0,合併,每年,董事會,"永豐金證券股份有限公司","(02)2381-6288","台北市博愛路17號3樓","勤業眾信聯合會計師事務所","蔡宗遠","虞成全","WOWPRIME","29F., No.218, Sec. 2, Taichung Boulevard, West Dist.,Taichung City 403, Taiwan (R.O.C.)","04-23207133","wowprime.stock@wowprime.com","http://www.wowprime.com","邱秀妙","財務部經理","04-23221868","wowprime.stock@wowprime.com","https://www.wowprime.com/zh-tw/investor","https://www.wowprime.com/zh-tw/investors-sub-menu/about-wowprime/corporate-governance/management"
"2731","雄獅旅行社股份有限公司","雄獅","觀光餐旅","－","台北市內湖區石潭路151號9樓","	04655091","王文傑","黃信川","賴一青","通路總經理","楊文彬","8793-9000","1977/06/09","2013/09/24",新台幣                 10.0000元,932777390,93277739,0,0,合併,每年,股東會,"富邦綜合證券股份有限公司","(02)2361-1300","台北市許昌街17號11樓","勤業眾信聯合會計師事務所","方涵妮","龔則立","Liontravel","9F., No.151, Shitan Rd., Neihu Dist.,Taipei,Taiwan","6607-1483","lion2731@liontravel.com","http://www.liontravel.com","沈昀熹","經理","87939000","lion2731@liontravel.com","http://www.liontravel.com/info/investors/","http://www.liontravel.com/info/investors/"
"2739","寒舍餐旅管理顧問股份有限公司","寒舍","觀光餐旅","－","台北市中正區忠孝東路一段12號","	70471881","蔡伯翰","蔡伯翰","閔桂鈴","副總經理","白靖惠","(02)2321-5511","2000/01/17","2016/05/19",新台幣                 10.0000元,915260000,91526000,0,0,合併,每年,董事會,"富邦綜合證券(股)公司股務代理部","(02)2361-1300","台北市中正區許昌街17號11樓","資誠聯合會計師事務所","賴宗羲","涂展源","My Humble House","No. 12, Sec. 1, Zhongxiao E. Rd., Zhongzheng Dist.Taipei City, Taiwan, R.O.C","(02)6633-1500","public@mhh-group.com","http://www.mhh-group.com","閔桂鈴","副總經理兼發言人","(02)6633-1506","public@mhh-group.com","http://www.mhh-group.com/csr.aspx","https://www.mhh-group.com/websev?lang=zh-tw&ref=list&cat=3&subcat=3"
"2748","雲品國際酒店股份有限公司","雲品","觀光餐旅","－","台北市中山區中山北路二段96號8樓","	54023418","盛治仁","丁原偉","曾景宏","總管理處處長","丁原偉","(02)2998-6788","2012/11/22","2016/11/23",新台幣                 10.0000元,1057787400,105778740,0,0,合併,每年,董事會,"中國信託商業銀行代理部","(02)6636-5566","台北市中正區重慶南路1段83號5樓","勤業眾信聯合會計師事務所","翁雅玲","邵志明","FDC","8F, No. 96, Zhonghan N. Rd., Zhonghan Dist,Taipei City, Taiwan (R.O.C.)","(02)8992-5988","fdc2748@ldchotels.com","http://www.fdc-i.com/","曾景宏","總管理處處長","(02)2998-6788","kenny.tseng@ldchotels.com","https://www.fdc-i.com/stakeholders/overview/","https://www.fdc-i.com/investor/corporate-governance/"
"2753","八方雲集國際股份有限公司","八方雲集","觀光餐旅","－","新北市淡水區中正東路二段27號18樓","	70472679","林欣怡","林欣怡","林欣怡","董事長兼總經理","黃莉淇","02-88098898","2000/01/19","2021/09/09",新台幣                 10.0000元,666447960,66644796,0,0,合併,每半會計年度,董事會,"中國信託商業銀行股份有限公司","02-66365566","台北市中正區100重慶南路一段83號5樓","勤業眾信聯合會計師事務所","李麗凰","翁博仁","Bafang","18F., No.27, Sec. 2, Zhongzheng E. Rd., Tamsui Dist.,New Taipei City 251, Taiwan (R.O.C.)","02-88098858","IR@8way.com.tw","https://www.8way.com.tw/","黃莉淇","財務長","02-88098898","IR@8way.com.tw","https://www.8way.com.tw/ESG/0901","https://www.8way.com.tw/investor/0703"
"2762","世界健身股份有限公司","世界健身-KY","運動休閒","KY","台中市西屯區市政路402號36樓","	94497159","柯約翰","柯約翰","柯約翰","董事長兼總經理","謝如菁","04-36008020","2013/11/21","2024/01/24",新台幣                 10.0000元,1125000000,112500000,0,0,合併,每季,董事會,"永豐金證券股份有限公司","02-23816288","台北市博愛路17號3樓","資誠聯合會計師事務所","賴志維","徐建業","World Gym","36F, No. 402, Shizheng Rd., Xitun Dist.,Taichung , Taiwan","04-36008030","investor@worldgymtaiwan.com","https://investor.worldgymtaiwan.com/","謝易軒","投資人關係處長","04-36010880","investor@worldgymtaiwan.com","https://investor.worldgymtaiwan.com/stakeholders","https://investor.worldgymtaiwan.com/governance-regulation"
"2801","彰化商業銀行股份有限公司","彰銀","金融保險業","－","臺中市自由路二段三八號","	51811609","胡光華","簡志光","鄧秀娟","副總經理","林玉葉","02-25362951","1950/07/01","1962/02/15",新台幣                 10.0000元,117660462530,11766046253,0,0,合併,每年,股東會,"兆豐證券股務代理部","02-33930898","臺北市忠孝東路二段95號","勤業眾信聯合會計師事務所","吳美慧","龔則立","CHANG HWA BANK","38,Tsu Yu Rd .,Sec.2Taichung,Taiwan,R.O.C.","02-25313024","chbgss@chb.com.tw","www.bankchb.com","沈鳳麗","副處長","02-25362951#1302","lilyshen@chb.com.tw","https://www.bankchb.com/frontend/mashup.jsp?funcId=bbff2f5c15","https://www.bankchb.com/frontend/mashup.jsp?funcId=881cd7a915"
"2812","台中商業銀行股份有限公司","台中銀","金融保險業","－","台中市民權路87號","	51816908","李瑞倉","董益源","鄭榮國","副總經理","林劍洪","04-22236021","1953/08/26","1984/05/15",新台幣                 10.0000元,60216259210,6021625921,0,0,合併,每年,股東會,"本公司股務科","02-23957388","100台北市中正區新生南路一段50號11樓","勤業眾信聯合會計師事務所","劉書琳","王攀發","T.C.C.B.","No.87, Mincyuan Rd., West District, Taichung City 40341, Taiwan (R.O.C.)taichung TAIWAN","04-22270138","tcbserv@tcbbank.com.tw","http://www.tcbbank.com.tw","鄭榮國","副總經理","04-22236021","tcbserv@tcbbank.com.tw","https://www.tcbbank.com.tw/Intro/B_22.html","https://www.tcbbank.com.tw/Intro/B_20.html"
"2816","旺旺友聯產物保險股份有限公司","旺旺保","金融保險業","－","台北巿大安區忠孝東路四段219號12樓","	03110001","洪吉雄","劉自明","蔡宛樺","副總經理","陳泰龍","2776-5567","1963/02/19","1992/05/05",新台幣                 10.0000元,2236080000,223608000,0,0,個別,每年,股東會,"國票綜合證券(股)公司股務代理部","(02)2528-8988","台北市松山區南京東路五段188號15樓","安侯建業聯合會計師事務所","吳政諺","蔡佩汝","UNION INS.","12TH FLOOR. 219, SEC. 4, CHUNG-HSIAO E. ROAD,TAIPEI,TAIWAN.","27118610","Amelia.Kuo@wwunion.com","http://www.wwunion.com/","蔡宛樺","副總經理","2776-5567","Elena.Tsai@wwunion.com","https://www.wwunion.com/?p=15901","https://www.wwunion.com/?page_id=10935"
"2820","中華票券金融股份有限公司","華票","金融保險業","－","台北市內湖區堤頂大道二段99號4樓","	12198359","張政權","魏政祥","劉立凡","協理","陳協理人傑","(02)2799-1177","1978/12/01","1994/10/26",新台幣                 10.0000元,13429600000,1342960000,0,0,個別,每年,股東會,"中國信託商業銀行","(02)6636-5566","台北市重慶南路1段83號5樓","勤業眾信會計師事務所","李冠豪","張嘉銘","CBF","4F., No.99, Sec. 2, Tiding Blvd., Neihu Dist., Taipei City 114, TaiwanTaipei,Taiwan,R.O.C.","(02)2659-2919","service@cbf.com.tw","http://www.cbf.com.tw","劉立凡","協理","02-27991177","jimmy_liu@cbf.com.tw","http://www.cbf.com.tw/ct.asp?xItem=14418&CtNode=639&mp=1","https://www.cbf.com.tw/np.asp?ctNode=990&mp=1"
"2832","台灣產物保險股份有限公司","台產","金融保險業","－","臺北市館前路49號8樓","	03557115","李泰宏","陳昭鋒","黃志傑","財務長","陳雯","(02)23821666","1948/03/12","1997/09/30",新台幣                 10.0000元,2535402800,253540280,0,0,個別,每年,股東會,"國票綜合證券股份有限公司","(02)25288988","台北市松山區南京東路五段188號15樓","勤業眾信聯合會計師事務所","楊承修","張嘉銘","TFMI","8F 49 Kuan Chien RoadTaipei Taiwan","(02)23882555","finance@mail.tfmi.com.tw","https://www.tfmi.com.tw","黃志傑","財務長","(02)23821666#196","gjhuang@tfmi.com.tw","https://www.tfmi.com.tw/investor_CG.aspx","https://www.tfmi.com.tw/investors-Corporate-directors"
"2834","臺灣中小企業銀行股份有限公司","臺企銀","金融保險業","－","台北市塔城街三十號","	03793407","李嘉祥","李國忠","曾國樑","副總經理","方英哲","(02)25597171","1950/09/23","1998/01/03",新台幣                 10.0000元,97180618490,9718061849,0,0,合併,每年,股東會,"元大證券股份有限公司","(02)25865859","臺北市大安區敦化南路2段67號地下一樓","安侯建業聯合會計師事務所","李逢暉","蔡佩汝","TBB","No.30 Ta Cheng St.Taipei, Taiwan, R.O.C.","(02)25506073","TBB@mail.tbb.com.tw","http://www.tbb.com.tw","陳宜平","業務發展部副理","02-2559-7171#2113","epingchen@mail.tbb.com.tw","https://ir.tbb.com.tw/stakeholders/procedures-for-the-analysis-of-material-issues","https://www.tbb.com.tw/zh-tw/about/intro/governance/internal-policies"
"2836","高雄銀行股份有限公司","高雄銀","金融保險業","－","高雄市左營區博愛二路168號","	79854797","徐翠梅","張榮泰","宋同強","副總經理","涂泰祿","(07)557-0535","1982/01/13","1998/05/18",新台幣                 10.0000元,18799169850,1839916985,0,40000000,個別,每年,股東會,"元大證券股份有限公司股務代理部","(02)2586-5859","106045臺北市大安區敦化南路二段67號地下一樓","國富浩華聯合會計師事務所","黃鈴雯","李國銘","B.O.K","168 Po Ai 2nd Road, Tsoying DistrictKaohsiung, Taiwan","(07)558-0529","0691@mail.bok.com.tw","www.bok.com.tw/","涂泰祿","副總經理兼主任秘書","(07)5592520","m0020@mail.bok.com.tw","www.bok.com.tw/","https://www.bok.com.tw/bokgov"
"2838","聯邦商業銀行股份有限公司","聯邦銀","金融保險業","－","台北市松山區民生東路三段109號1、2樓","	86380802","林鴻聯","許維文","楊巨昌","副總經理","盧文娟","(02)2718-0001","1991/12/31","1998/06/29",新台幣                 10.0000元,45405517790,4340551779,0,200000000,合併,每年,股東會,"台新綜合證券(股)公司股務代理部","(02)2504-8125","台北市中山區建國北路1段96號地下1樓","勤業眾信聯合會計師事務所","李冠豪","施俊弘","UBOT","1F.2F., No.109, Sec. 3, Minsheng E. Rd., Songshan DistrictTaipei City, Taiwan, R.O.C.","(02)2545-5169","103 0199@ubot.com.tw","www.ubot.com.tw","楊巨昌","副總經理","(02)2718-0001","Yanger_Yang@ubot.com.tw","www.ubot.com.tw/interestrelationship","https://www.ubot.com.tw/esg_governance"
"2845","遠東國際商業銀行股份有限公司","遠東銀","金融保險業","－","台北市敦化南路二段207號26, 27樓","	86517096","周添財","林建忠","林建忠","總經理","陳雲儀","(02)2378-6868","1992/01/11","1998/11/27",新台幣                 10.0000元,48652847310,4865284731,0,0,合併,每年,股東會,"亞東證券股份有限公司","(02)7753-1699","新北市板橋區新站路16號13樓","勤業眾信聯合會計師事務所","胡家熀","楊承修","FEIB","26, 27/F, No. 207 Tun Hwa S. Road, Sec. 2Taipei, Taiwan, R.O.C","(02)2376-5691","service@feib.com.tw","http://www.feib.com.tw","莊惠莘","資深經理","(02)23765758","patriciachuang@feib.com.tw","https://www.feib.com.tw/detail?id=396","https://www.feib.com.tw/L2?id=p33&focusid=type3"
"2849","安泰商業銀行股份有限公司","安泰銀","金融保險業","－","臺北市信義區信義路五段7號16樓、40樓及41樓","	86928561","俞宇琦","徐世偉","張人偉","資深副總經理","陳琬鈺","81012277","1992/06/03","1999/09/27",新台幣                 10.0000元,19576093490,1957609349,1063113402,0,個別,每年,股東會,"群益金鼎證券股份有限公司","(02)27023999","台北市大安區敦化南路二段九十七號地下二樓","安侯建業聯合會計師事務所","陳奕任","吳政諺","EnTie Bank","40F, Taipei 101 Tower ,7, Sec.5, Xin Yi Rd.,Taipei 110, Taiwan, R.O.C.Taipei,Taiwan,R.O.C","81016204","ir@entiebank.com.tw","https://www.entiebank.com.tw","陳昱亨","協理","81016075","ir@entiebank.com.tw","https://www.entiebank.com.tw/entie/0.1.5.3","https://www.entiebank.com.tw/entie/0.1.4.1"
"2850","新光產物保險股份有限公司","新產","金融保險業","－","台北市建國北路二段十三號十一樓","	03458403","吳昕紘","蔡世賢","劉崇文","副總","李思怡","(02)2507-5335","1963/04/26","2000/05/22",新台幣                 10.0000元,3159633000,315963300,0,0,個別,每年,股東會,"台新證券股務代理部","(02)25048125","台北市建國北路一段96號B1","資誠聯合會計師事務所","王昱欣","郭柏如","SK Insurance","5-12F, NO.13, Chienkuo N.Rd., Sec.2Taipei 104, Taiwan, R.O.C.","(02)2509-5634","stock@skinsurance.com.tw","www.skinsurance.com.tw","王太宇","副總","(02)2507-5335#277","stock@skinsurance.com.tw","http://www.skinsurance.com.tw/SKI/NewsShow.aspx?uID=82","https://www.skinsurance.com.tw/SKI/Doc.aspx?uID=12&sID=1322&ST="
"2851","中央再保險股份有限公司","中再保","金融保險業","－","台北市南京東路二段53號12樓","	11081991","鍾志宏","林育德","林育德","總經理","張允寧","02-25115211","1968/06/12","2000/07/06",新台幣                 10.0000元,8003887500,800388750,0,0,個別,每年,股東會,"元大證券股份有限公司","02-25865859","台北市大安區敦化南路二段67號地下一樓","資誠聯合會計師事務所","張家荃","羅蕉森","Central Re","12F.,53 Nanking East Road, Section 2,Taipei,Taiwan, R.O.C.","02-25235350","centralre@centralre.com","https://www.centralre.com","許自成","協理","02-25115211#215","allenhsu@centralre.com","https://www.centralre.com/content/information/information07.htm","https://www.centralre.com/content/information/corporategovernancehome.htm"
"2852","第一產物保險股份有限公司","第一保","金融保險業","－","台北市中正區忠孝東路一段五十四號","	03359109","李正漢","陳信坤","吳東穎","副總經理","蕭斐芬","23913271","1962/09/04","2000/11/28",新台幣                 10.0000元,3011637840,301163784,0,0,個別,每年,股東會,"華南永昌綜合證券股份有限公司","27186425","台北市松山區民生東路四段五十四號四樓","勤業眾信聯合會計師事務所","陳招美","梁盛泰","FIRST INS","54,Chung Hsiao East Road,Sec.1Taipei,Taiwan,R.O.C","23412864","corpgov@firstins.com.tw","http://www.firstins.com.tw","吳東穎","副總經理","(02)23913271 #2633","tonywu@firstins.com.tw","https://www.firstins.com.tw/about/stakeholder/stakeholder-index","https://www.firstins.com.tw/about/operation/operation-index"
"2855","統一綜合證券股份有限公司","統一證","金融保險業","－","台北市東興路8號1樓","	23218183","林寬成","楊凱智","安芝立","財務部資深副總經理","陳乃真","2747-8266","1988/12/17","2002/09/16",新台幣                 10.0000元,16014144780,1601414478,0,0,合併,每年,股東會,"統一綜合證券(股)公司股務代理部","2746-3797","台北市東興路8號B1","資誠聯合會計師事務所","王方瑜","郭柏如","PSC","1F, No. 8, Dongxing Rd.Taipei 105, Taiwan, ROC","2746-3737","investor@uni-psg.com","https://www.pscnet.com.tw/","呂佳真","資深協理","274782266 ext : 3433","CLARALU@uni-psg.com","https://www.pscnet.com.tw/pscnetAbout/stakeholderArea.do","https://pse.is/7ga2jr"
"2867","三商美邦人壽保險股份有限公司","三商壽","金融保險業","－","台北市內湖區石潭路58號1樓","	84443471","翁肇喜","陳宏昇","陳宏昇(暫代)","總經理","方曙明","(02)23455511","1993/06/12","2012/12/18",新台幣                 10.0000元,58995010440,5899501044,0,0,個別,每年,股東會,"宏遠證券股份有限公司","(02)23268818","台北市信義路四段236號3樓","勤業眾信聯合會計師事務所","林旺生","馬偉峻","Mercuries Life","1F., No. 58, Shitan Rd., Neihu Dist., Taipei CityTAIPEI, TAIWAN, R.O.C.","(02)27207438","ir@ mail.mli.com.tw","www.mli.com.tw?@?@","林靜宜","經理","(02)23455511#72300","ir@mail.mli.com.tw","http://www.mli.com.tw/MLI_Public/AboutUsDefault2.aspx?tid=Nav02&mid=40224","https://www.mli.com.tw/sites/mliportal/company/overview"
"2880","華南金融控股股份有限公司","華南金","金融保險業","－","台北市信義區松仁路123號","	70826764","陳芬蘭","蕭玉美","陳伯壎","副總經理","許素蓉","23713111","2001/12/19","2001/12/19",新台幣                 10.0000元,139169650890,13916965089,0,0,合併,每年,股東會,"華南永昌綜合證券股份有限公司","27186425","台北市民生東路4段54號四樓","勤業眾信聯合會計師事務所","吳怡君","方涵妮","HNFHC","No. 123, Songren Rd. Xinyi Dist, Taipei City 110, Taiwan (R.O.C)Taipei Taiwan","87291943","public@hnfhc.com.tw","www.hnfhc.com.tw","林琪敏","襄理","2371-3111#6318","carine.lin@hnfhc.com.tw","https://www.hnfhc.com.tw/HNFHC/csr/a.do?id=3b65bd63080000007efe&parent_menu=1","https://www.hnfhc.com.tw/HNFHC/company/f.do"
"2881","富邦金融控股股份有限公司","富邦金","金融保險業","－","臺北市中山區遼寧街179號15樓、16樓","	03374805","蔡明興","韓蔚廷","韓蔚廷","總經理","樓瑾文","6636-6636","2001/12/19","2001/12/19",新台幣                 10.0000元,156073549520,14007364952,0,1599990000,合併,每年,股東會,"富邦綜合證券(股)公司股務代理部","2361-1300","台北市100中正區許昌街十七號十一樓","安侯建業聯合會計師事務所","李逢暉","施威銘","Fubon Financial","15~16F., No. 179, Liaoning St., Zhongshan Dist., Taipei City104 , TaiwanTaipei Taiwan","6636-0111","pr@fubon.com","www.fubon.com","王家慧","資深協理","6636-6636 ext.57402","ir@fubon.com","https://www.fubon.com/financialholdings/citizenship/stakeholders/stakeholders_way.html","https://www.fubon.com/financialholdings/home/index.html"
"2882","國泰金融控股股份有限公司","國泰金","金融保險業","－","台北市仁愛路四段296號","	70827406","蔡宏圖","李長庚","陳晏如","資深副總經理","蔡翔馨","27087698","2001/12/31","2001/12/31",新台幣                 10.0000元,162025101280,14669210128,0,1533300000,合併,每年,股東會,"國泰證券股務代理部","02-77571288","台北市敦化南路二段39號2樓","勤業眾信聯合會計師事務所","林淑婉","陳盈州","CATHAY FHC","296,Ren-Ai Road, Sec. 4Taipei,106 Taiwan, R.O.C","23252488","service@cathayholdings.com.tw","www.cathayholdings.com","張雅柔","協理","27087698#7749","yajouchang@cathayholdings.com.tw","https://www.cathayholdings.com/holdings/governance/stakeholder","https://www.cathayholdings.com/holdings/governance"
"2883","凱基金融控股股份有限公司","凱基金","金融保險業","－","台北市松山區敦化北路135號8、12、13及18樓","	70827383","王銘陽","楊文鈞","黃碧玲","資深副總經理","盛嘉珍(第1順位)趙珮君(第2順位)","02-27638800","2001/12/28","2001/12/28",新台幣                 10.0000元,185569894140,16974847040,0,1582142374,合併,每年,股東會,"凱基證券股份有限公司股務代理部","02-23892999","台北市重慶南路一段2號5樓","勤業眾信聯合會計師事務所","吳怡君","柯志賢","KGI Financial","8, 12, 13, & 18F, No.135, Dunhua N. Rd, Songshan Dist,Taipei City 10549, Taiwan (R.O.C.)","02-27660047","ir@kgi.com","www.kgi.com","趙珮君","資深協理","02-2763-8800 #1508","ir@kgi.com","https://www.kgi.com/zh-tw/esg/governance","https://www.kgi.com/zh-tw/esg/governance"
"2884","玉山金融控股股份有限公司","玉山金","金融保險業","－","臺北市松山區民生東路三段117號14樓及115號1樓","	70796305","黃男州","陳茂欽","林俊佑","玉山金控/銀行行銷長","鄭恩融","(02)2175-1313","2002/01/28","2002/01/28",新台幣                 10.0000元,161740000000,16174000000,0,0,合併,每年,股東會,"玉山金控行政管理處","(02)2719-1313","臺北市松山區民生東路三段115號1樓","勤業眾信聯合會計師事務所","楊承修","馬偉峻","E.S.F.H","14F., No. 117 and 1F., No.115 ,Sec. 3,Min Sheng E. Road,Taipei, Taiwan, R.O.C.","(02)2713-7213","ir@esunbank.com","https://www.esunfhc.com","蕭啟偉","經理","+886 2 21751313#9347","ir@esunbank.com","https://www.esunfhc.com","https://pse.is/7gfdsp"
"2885","元大金融控股股份有限公司","元大金","金融保險業","－","臺北市大安區仁愛路三段157號6樓、8樓、10樓、13樓、16樓至20樓","	70796749","翁健","黃維誠","黃維誠","總經理","麥煦書、吳敬堂、楊荊蓀","02-27811999","2002/02/04","2002/02/04",新台幣                 10.0000元,133311499460,13331149946,0,0,合併,每年,股東會,"元大證券(股)公司股務代理部","02-25865859","臺北市大安區敦化南路二段67號地下一樓","資誠聯合會計師事務所","郭柏如","徐聖忠","Yuanta Group","6F., 8F., 10F., 13F., 16-20F., No. 157, Sec. 3, Ren-ai Rd., Da-an Dist.,Taipei, Taiwan, R.O.C.","02-27721585","servicefh.fhc@yuanta.com","http://www.yuanta.com","陳姿妙","協理","02-27811999","ir.fhc@yuanta.com","https://www.yuanta.com/TW/ESG/Stakeholder-Engagement/Contacts","https://www.yuanta.com/TW/ESG/Governance"
"2886","兆豐金融控股股份有限公司","兆豐金","金融保險業","－","台北市忠孝東路二段123號14至17樓、20至21樓","	70796754","董瑞斌","張傳章","丁涵茵","副總經理","張家麟","2357-8888","2002/02/04","2002/02/04",新台幣                 10.0000元,148333782820,14833378282,0,0,合併,每年,股東會,"元大證券股份有限公司","(02)2586-5859","106臺北市大安區敦化南路2段67號地下一樓","資誠聯合會計師事務所","吳尚燉","吳偉臺","MEGA FHC","14~17F,20~21F, No.123, SEC. 2, Jhongsiao E. Rd.Taipei, Taiwan, R.O.C.","3393-8755","jlc@megaholdings.com.tw","www.megaholdings.com.tw","林志維","投資人關係專案經理","23578888#309","IR@megaholdings.com.tw","http://www.megaholdings.com.tw/tc/StakeArea.aspx","https://www.megaholdings.com.tw/tc/govern.aspx"
"2887","台新新光金融控股股份有限公司","台新新光金","金融保險業","－","台北市大安區仁愛路4段118號12、13、15、16、21、22及23樓","	80328055","吳東亮","林維俊","林維俊","總經理","陳慧芸","02-23268888","2002/02/18","2002/02/18",新台幣                 10.0000元,293574877820,24866399230,0,4491088552,合併,每年,股東會,"台新綜合證券(股)公司股務代理部","02-25048125","台北市中山區建國北路1段96號地下1樓","安永聯合會計師事務所","張正道","傅&#12098;芳","TS Holdings","12F. 13F. 15F. 16F. 21F. 22F. 23F., No. 118, Sec. 4, Ren-ai Rd., Da-an Dist.,Taipei City, Taiwan (R.O.C.)","02-37076889","IR@tsholdings.com.tw","https://www.tsholdings.com.tw/","陳慧芸","財務長","02-55762129","IR@tsholdings.com.tw","https://www.tsholdings.com.tw/tsh/responsibility/stakeholder/interaction/","https://www.tsholdings.com.tw/tsh/governance/overview/"
"2889","國票金融控股股份有限公司","國票金","金融保險業","－","台北市樂群三路128號17樓","	80330257","魏啟林","陳冠舟","李憲宗","處長","黃拓華","(02)77520088","2002/03/26","2002/03/26",新台幣                 10.0000元,36335634710,3633563471,0,0,合併,每年,股東會,"國票綜合證券(股)公司股務代理部","(02)2528-8988","台北市松山區南京東路五段188號15樓","資誠聯合會計師事務所","羅蕉森","紀淑梅","IBF","17F., No. 128, Lequn 3rd Rd., Zhongshan Dist.,Taipei,104 Taiwan R.O.C","(02)77520099","services@ibf.com.tw","www.ibf.com.tw","孫亞文","經理","02-77520052","Hermia@ibf.com.tw","www.ibf.com.tw","www.ibf.com.tw"
"2890","永豐金融控股股份有限公司","永豐金","金融保險業","－","台北市中山區八德路2段306號3樓、5至13樓及308號6樓之1、6樓之2","	80333183","陳思寬","朱士廷","許如玫","財務長","蕭隆祺","(02)8161-8935","2002/05/09","2002/05/09",新台幣                 10.0000元,145023222750,14492322275,0,10000000,合併,每年,股東會,"永豐金證券公司股務代理部","(02)2381-6288","台北市中正區博愛路17號3樓","勤業眾信聯合會計師事務所","吳怡君","柯志賢","SINOPACHOLDINGS","3F、5~13F.,No.306&6F-1、6F-2.,No.308,Sec.2,Bade RoadTaipei 104,Taiwan,R.O.C.","(02)8161-8932","Investor-Relations@sinopac.com","https://www.sinopac.com/index.html","林茹靖","專業協理","(02)8161-8935ext1983","Investor-Relations@sinopac.com","https://www.sinopac.com/stakeholders/20170210145654630000000000000426.html","https://www.sinopac.com/governance/20211210153436460006/20211210153436476792.html"
"2891","中國信託金融控股股份有限公司","中信金","金融保險業","－","臺北市南港區經貿二路168號27樓、29樓","	80333992","顏文隆","高麗雪","高麗雪","總經理","吳修辰/徐旻傾","(02)3327-7777","2002/05/17","2002/05/17",新台幣                 10.0000元,201778069030,19677816903,0,499990000,合併,每年,股東會,"中國信託商業銀行代理部","(02)6636-5566","台北市重慶南路1段83號5樓","安侯建業聯合會計師事務所","陳俊光","陳富仁","CTBC HOLDING","27F、29F., No.168, Jingmao 2nd Rd., Nangang Dist.TAIPEI CITY 115, TAIWAN. R.O.C.","請洽詢總機","ir@ctbcholding.com","https://www.ctbcholding.com","沈佳惠","副總經理","分機6653~6656","ir@ctbcholding.com","https://www.ctbcholding.com/content/twhoo/zh_tw/stakeholder.html","https://ir.ctbcholding.com/c/gov_sitemap"
"2892","第一金融控股股份有限公司","第一金","金融保險業","－","台北市重慶南路一段30號","	80351999","邱月琴","方螢基","李淑玲","副總經理","王水蓮","23111111","2003/01/02","2003/01/02",新台幣                 10.0000元,143794686500,14379468650,0,0,合併,每年,股東會,"第一銀行信託處","23481137","台北市延平南路42號","資誠聯合會計師事務所","紀淑梅","羅蕉森","FFHC","30,  Chung  King  South  Road,  Sec.  1Taipei  , Taiwan  ,R.O.C.","23119691","fhc201@mail.firstbank.com.tw","www.firstholding.com.tw","柯書品","業務副理","23484975","Keith_Ke@fhc.com.tw","https://www.firstholding.com.tw/sites/firstholding/contact","https://www.firstholding.com.tw/sites/firstholding/governance/manageRule"
"2897","王道商業銀行股份有限公司","王道銀行","金融保險業","－","(114)台北市內湖區堤頂大道二段九十九號","	70745361","駱怡君","李芳遠","張倫瑋","副總經理","蕭至佑","(02)87527000","1999/07/27","2017/05/05",新台幣                 10.0000元,30553578780,2805357878,0,250000000,合併,每年,股東會,"中國信託商業銀行代理部","(02)66365566","台北市重慶南路一段83號5樓","勤業眾信聯合會計師事務所","李冠豪","馬偉峻","O-Bank","99,Sec.2,Tiding Blvd.Taipei,Taiwan","(02)26588101","service@o-bank.com","www.o-bank.com","張倫瑋","企業永續暨溝通處副總經理","(02)87527000#13301","IR@o-bank.com","https://www.o-bank.com/about/govern/stakeholder","https://www.o-bank.com/about/govern/Implementation/govern-directors"
"2901","欣欣大眾市場股份有限公司","欣欣","貿易百貨","－","台北市林森北路247號","	11364230","李文英","周國健","林再生","副總經理","方星云","25212211","1971/04/15","1976/05/07",新台幣                 10.0000元,730432830,73043283,0,0,個別,每年,股東會,"群益 金鼎證券〈股〉股務代理部","(02)2703-5000","(10601) 台北市大安區敦化南路二段97號B2","正風聯合會計師事務所","曾國富","賴永吉","SHIN SHIN","247.Lin Shen N. RoadTaipei. Taiwan R.O.C.","02-55826637","star@shinshinltd.com.tw","www.shinshinltd.com.tw","林再生","副總經理","25212211-055","recyclelin0822@shinshinltd.com.tw","http://www.shinshinltd.com.tw/#/contact","https://www.shinshinltd.com.tw/%E8%82%A1%E6%9D%B1%E5%B0%88%E5%8D%80"
"2903","遠東百貨股份有限公司","遠百","貿易百貨","－","新北市板橋區新站路16號18樓","	03521905","徐旭東","徐雪芳","劉儀婷","副總經理","王明倫","(02)77278168","1967/08/31","1978/10/11",新台幣                 10.0000元,14169405890,1416940589,0,0,合併,每年,股東會,"亞東證券股份有限公司","(02)7753-1699","新北市板橋區新站路16號13樓","勤業眾信聯合會計師事務所","葉淑娟","黃國寧","FEDS","18F, No.16. Xinzhan Rd., Banqiao Dist.,New Taipei City 220, Taiwan, R.O.C.","(02)77380752","service@feds.com.tw","https://www.feds.com.tw","劉儀婷","副總經理/財務長","(02)7727-8168","ir@feds.com.tw","https://esg.feds.com.tw/","https://www.feds.com.tw/shareholder/shareholder_tw.html"
"2904","匯僑股份有限公司","匯僑","其他","－","台北市民生東路三段一三一號五樓","	12195466","廖述群","葉唐榮","梁世詮","行政管理處協理","李明娟","27174347","1978/10/11","1983/01/05",新台幣                 10.0000元,778344320,77834432,0,0,合併,每年,董事會,"統一綜合證券股份有限公司","(02)2746-3797","台北巿松山區東興路8號B1樓","資誠聯合會計師事務所","黃珮娟","林永智","POCS","5F, No.131, Sec. 3, Min Seng E. Rd.,Taipei, R.O.C","27189474","service@pocs.com.tw","http://www.pocs.com.tw","梁世詮","行政管理處協理","02-2717-4347*618","ir@pocs.com.tw","http://www.poc.com.tw/tw/manpower/stakeholder.aspx","－"
"2905","三商投資控股股份有限公司","三商","貿易百貨","－","台北市建國北路二段145號地下1樓及1~18樓","	11052709","陳翔立","陳翔立","王志華","副總經理","陳德開","25031111","1965/02/19","1988/09/19",新台幣                 10.0000元,11103717030,1110371703,0,0,合併,每年,股東會,"宏遠證券股份有限公司股務代理部","02-7719-8899","台北市信義路四段236號3樓","立本台灣聯合會計師事務所","許坤錫","張書成","MERCURIES","145, SEC. 2 CHIEN KUO N. ROAD,TAIPEI, TAIWAN  R.O.C.","25047260","ginger@mercuries.com.tw","http://www.mercuries.com.tw","陳德開","副總經理","(02) 25031111#5333","tk.chin@mercuries.com.tw","http://www.mercuries.com.tw","https://www.mercuries.com.tw/governance"
"2906","高林實業股份有限公司","高林","貿易百貨","－","新北市汐止區新台五路一段95號21樓之8","	11547230","李忠良","李界羲","王培煜","副總經理","柯懷博","02-27125311","1969/05/05","1989/12/26",新台幣                 10.0000元,2091166480,209116648,0,0,合併,每年,股東會,"台新綜合證券(股)公司股務代理部","02-25048125","台北市中山區建國北路1段96號地下1樓","安侯建業聯合會計師事務所","唐嘉鍵","陳雅琳","Collins","21F.-8,No.95,Sec.1Xintai 5th Rd.,Xizhi Dist.,New Taipei CityTaipei, Taiwan, ROC","02-27175408","cust@collins.com.tw","www.collins.com.tw","王培煜","副總經理","02-27125311","Perry@collins.com.tw","http://www.collins.com.tw/web/responsibility/responsibility.jsp?dm_no=DM1668509119660&cp_no=CP150528","https://www.collins.com.tw/"
"2908","特力股份有限公司","特力","貿易百貨","－","台北市內湖區新湖三路23號6樓","	20795246","李麗秋","李麗秋董事長代理總經理","林素玲","副總經理","張嘉宏","(02)8791-5888","1978/08/10","1993/02/18",新台幣                 10.0000元,5098875580,509887558,0,0,合併,每年,董事會,"元大證券股份有限公司","(02)2586-5859","(106)台北市大安區敦化南路二段67號地下一樓","勤業眾信聯合會計師事務所","張至誼","洪國田","Test Rite","6F, No. 23, Hsin Hu 3rd.,Taipei, Taiwan, R.O.C.","(02)8791-5950","fin-stock@testritegroup.com","www.testritegroup.com","張嘉宏","副總經理","(02)8791-5041","Eric-JH.Chang@testritegroup.com","http://www.testritegroup.com/GWS/zh_TW/","https://www.testritegroup.com/invest-relations/corporate-governance"
"2910","統領百貨股份有限公司","統領","貿易百貨","－","台北市大安區忠孝東路四段197號10樓之6","	20937863","蘇建義","翁華利","陳文隆","副總經理","林宛儀","02-27522222","1982/08/18","1996/12/30",新台幣                 10.0000元,1754030000,175403000,0,0,合併,每年,董事會,"福邦證券股份有限公司","02-23711658","台北市中正區忠孝西路一段6號6樓","勤業眾信聯合會計師事務所","邱政俊","陳俊宏","TONLIN","10F-6,NO.197 Chung Hsiao E.Rd.,Sec.4,Taipei,Taiwan,R.O.C","02-87714295","tonlin@tp.tonlin.com.tw","www.tonlin.com.tw","陳文隆","副總經理","02-27522222-501","stephen_chen@tp.tonlin.com.tw","http://www.tonlin.com.tw/CSR/CSR?id=33&name=§Q?`???Y?H±M°?","https://www.tonlin.com.tw/shareholder/Shareholderarea?id=C6C4400C47F49022&name=%e5%85%ac%e5%8f%b8%e6"
"2911","麗嬰房股份有限公司","麗嬰房","貿易百貨","－","台北市內湖區陽光街321巷60號","	04377371","林柏蒼","陳仁沛","尤淑儀","副總經理","陳仁沛","87976699","1973/06/18","1997/01/18",新台幣                 10.0000元,1051259990,105125999,5400000,0,合併,每年,董事會,"永豐金證券股務代理部","23816288","台北市博愛路17號3樓","勤業眾信聯合會計師事務所","葉淑娟","翁雅玲","Les enphants","No.60,Lane321,Yang-kwang StreetTaipei Taiwan R.O.C","87978698","marina.yu@enphants.com.tw","http://www.enphants.com/c/index.php","尤淑儀","副總經理","(02) 8797-6699","marina.yu@enphants.com.tw","http://www.enphants.com/c/stakeholder.php","http://www.enphants.com/c/gov.php"
"2912","統一超商股份有限公司","統一超","貿易百貨","－","台北市東興路65號2樓","	22555003","羅智先","黃瑞典","吳玟琪","財務長","羅文璣 協理","(02)27478711","1987/06/10","1997/08/22",新台幣                 10.0000元,10396222550,1039622255,0,0,合併,每年,股東會,"統一綜合證券(股)公司股務代理部","(02)27463797","105台北市松山區東興路8號B1","資誠聯合會計師事務所","王&#12101;瑜","林瑟凱","PCSC","2F,65 Tung Hsing Rd,.105Taipei,Taiwan,R.O.C.","(02)27478181","spokesman@mail.7-11.com.tw","http://www.7-11.com.tw","姬亭竹","投資人關係TEAM經理","(02)27478711","chelseachi@mail.7-11.com.tw","http://www.7-11.com.tw/communication.asp","https://ir.7-11.com.tw/tw/institutional.php"
"2913","台灣農林股份有限公司","農林","貿易百貨","－","新竹縣湖口鄉中華路3號","	07525207","吳清源","吳清源","高力川","公共事務處副總經理","陳姿蒨","(03)659-1188","1950/06/15","1962/02/09",新台幣                 10.0000元,7900000000,790000000,83250000,0,個別,每年,董事會,"福邦證券股份有限公司股務代理部","02-2371-1658","台北市中正區忠孝西路一段6號6樓","安侯建業聯合會計師事務所","池世欽","黃欣婷","TTC","3 Chung Hua Road HukouHsinchu Taiwan R.O.C","(03)659-1199","service@ttch.com.tw","http://www.ttch.com.tw","高力川","公共事務處副總經理","(03)659-1188","Lee Kao@ttch.com.tw","http://www.ttch.com.tw/stakeholder/stakeholder","https://www.ttch.com.tw/zh/governance/governance"
"2915","潤泰全球股份有限公司","潤泰全","貿易百貨","－","台北市八德路二段三０八號十三樓之一","	14053007","徐盛育","徐志漳","李天傑","副總經理","徐志漳","81617999","1976/01/14","1977/07/20",新台幣                 10.0000元,11043187720,1104318772,0,0,合併,每年,股東會,"本公司股務室","81617958","台北市八德路二段三０八號十二樓","資誠聯合會計師事務所","張淑瓊","涂展源","RUENTEX IND.LTD","13/F,No.308,Section 2, Bade Road,Taipei,Taiwan,Republic of China","81617968","cmc@mail.ruentex.com.tw","www.ruentex.com.tw","李天傑","副總經理","81617999","rt000353@mail.ruentex.com.tw","www.ruentex.com.tw/financial/Financial_cn.htm","https://www.ruentex.com.tw/financial/Financial_cn.htm"
"2923","鼎固控股有限公司","鼎固-KY","建材營造","KY","臺北市信義區基隆路一段420號10樓(臺北聯絡處)","	31896684","張洪本","張能耀","張能耀","總經理","馮安怡","8621-64332999","2007/12/05","2012/12/07",新台幣                 10.0000元,17402969820,1740296982,0,0,合併,每年,股東會,"富邦綜合證券(股)公司股務代理部","(02)23611300","台北市許昌街17號11樓","勤業眾信聯合會計師事務所","楊承修","馬偉峻","Sino Horizon","450#, Ruijin 2 road, Huangpu District,Shanghai, PRC","8621-64332999","ir@sinohorizon.cn","https://www.sinohorizon.tw/","池千駒","財務副總經理","02-27200106","frank.chih@sinohorizon.cn","https://www.sinohorizon.tw/governance/stakeholders","－"
"2929","淘帝國際控股有限公司","淘帝-KY","貿易百貨","KY","台北市內湖區新湖一路97號2樓","	54381224","周志鴻","莊凌鋒","莊凌鋒","總經理","陳建瑋","(02)27938077","2012/10/03","2013/12/30",新台幣                 10.0000元,1094938380,109493838,0,0,合併,每年,董事會,"福邦證券股份有限公司股務代理部","(02)23711658","台北市中正區忠孝西路一段六號六樓","信永中和聯合會計師事務所","陳光慧","楊子陞","TOPBI","2F.,NO.97.XINHU 1ST RD,NEIHU DIST.,TAIPEI CITY,TAIWAN","(02)27938077","topbi@topbi.cn","http://www.topbi.com.tw","莊凌鋒","總經理","(02)27938077","david.chen@topbi.cn","http://topbi.com.tw/?page_id=31","https://esg.twse.com.tw/"
"2939","永邑國際集團股份有限公司","永邑-KY","貿易百貨","KY","新北市中和區建八路216號13樓","	72768516","陳柏融","王碩偉","王碩偉","財務長","陳柏融","(02)2929-5373","2015/05/28","2018/01/11",新台幣                 10.0000元,455486650,45548665,0,0,合併,每半會計年度,董事會,"福邦證券股份有限公司股務代理部","(02)2371-1658","台北市中正區忠孝西路一段6號6樓","正風聯合會計師事務所","賴家裕","林啟平","Vitafoss-KY","13F., No. 216, Jian 8th Rd., Zhonghe Dist.,New Taipei City, Taiwan (R.O.C.)","(02)2929-5371","ir@vitafoss.com.tw","www.vitafoss.com","王碩偉","財務長","(02)2929-5373","ir@vitafoss.com.tw","www.vitafoss.com","http://www.vitafoss.com/tc/p4_investor2.php?cid=8&nid=27"
"2945","三商家購股份有限公司","三商家購","貿易百貨","－","台北市中山區民權東路三段４號地下一層","	54164937","陳翔玢","邱光隆","邱光隆","總經理","劉晏秀","02-2506-1166","2013/02/07","2021/11/30",新台幣                 10.0000元,675000000,67500000,0,0,合併,每年,董事會,"宏遠證券股份有限公司股務代理部","02-2326-8818","台北市信義路四段236號3樓","安侯建業聯合會計師事務所","蕭佩如","周寶蓮","Simple Mart","B1, NO.4, SECTION 3, MINQUAN EAST ROADTAIPEI, TAIWAN, R.O.C","02-2516-1066","investor@simplemart.com.tw","https://www.simplemartretail.com/","張華","經理","02-2506-1166","investor@simplemart.com.tw","https://www.simplemartretail.com/","https://www.simplemartretail.com/§????H???Y/???q?v?z/???q°???????/"
"3002","歐格電子股份有限公司","歐格","電腦及週邊設備業","－","台北市內湖區內湖路一段88號5樓","	31306250","李廣浩","李廣浩","林瑞峰","協理","陳玫伶","(02)2799-1199","1983/08/01","2002/01/23",新台幣                 10.0000元,1020000000,102000000,0,0,合併,每年,董事會,"富邦綜合證券股務代理部","(02)2361-1300","台北市中正區許昌街17號11樓(壽德大樓)","勤業眾信聯合會計師事務所","尤盟貴","廖婉怡","AHOKU","5F, No.88, Sec.1, Nei-Hu Rd.Taipei ,Taiwan, R.O.C.","(02)2799-9099","ahoku@ahoku.com","http://www.ahoku.com.tw","林瑞峰","協理","(02) 2799-1199","kevin.lin@ahoku.com","https://www.ahoku.com.tw/zh-TW/page/-/Social-Responsibility_Stakeholders.html","https://www.ahoku.com.tw/zh-TW/page/Corporate-Governance-Zone-Content.html"
"3003","健和興端子股份有限公司","健和興","電子零組件業","－","彰化縣線西鄉彰濱東三路8號","	59276051","鄭克彬","鄭傑元","曾玉卿","財務總處處長","黃淑雯","(04)7580001","1978/02/10","2002/02/19",新台幣                 10.0000元,1556548900,155654890,0,0,合併,每年,董事會,"凱基證券股份有限公司","(02)23148800","台北市重慶南路一段2號5樓","安永聯合會計師事務所","陳明宏","黃宇廷","KST","8,E,3rd ROAD,CHANG PIN IND.PARKHSIEN SHI,CHANG HWA,TAIWAN,R.O.C.","(04)7580003","kst@ksterminals.com.tw","http://www.ksterminals.com.tw","曾玉卿","財務總處處長","(04)7580001-310","ir@ksterminals.com.tw","www.ksterminals.com.tw","https://ksterminals.com/zh-hant/corporate-governance/"
"3004","豐達科技股份有限公司","豐達科","鋼鐵工業","－","桃園市平鎮區太平東路5號","	16095404","蔡豐賜","林威村","李文正","副總經理","林威村","03-450-8868","1997/10/14","2002/02/25",新台幣                 10.0000元,642583550,64258355,0,0,合併,每年,董事會,"中國信託商業銀行代理部","(02)6636-5566","台北市重慶南路一段83號5樓","資誠聯合會計師事務所","李燕娜","劉倩瑜","NAFCO","No.5, Taiping E. Rd., Pingzhen DistTaoyuan City ,TAIWAN, R.O.C.","03-460-4114","IR@nafco.com.tw","http://www.nafco.com.tw","李文正","副總經理","03-450-8868","IR@nafco.com.tw","https://www.nafco.com.tw/society-tw/stakeholders-tw/","https://www.nafco.com.tw/society-tw/corporate-governance-tw/"
"3005","神基控股股份有限公司","神基","電腦及週邊設備業","－","臺北市南港區南港路一段209號5樓","	22099532","黃明漢","黃明漢","黃明漢","總經理","孫偉倖","02-27857888","1989/10/05","2002/02/25",新台幣                 10.0000元,6224786500,622478650,0,0,合併,每年,董事會,"中國信託商業銀行代理部","02-66365566","臺北市中正區重慶南路一段83號5樓","資誠聯合會計師事務所","劉倩瑜","李典易","Getac","5F., No. 209, Sec. 1, Nangang Rd., Nangang Dist.Taipei City, Taiwan, R.O.C","02-27852555","stocks@getac.com.tw","https://www.getacgroup.com","孫偉倖","總監","02-27857888 #5124","stocks@getac.com.tw","https://tw.getacgroup.com/sustainability/index.php?index_id=77","https://tw.getacgroup.com/investors/directors.php?index_faq_m_id=4"
"3006","晶豪科技股份有限公司","晶豪科","半導體業","－","新竹科學園區新竹市工業東四路23號","	16130280","張明鑒","張明鑒","吳鴻基","特別助理","李心琦","03-5781-970","1998/06/02","2002/03/04",新台幣                 10.0000元,2977414880,297741488,0,0,合併,每年,股東會,"群益金鼎證券股份有限公司","02-2702-3999","台北市敦化南路二段97號地下二樓","資誠聯合會計師事務所","白淑蒨","劉倩瑜","ESMT","NO 23,Industry  E. RD. IV ,Science-Based Industrial Park,Hsinchu, Taiwan, R.O.C.","03-5781971","spokesman@esmt.com.tw","www.esmt.com.tw","吳鴻基","特別助理","03-5781-970","spokesman@esmt.com.tw","https://www.esmt.com.tw/zh-tw/CSR/%E5%88%A9%E5%AE%B3%E9%97%9C%E4%BF%82%E4%BA%BA","https://www.esmt.com.tw/zh-tw/Investor/Corporate-Governance"
"3008","大立光電股份有限公司","大立光","光電業","－","台中市南屯區精科路11號","	22480876","林恩平","黃有執","林恩平","董事長","黃印嘉","04-36002345","1987/04/17","2002/03/11",新台幣                 10.0000元,1307981970,130798197,0,0,合併,每半會計年度,董事會,"台新證券股務代理部","02-25048125","台北市建國北路一段96號地下一樓","安侯建業聯合會計師事務所","張字信","陳燕慧","LARGAN","No.11, Jingke Rd., Nantun Dist., Taichung City 40852, Taiwan.Taichung,Taiwan","04-36006692","precision@largan.com.tw","www.largan.com.tw","黃印嘉","代理發言人","04-36002345","invest@largan.com.tw","http://www.largan.com.tw/html/about/governance.php","http://www.largan.com.tw/html/about/governance.php"
"3010","華立企業股份有限公司","華立","電子通路業","－","高雄市前金區中正四路235號10樓","	75514419","張尊賢","張尊賢","黃露慧","董事長特別助理","林仁智","07-2164311","1968/10/01","2002/07/22",新台幣                 10.0000元,2594368170,259436817,0,0,合併,每年,董事會,"元大證券(股)公司股務代理部","(02)2586-5859","臺北市大安區敦化南路2段67號地下一樓","勤業眾信聯合會計師事務所","許凱甯","許瑞軒","WAH LEE","10F,No.235,Chung Cheng 4th RoadKaohsiung,Taiwan,R.O.C","07-2811480","service@wahlee.com","http://www.wahlee.com","林振全","資深經理","02-27152087 ext22061","eric.lin@wahlee.com","https://esg.wahlee.com/strategy.html","https://www.wahlee.com/ZH/CorporateGovernance"
"3011","今皓實業股份有限公司","今皓","電子零組件業","－","新北市新店區寶興路53號","	20950226","石浩吉","林盟傑","林盟傑","總經理","陳柏融","2918-9189","1983/01/11","2002/07/22",新台幣                 10.0000元,1296468510,129646851,12427600,0,合併,每年,董事會,"福邦證券(股)公司股務代理部","(02)2371-1658","台北市中正區忠孝西路一段6號6樓","勤業眾信聯合會計師事務所","黃堯麟","周仕杰","JH","NO.53,PAO HSIN ROAD,HSIN TIEN DIST.NEW TAIPEI CITY ,TAIWAN,R.O.C","2918-1334","Investor@jh.com.tw","www.jh.com.tw","李蕙&#24419;","總經理室專員","2918-9189分機808","Investor@jh.com.tw","http://www.jh.com.tw/stakeholder.php","https://www.jh.com.tw/esg-98"
"3013","晟銘電子科技股份有限公司","晟銘電","電腦及週邊設備業","－","台北市內湖區民權東路六段27號2~6F","	04777186","林木和","羅志吉","莊家熒","財務處協理","蘇忠慶","02-2797-3999","1976/06/17","2002/09/16",新台幣                 10.0000元,2051389300,205138930,0,0,合併,每年,股東會,"中國信託代理部","02-6636-5566","台北市重慶南路一段83號5樓","安侯建業聯合會計師事務所","簡思娟","劉振興","UNEEC","2~6F, No.27 ,Sec.6 Minquan E. Rd.,Neihu DistrictTaipei , Taiwan","02-2797-5058","invest@tw.uneec.com","http://www.uneec.com/","莊家熒","財務處協理","2797-3999","invest@tw.uneec.com","http://www.uneec.com/tw/stakeholder","https://www.uneec.com/tw/governance"
"3014","聯陽半導體股份有限公司","聯陽","半導體業","－","新竹縣新竹科學園區創新一路13號3樓","	84149717","胡鈞陽","董明憲","林秀哲","專案處長","張培原","(03)5798658","1996/05/29","2002/10/29",新台幣                 10.0000元,1659871240,165987124,0,0,合併,每年,董事會,"宏遠證券股份有限公司","(02)23268818","台北市信義路四段236號","安永聯合會計師事務所","胡慎緁","邱琬茹","ITE","3F No.13, Chuangsin 1st Rd., Science Park,Hsin Chu , Taiwan 30076 , R.O.C.","(03)5794534","itesupport@ite.com.tw","www.ite.com.tw","林秀哲","專案處長","02-29126889#2388","sj.lin@ite.com.tw","https://www.ite.com.tw/tw/esg/Sustainable-Development/Stakeholder","https://www.ite.com.tw/tw/esg/governance/company/director"
"3015","全漢企業股份有限公司","全漢","電子零組件業","－","桃園市桃園區建國東路22號","	84239055","鄭雅仁","鄭雅仁","姚文鈞","資深經理","李芙蓉","(03)3759888","1993/04/15","2002/10/16",新台幣                 10.0000元,1872619500,187261950,0,0,合併,每年,董事會,"兆豐證券股份有限公司股務代理部","(02)33930898","台北市忠孝東路2段95號1樓","安侯建業聯合會計師事務所","張純怡","趙敏如","FSP","No.22,Jianguo E,Rd.,Taoyuan City330,Taiwan, R.O.C.　　","(03)3756966","cqe@fsp-group.com.tw","https://www.fsp-group.com","姚文鈞","資深經理","(03)3759888","cqe@fsp-group.com.tw","https://www.fsp-group.com/tw/StakeholderEngagement.html","https://www.fsp-group.com/tw/CorporateGovernance.html"
"3016","嘉晶電子股份有限公司","嘉晶","半導體業","－","新竹市科學工業園區篤行一路10號","	16130388","徐建華","&#28201;錦祥","范桂榮","發言人","陳佩媛","03-5632255","1998/11/09","2002/12/24",新台幣                 10.0000元,2885418190,288541819,0,0,合併,每年,董事會,"永豐金證券股份有限公司","02-23816288","台北市中正區博愛路17號3樓","資誠聯合會計師事務所","李典易","謝智政","EPi","No.10 Dusing Road I,Science Park ,Hsin Chu City,TaiwanHsin-Chu City, Taiwan, R.O.C","03-5632148","epi@epi.episil.com","www.epi.episil.com","范桂榮","發言人","03-5632255","famy.fan@epi.episil.com","https://www.epi.episil.com/Default/corporate_CRS/stakeholder","https://www.epi.episil.com/Default/Corporate_Governance"
"3017","奇鋐科技股份有限公司","奇鋐","電腦及週邊設備業","－","高雄市前鎮區新生路248之27號","	86427715","沈慶行","沈慶行","陳易成","副總經理","陳揚傑/陳彥良/沈星豪","07-8157612","1991/12/17","2002/09/27",新台幣                 10.0000元,3921788070,392178807,0,0,合併,每年,董事會,"元大證券股份有限公司","02-25865859","臺北市大安區敦化南路2段67號地下一樓","安永聯合會計師事務所","李芳文","洪國森","AVC","No. 248-27, Hsin-Sheng Rd., Chien Zhen District,Kaohsiung, Taiwan, R.O.C.","07-8120018","stock@avc.co","https://www.avc.co","陳揚傑/陳彥良/沈星豪","營銷事業處副總經理/財務經理/總經理特助","02-22996930","ir@avc.co","https://www.avc.co/zh-tw/CorporateResponsibility/Stakeholders","https://www.avc.co/zh-tw/%E6%8A%95%E8%B3%87%E4%BA%BA%E5%B0%88%E5%8D%80/%E5%85%AC%E5%8F%B8%E6%B2%BB%E"
"3018","隆銘綠能科技工程股份有限公司","隆銘綠能","其他電子業","－","臺北市中山區明水路602號3樓","	96924451","許鑒隆","許鑒隆","林欣怡","總管理處協理","張棨庭","(02)8501-5778","1996/01/05","2002/08/26",新台幣                 10.0000元,753777150,75377715,43295564,0,合併,每年,股東會,"統一綜合證券股份有限公司","(02)2747-8266","臺北市松山區東興路8號B1樓","冠恆&#32852;合會計師事務所","張進德","李玉芝","LUNG MING 　","3F., No. 602, Mingshui Rd., Zhongshan Dist.,Taipei City ,Taiwan (R.O.C.)","(02)8501-5159","lm@lmgte.com.tw","www.lmgte.com.tw","林欣怡","總管理處協理","(02)8501-5778","lm@lmgte.com.tw","www.lmgte.com.tw","www.lmgte.com.tw"
"3019","亞洲光學股份有限公司","亞光","光電業","－","台中市潭子區南二路22-3號","	55921894","賴以仁","林泰朗","張士駿","副總經理","林侑政","(04)2533-5175","1980/10/09","2002/08/26",新台幣                 10.0000元,2792439010,279243901,0,0,合併,每年,董事會,"永豐金證券股份有限公司","(02)2381-6288","台北市中正區博愛路17號3樓","勤業眾信聯合會計師事務所","蔣淑菁","王翔民","ASIA　　","No. 22-3 South Second RoadT.E.P.Z., Taichung City  427 Taiwan, ROC","(04)2534-2302","ir@aoci.com.tw","www.asia-optical.com","張士駿","副總經理","(04)2533-5175","ir@aoci.com.tw","http://www.asia-optical.com/sub_level.php?ls=228","https://www.asia-optical.com/care_content.php?serial=3&lang=tc"
"3021","鴻名企業股份有限公司","鴻名","電子零組件業","－","台北市東興路59號6樓","	84274833","張允騰","林嘉祥","黃小菁","資深經理","潘憶倫","(02)8768-2688","1993/05/25","2002/08/26",新台幣                 10.0000元,948900000,94890000,0,0,合併,每年,董事會,"中國信託商業銀行","02-66365566","台北市中正區重慶南路1段83號5樓","安侯建業聯合會計師事務所","王怡文","辛郁婷","WELLTEND　　","6F, No.59, Tung Hsing Road,　Taipei, Taiwan, R.O.C.","(02)8768-2588","ir@welltend.com.tw","www.welltend.com.tw","潘憶倫","資深經理","(02)8768-2688","ir@welltend.com.tw","http://www.welltend.com.tw/","－"
"3022","威強電工業電腦股份有限公司","威強電","電腦及週邊設備業","－","新北市汐止區中興路29號","	97445303","劉文義","江重良","魏諦斯","資深經理","周慧琪","(02)2690-2098","1997/04/17","2002/08/26",新台幣                 10.0000元,1765977900,176597790,0,0,合併,每年,股東會,"群益金鼎證券股份有限公司","(02)2702-3999","台北市敦化南路2段97號B2","安侯建業聯合會計師事務所","韓沂璉","潘俊名","IEI","No.29, Zhongxing Rd., Xizhi Dist.,New Taipei City 221, Taiwan (R.O.C.)","(02)2642-0658","ir@ieiworld.com","www.ieiworld.com/","蔡琇如","特助","02-26902098","ir@ieiworld.com","https://www.ieiworld.com/tw/about/con_show.php?op=showone&cid=17","https://www.ieiworld.com/tw/finance/con_show.php?op=showone&cid=50"
"3023","信邦電子股份有限公司","信邦","電子零組件業","－","苗栗市國華路582號","	23542766","王紹新","梁偉銘","張集州","處長","朱雅安","037-330099","1989/12/06","2002/08/26",新台幣                 10.0000元,2400690140,240069014,0,0,合併,每年,股東會,"台新證券股務代理部","02-2504-8125","台北市建國北路一段96號地下一樓","安永聯合會計師事務所","羅文振","柯雅婷","SINBON","582 Kuo Hwa Rd　　Miaoli 360,Taiwan　　","037-367945","matthew@sinbon.com","www.sinbon.com","張集州","處長","Chang Chi Chou","matthew@sinbon.com","https://www.sinbon.com/tw/esg/stakeholders","https://www.sinbon.com/tw/governance/overview"
"3024","憶聲電子股份有限公司","憶聲","光電業","－","桃園市中壢區中園路198號","	44955117","彭君平","彭秀雲","彭亭玉","董事","黃美芳","03-4515494","1976/07/21","2002/08/26",新台幣                 10.0000元,2771574960,277157496,0,0,合併,每年,股東會,"元大證券(股)公司","02-25865859","106臺北市大安區敦化南路2段67號地下一樓","資誠聯合會計師事務所","吳仁杰","林雅慧","ACTION","198 CHUNG YUAN RD., CHUNG LI IND.ZONE CHUNG LI　　TAIWAN R.O.C","03-4520697","candy_lee@action.com.tw","WWW.ACTION.COM.TW","彭君平","董事長","03-4515494","may_huang@action.com.tw","www.action.com.tw","https://www.action.com.tw/investor/?recordId=57"
"3025","星通資訊股份有限公司","星通","通信網路業","－","新竹科學工業園區新安路八號七樓","	22099863","葉茂林","葉茂林","蔡幸娟","事業發展部協理","江惠萍","03-5787696","1991/12/03","2002/08/26",新台幣                 10.0000元,567364400,56736440,0,0,合併,每年,股東會,"元大證券股份有限公司","2586-5859","臺北市大安區敦化南路二段67號B1","勤業眾信聯合會計師事務所","&#28201;智源","葉東煇","LOOP","7F,NO.8,Hsin Ann Rd.Science-Based Industrial Park　Hsinchu,300092 Taiwan.　　","03-5787695","sandy_tsaih@looptelecom.com","www.looptelecom.com","蔡幸娟","事業發展部協理","03-5787696#1068","sandy_tsaih@looptelecom.com","https://www.looptelecom.com/tw/ir/stake","https://www.looptelecom.com/tw/ir/company"
"3026","禾伸堂企業股份有限公司","禾伸堂","電子零組件業","－","台北市內湖區環山路二段六十二號一樓","	20891326","唐錦榮","唐錦榮","黃建融","處長","張淑英","(02)2627-0383","1981/06/01","2002/08/26",新台幣                 10.0000元,1658903180,165890318,0,0,合併,每年,董事會,"中國信託商業銀行代理部","(02)6636-5566","台北市重慶南路一段83號5樓","安侯建業聯合會計師事務所","陳蓓琪","于紀隆","HOLY STONE　","1F, No.62, Sec.2. Huan Shan Rd., Nei Hu Dist.,Taipei,Taiwan , R.O.C.　","(02)2658-9558","IR@holystone.com.tw","http://www.holystone.com.tw","蕭春婷","經理","(02)2627-0383 #249","IR@holystone.com.tw","http://www.holystone.com.tw/duty.do?ccId=7","https://www.holystone.com.tw/page_list.php?&mlevel1=5&mlevel2=58"
"3027","盛達電業股份有限公司","盛達","通信網路業","－","新北市新店區中興路2段192號8樓","	33659498","陳振乾","無","蕭啟仁","總管理處協理","楊鎧丞","02-29145665","1973/03/26","2002/08/26",新台幣                 10.0000元,1299602990,129960299,15000000,0,合併,每年,股東會,"群益金鼎證券股份有限公司","02-27035000","台北巿敦化南路2段97號B2","安侯建業聯合會計師事務所","寇惠植","張肇文","BILLION","8F., No.192, Sec. 2, Zhongxing Rd.,Xindian Dist., Xinbei City, Taiwan","02-29182895","press@billion.com","http://www.billion.com","楊鎧丞","協理","2914-5665","press@billion.com","http://www.billion.com/index.aspx?lang=TW","https://www.esg.billion.com/corporate-governance"
"3028","增你強股份有限公司","增你強","電子通路業","－","台北市內湖區新湖二路250巷8號","	12401698","陳信義","周俊光/周俊賢","周俊賢","共同執行長兼總經理","陳建圻","(02)2792-8788","1982/10/06","2002/08/26",新台幣                 10.0000元,2372411930,237241193,0,0,合併,每年,董事會,"台新證券股務代理部","02-25048125","台北市建國北路一段96號地下一樓","資誠聯合會計師事務所","林一帆","廖福銘","ZENITRON","NO.8,Lane 250,Xinhu 2nd Rd.,Neihu DistrictTaipei City,Taiwan,R.O.C","(02)2796-8080","curtis_chen@zenitron.com.tw","www.zenitron.com.tw","陳建圻","財會本部 副總經理","(02)2792-8788","curtis_chen@zenitron.com.tw","https://www.zenitron.com.tw/tw/investor-relations/stakeholder","https://www.zenitron.com.tw/tw/investor-relations/corporate-governance/directors/board-committees"
"3029","零壹科技股份有限公司","零壹","資訊服務業","－","台北市內湖區內湖路一段360巷8號10樓","	30922431","林嘉&#21234;","陳鍵忠","黃素娥","發言人","張美雲","26565656","1980/06/27","2002/08/26",新台幣                 10.0000元,1670052120,167005212,12000000,0,合併,每年,董事會,"台新綜合證券(股)公司股務代理部","(02)2504-8125","台北市中山區建國北路1段96號地下1樓","勤業眾信會計師事務所","張正修","陳培德","ZERO ONE 　　","10F., No.8, Ln. 360, Sec. 1, Neihu Rd., Neihu Dist., Taipei City 114, TaiwanTaipei,114 Taiwan R.O.C.","26560810","katy.chang@zerone.com.tw","www.zerone.com.tw","張美雲","財務管理處協理","26565656","katy.chang@zerone.com.tw","WWW.ZERONE.COM.TW","https://www.zerone.com.tw/investor/companypolicy"
"3030","德律科技股份有限公司","德律","其他電子業","－","台北市士林區德行西路45號7樓","	23292535","陳玠源","陳玠源","林江淮","營業處副總經理","陳冠元","(02)2832-8918","1989/04/10","2002/10/29",新台幣                 10.0000元,2362160000,236216000,0,0,合併,每年,股東會,"凱基證券股份有限公司","(02)2389-2999","台北市重慶南路一段2號5樓","資誠聯合會計師事務所","黃珮娟","王銘義","TRI　","7F., No.45, Dexing W. Rd., Shilin District, Taipei CityTaiwan,Taipei　","(02)2832-0598","ir@tri.com.tw","http://www.tri.com.tw","陳冠元","財務部協理","(02)2832-8918","ir@tri.com.tw","http://www.tri.com.tw/tw/investor/investor.html","http://www.tri.com.tw/tw/investor/investor.html"
"3031","佰鴻工業股份有限公司","佰鴻","光電業","－","新北市板橋區和平路19~25號3樓","	34452164","廖宗仁","廖宗仁","廖心蓓","處長","林美蓮","(02)29591090","1981/06/01","2002/08/26",新台幣                 10.0000元,1732032240,173203224,0,0,合併,每年,董事會,"中國信託商業銀行代理部","(02)66365566","台北市重慶南路一段83號5樓","安侯建業聯合會計師事務所","寇惠植","郭欣頤","BRIGHT　","3F., No.19, Heping Rd.,Banqiao Dist., New Taipei City, Taiwan","(02)29547006","alyssa.liao@brtled.com","www.brtled.com","廖心蓓","處長","02-29591090#345","alyssa.liao@brtled.com","www.brtled.com/web/investor/investor_8.jsp?no=7","www.brtled.com/web/investor/investor_6.jsp?no=5"
"3032","偉訓科技股份有限公司","偉訓","電子零組件業","－","台南市安南區安和路二段54巷225號","	69577160","王駿東","李家慶","李家慶","總經理","林永祥","06-3560606","1979/02/16","2002/08/26",新台幣                 10.0000元,1132856260,113285626,10000000,0,合併,每年,股東會,"元大證券股份有限公司","02-2586-5859","106045臺北市大安區敦化南路2段67號地下一樓","勤業眾信聯合會計師事務所","王騰葦","李季珍","COMPUCASE　　","NO.225,LANE 54,SEC.2,AN HO ROND.TAINAN, TAIWAN, R.O.C.","06-3560505","hec-stock@hec-group.com.tw","http://www.hec-group.com.tw","李家慶","總經理","06-3560606","hec-stock@hec-group.com.tw","http://www.hec-group.com.tw/index.php?id=170&L=1","https://www.hec-group.com.tw/index.php?id=97&L=1"
"3033","威健實業股份有限公司","威健","電子通路業","－","台北市內湖區內湖路一段308號11樓","	04648938","胡秋江","紀廷芳","周甘淋","財務長","謝季宏","26590202","1977/01/20","2002/08/26",新台幣                 10.0000元,4806837410,480683741,0,0,合併,每年,董事會,"元大證券股務代理部","2586-3117","台北市大安區敦化南路二段67號B1","安侯建業聯合會計師事務所","區耀軍","辛郁婷","Weikeng","11F 308, Sec. 1, NeiHu Rd., Nei Hu, Taipei 114Taiwan R.O.C.","26581272","public@weikeng.com.tw","www.weikeng.com.tw","周甘淋","發言人","26590202","public@weikeng.com.tw","https://www.weikeng.com.tw/content.php?no=69","https://www.weikeng.com.tw/content.php?no=63"
"3034","聯詠科技股份有限公司","聯詠","半導體業","－","新竹科學園區創新一路13號2樓","	84149955","何泰舜","王守仁","陳健興","副總經理","陳恒真","(03)567-0889","1997/05/28","2002/08/26",新台幣                 10.0000元,6085114690,608511469,0,0,合併,每年,股東會,"宏遠證券股份有限公司股務代理部","(02)23268818","台北市信義路四段236號3樓","安永聯合會計師事務所","黃敏如","邱琬茹","NOVATEK　","2F, No. 13, Innovation Road I, Hsinchu Science ParkHsinchu Taiwan, R.O.C.","(03)565-6118","ir@novatek.com.tw","www.novatek.com.tw","陳健興","副總經理","03-5670889","ir@novatek.com.tw","https://www.novatek.com.tw/zh-TW/Html/stakeholder","https://esg.novatek.com.tw/zh-tw/sustainability/corporate-governance"
"3035","智原科技股份有限公司","智原","半導體業","－","新竹科學園區新竹市力行三路5號","	84149060","洪嘉聰","王國雍","曾雯如","財務長","盧昭儀","03-5787888","1993/06/10","2002/08/26",新台幣                 10.0000元,2605503130,260550313,0,0,合併,每年,董事會,"宏遠證券股份有限公司","(02)2700-8899","台北市大安區信義路4段236號3樓","安永聯合會計師事務所","胡慎緁","楊雨霓","Faraday　","No.5,Li-Hsin III Road,Science-Based Industrial Park,　　Hsin-chu City,Taiwan 30078,R.O.C.　　","03-5778605","ir@faraday-tech.com","www.faraday-tech.com","盧昭儀","經理","03-5787888","ir@faraday-tech.com","https://www.faraday-tech.com/tw/content/CSR/StakeholderEngagement","https://www.faraday-tech.com/tw/content/CSR/CorporationGovernance"
"3036","文曄科技股份有限公司","文曄","電子通路業","－","新北市中和區中正路738號14樓","	84498860","鄭文宗","鄭文宗","林冠男","副總經理","蔡昀真","(02)8226-9088","1993/12/23","2002/08/26",新台幣                 10.0000元,12691483010,1269148301,0,0,合併,每年,董事會,"福邦證券股份有限公司","(02)2371-1658","台北市中正區忠孝西路一路6號6樓","資誠聯合會計師事務所","徐聖忠","王菘澤","WT　","14F, No.738, Zhongzheng Rd.,Zhonghe Dist., New Taipei City, Taiwan","(02)8226-9099","IR@wtmec.com","http://www.wtmec.com","林冠男/蔡昀真","發言人/代理發言人","02-8226-9088","IR@wtmec.com","http://www.wtmec.com/WT/?page_id=2024","https://www.wtmec.com/corporate-governance/"
"3037","欣興電子股份有限公司","欣興","電子零組件業","－","桃園市龜山區山鶯路179號","	23535435","簡山傑","馬光華、蘭庭","鍾明峰","財務處資深副總經理","徐興源","03-3500386","1990/01/25","2002/08/26",新台幣                 10.0000元,15755311970,1575531197,0,0,合併,每年,股東會,"宏遠證券股份有限公司(95.3.3起)","02-23268818","106台北市信義路四段236號3樓","資誠聯合會計師事務所","林雅慧","林永智","UNIMICRON","No.179, Shanying Road, Guishan District,　　Taoyuan City, Taiwan, ROC　","03-3595536","IR@unimicron.com","www.unimicron.com","林莓珊","投資人關係","03-3500386-11854","IR@unimicron.com","www.unimicron.com","https://www.unimicron.com/money07.html"
"3038","全台晶像股份有限公司","全台","光電業","－","高雄市前鎮區中一路5號","	89261652","曾瑞銘","王臺光","謝文雄","副總經理","郭坤和","07-8124832","1994/09/23","2002/08/26",新台幣                 10.0000元,1574076030,157407603,0,0,合併,每年,董事會,"元大證券(股)公司股務代理部","(02)2586-5859","臺北市大安區敦化南路2段67號地下一樓","安侯建業聯合會計師事務所","陳永祥","蘇彥達","EDT","No. 5, Central 1st Rd., Qianzhen Dist.,KAOHSIUNG TAIWAN R.O.C","07-8152468","frank@edt.com.tw","https://www.edtc.com/edtcweb/","謝文雄","副總經理","07-8124832-1689","frank@edt.com.tw","https://www.edtc.com/edtcweb/corporate-governance/stakeholders/","https://www.edtc.com/edtcweb/corporate-governance/"
"3040","遠見科技股份有限公司","遠見","其他","－","新北市板橋區文化路二段287號35樓","	22050221","周發","黃庭洋","黃庭洋","總經理","余岳隆","2257-8866","1986/05/15","2002/08/26",新台幣                 10.0000元,661270820,66127082,0,0,合併,每年,股東會,"元大證券股務代理部","02-25865859","臺北市大安區敦化南路2段67號地下一樓","勤業眾信聯合會計師事務所","陳培德","吳鈞麟","G.V.","35F., No.287, Sec. 2, Wenhua Rd., Banqiao Dist.,New Taipei City 220, Taiwan (R.O.C.)","2257-8876","stock@gv.com.tw","https://www.gv.com.tw/","余岳隆","財務長","(02)2257-8866","ir@gv.com.tw","https://www.gv.com.tw/resp.asp","https://www.gv.com.tw/govern.asp"
"3041","揚智科技股份有限公司","揚智","半導體業","－","台北市內湖區內湖路一段246號6樓","	84149054","&#20931;俊光","連建欽","連建欽","總經理","林湞瑄","(02)8752-2000","1993/06/10","2002/08/26",新台幣                 10.0000元,1402236470,140223647,23150000,0,合併,每年,董事會,"中國信託商業銀行代理部","(02)6636-5566","台北市重慶南路一段83號5樓","安永聯合會計師事務所","林秀青","呂倩雯","ALi","6F,No. 246 NeiHu Road, Sec. 1Taipei city 114, Taiwan, R.O.C","(02)8751-1007","general@alitech.com","www.alitech.com","林湞瑄","副總經理","(02)8752-2000","ir@alitech.com","https://www.alitech.com/index.php/tw/??·~??·|?d??/§Q?`???Y?H·??q","https://www.alitech.com/index.php/tw/investor-relations/board-of-directors"
"3042","台灣晶技股份有限公司","晶技","電子零組件業","－","台北市北投區中央南路二段十六號四樓","	21204867","林萬興","郭雅屏","洪冠文","財務長","張瑛楓","(02)2894-1202","1983/12/28","2002/08/26",新台幣                 10.0000元,3429929710,342992971,25000000,0,合併,每半會計年度,董事會,"元大證券股份有限公司","(02)25865859","臺北市大安區敦化南路2段67號地下一樓","勤業眾信聯合會計師事務所","王攀發","彭以驊","TXC","4F, No. 16, Sec. 2, Chung Yang  S. Rd., PeitouTaipei, Taiwan, R.O.C.","(02)2893-0789","vivien@txc.com.tw","www.txccorp.com","陳雅雯","副理","(02)2894-1202#3256","murielchen@txc.com.tw","https://esg.txccorp.com/esg/31_1/189/","https://www.txccorp.com/investor/corporategovernance"
"3043","科風股份有限公司","科風","其他電子業","－","新北市中和區連城路246號9樓","	22485794","科飛投資股份有限公司","楊淑艷","張貴博","行銷部 經理","沈香紅","22258552","1987/04/24","2002/08/26",新台幣                 10.0000元,389756340,38975634,0,0,合併,每年,股東會,"中國信託商業銀行代理部","02-6636-5566","台北市重慶南路一段83號5樓","德昌聯合會計師事務所","林兆民會計師","史岱平會計師","PCM","9F,NO.246,LIEN CHEN ROADCHUNG HO CITY,TAIPEI, R.O.C","22251776","pcm.ir@upspowercom.com.tw","https://www.upspowercom.com/TW/","沈香紅","財會主管","02-22258552","pcm.ir@upspowercom.com.tw","pcm.ir@upspowercom.com.tw","pcm.ir@upspowercom.co.tw"
"3044","健鼎科技股份有限公司","健鼎","電子零組件業","－","桃園市平鎮區平鎮工業區工業五路21號","	86379707","王景春","黃樂仁","林修立","副總經理","李承易","03-419-5678","1991/12/16","2002/08/26",新台幣                 10.0000元,5256058980,525605898,0,0,合併,每年,股東會,"群益金鼎證券股份有限公司","02-2702-3999","106台北市大安區敦化南路二段97號B2","勤業眾信聯合會計師事務所","陳重成","梁盛泰","Tripod","No.21 Kuang-Yeh 5th rd., Ping-jen Industrial Park, Ping-jen DistrictTaoYuan City, Taiwan, R.O.C.","03-469-3572","alecklin@tripod-tech.com","www.tripod-tech.com","林修立","副總經理","03-419-5678","IR@tripod-tech.com","https://www.tripod-tech.com/article/%E5%88%A9%E5%AE%B3%E9%97%9C%E4%BF%82%E4%BA%BA-62303312aa27f","－"
"3045","台灣大哥大股份有限公司","台灣大","通信網路業","－","台北市信義區菸廠路88號12樓","	97176270","蔡明忠","林之晨","張家麒","資深副總經理暨財務長","林東閔","(02)6638-6888","1997/02/25","2002/08/26",新台幣                 10.0000元,37232618110,3723261811,0,0,合併,每年,股東會,"富邦綜合證券股份有限公司","(02)2361-1300","台北市中正區許昌街17號11樓","勤業眾信聯合會計師事務所","鄭淂蓁","劉紋伶","TWM","12F., No.88, Yanchang Rd., Xinyi Dist.Taipei,Taiwan,R.O.C.","(02)6636-8660","spokesman1@taiwanmobile.com","www.taiwanmobile.com","朱顯宜","副總經理","(02)6638-6888","IR@taiwanmobile.com","http://corp.taiwanmobile.com/social-responsibility/stakeholder-0.html","https://corp.taiwanmobile.com/investor-relations/board-of-directors.html"
"3046","建碁股份有限公司","建碁","電腦及週邊設備業","－","臺北市松山區民福里復興北路369號7樓之5","	97306457","簡慧祥","王博修","陳聿修","協理","戴君容","0277101195","1996/12/21","2002/08/26",新台幣                 10.0000元,784480130,78448013,0,0,合併,每年,董事會,"建碁股務室","0227195000","臺北市松山區民福里復興北路369號7樓之5","安侯建業聯合會計師事務所","林君彬","許詩淳","AOPEN","F7-5, No. 369, Fuxing N. Road,Taipei city, 105, Taiwan R.O.C.","0277101187","aostock@aopen.com","www.aopen.com","陳聿修","協理","0277101195","aostock@aopen.com","https://www.aopen.com/TW_ch/about/investors/stakeholder","https://www.aopen.com/TW_ch/about/investors/corporate_governance"
"3047","訊舟科技股份有限公司","訊舟","通信網路業","－","台北市內湖區新湖一路278號","	22164580","潘良榮","任冠生","廖若穎","協理","陳伊菁","(02)7739-6888","1986/06/28","2002/08/26",新台幣                 10.0000元,2246491080,224649108,0,0,合併,每年,股東會,"群益金鼎證券股份有限公司","(02)2702-3999","台北市敦化南路二段97號B2","勤業眾信聯合會計師事務所","陳君銘","龔則立","EDIMAX　","No. 278, Xinhu 1st Road, Neihu Dist., Taipei City, TaiwanTaipei City, Taiwan, R.O.C 　","(02)7739-6887","ir@edimax.com.tw","www.edimax.com.tw","廖若穎","協理","(02)7739-6888","ir@edimax.com.tw","www.edimax.com/edimax/post/post/data/edimax/tw/stakeholder/","www.edimax.com/edimax/post/post/data/edimax/tw/organization/"
"3048","益登科技股份有限公司","益登","電子通路業","－","台北市內湖區基湖路10巷50號8樓","	97099302","曾禹旖","于俊潔","黃秀玲","協理","簡先勇","(02)2657-8811","1996/07/11","2002/10/01",新台幣                 10.0000元,2698297940,269829794,25000000,0,合併,每年,股東會,"群益金鼎證券股份有限公司","(02)2702-3999","台北市大安區敦化南路2段97號B2","勤業眾信聯合會計師事務所","鄭欽宗","邱盟捷","EDOM","8F,No.50,Lane 10,Kee Hu RoadNei Hu Taipei(114),Taiwan,R.O.C.","(02)8797-7320","public@edomtech.com","https://www.edomtech.com","黃秀玲","協理","(02)2657-8811","IR@edomtech.com","https://www.edomtech.com/tw/inverstor/","https://www.edomtech.com/zh-tw/esg/link/corporate-governance/"
"3049","精金科技股份有限公司","精金","光電業","－","南部科學園區台南市善化區北園一路7號","	70750217","馬維欣","馬維欣","林忠翰","副總經理","周致中副總經理","06-5053959","1999/09/18","2002/09/27",新台幣                 10.0000元,8020105290,802010529,0,0,合併,每半會計年度,董事會,"精金科技(股)公司股務辦事處","(02)2790-5885","11469台北市內湖區行善路398號8樓","資誠聯合會計師事務所","廖福銘","林永智","HannsTouch","No.7, Beiyuan 1st Rd., Tainan Science Park,Shanhua Dist.,Tainan City 74149, Taiwan (R.O.C.)","06-5052308","HTS_IR@hannstouch.com","https://www.hannstouch.com/tw","周致中","副總經理","(02)5555-3377","HTS_IR@hannstouch.com","https://www.hannstouch.com/tw","https://www.hannstouch.com/tw/esg/governance"
"3050","鈺德科技股份有限公司","鈺德","光電業","－","桃園市龜山區華亞二路222號","	84785413","楊慰芬","羅宜富","羅宜富","總經理","賴淑萍","03-3961111","1994/05/19","2002/10/29",新台幣                 10.0000元,1549844500,154984450,0,0,合併,每年,董事會,"群益金鼎證券股份有限公司","02-27023999","10601台北市敦化南路二段97號B2","安永聯合會計師事務所","謝勝安","邱琬茹","U-TECH","No. 222, Hwa-Ya 2 Rd., Kuei Shan District,Tao Yuan City, Taiwan, 333 R.O.C","03-3185240","shareholder@utechmedia.com.tw","http://www.utechmedia.com.tw","羅宜富","總經理","03-3961111","shareholder@utechmedia.com.tw","http://www.utechmedia.com.tw/content/d/d3-2.asp","https://utechmedia.com.tw/?page_id=370"
"3051","力特光電科技股份有限公司","力特","光電業","－","桃園市平鎮區平東路659巷37號","	16439169","趙寄蓉","趙輝生","趙寄蓉","董事長","馬仁強","03-4606677","1998/03/03","2002/10/28",新台幣                 10.0000元,1670000000,167000000,30363958,0,合併,每年,股東會,"群益金鼎證券股份有限公司","(02)2702-3999","台北市敦化南路二段97號地下二樓","正風聯合會計師事務所","吳欣亮","周銀來","Optimax","No. 37, Lane 659, Ping-Dong Rd.,Ping Chen, Taoyuan, Taiwan, R.O.C.","03-4604549","optimax@optimax.com.tw","http://www.optimax.com.tw","馬仁強","協理","(03)4606677","john@optimax.com.tw","http://www. optimax.com.tw","https://corp.optimax.com.tw"
"3052","夆典科技開發股份有限公司","夆典","建材營造","－","新北市中和區新民街112號4樓","	20730758","郭國華","郭國華","吳秀玲","財務會計部協理","黃傑","2223-4099","1976/08/09","1995/11/25",新台幣                 10.0000元,2332457710,233245771,0,0,合併,每年,股東會,"元大證券股份有限公司","02-2586-5859","臺北市大安區敦化南路2段67號地下一樓","資誠聯合會計師事務所","陳晉昌","廖福銘","APEX","4F, NO.112, SHIN-MIN ST, CHUNGHO CITY,TAIPEI,TAIWAN,R.O.C.","2223-3660","Yvonne@apexgrp.com.tw","www.apexgrp.com.tw","吳秀玲","財務會計部協理","2223-4099","Yvonne@apexgrp.com.tw","https://www.apexgrp.com.tw/web/bbs/board.php?bo_table=stakeholder&wr_id=1","https://www.apexgrp.com.tw/web/bbs/board.php?bo_table=investor&wr_id=9"
"3054","立萬利創新股份有限公司","立萬利","食品工業","－","台北巿內湖區潭美街537號9樓","	86143822","陳立青","陳立青","張登茵","財會經理","陳立青","02-82213985","1991/06/14","2002/11/18",新台幣                 10.0000元,806510410,80651041,0,0,合併,每半會計年度,董事會,"元大證券股份有限公司股務代理部","2586-3117","臺北市大安區敦化南路2段67號地下一樓","資誠聯合會計師事務所","于智帆","王方瑜","LIWANLI","9F, No. 537, Tammei StreetZhonNeihu District, Taipei City 114","02-82272837","spokesman@liwanli.com.tw","https://www.liwanli.com.tw","張登茵","財會部經理","8221-3985#16888","spokesman@liwanli.com.tw","https://www.liwanli.com.tw/tw/shareholders/","https://www.liwanli.com.tw/tw/org/"
"3055","蔚華科技股份有限公司","蔚華科","電子通路業","－","新竹市水源街95號","	22729784","秦家騏","楊燿州","倪嫈琪","特別助理","陳聖毅","03-5738099","1987/12/11","2002/12/12",新台幣                 10.0000元,1149749180,114974918,16300000,0,合併,每年,董事會,"群益金鼎證券股份有限公司","(02)27023999","台北市大安區敦化南路二段97號B2","大中國際聯合會計師事務所","林寬照","溫明郁","Spirox Corp.","No. 95, Shuiyuan St.,Hsinchu 30069, Taiwan","03-5735185","noelle_ni@spirox.com","www.spirox.com.tw","倪嫈琪","特別助理","03-5738099","noelle_ni@spirox.com","https://www.spirox.com.tw/tw/investor/investor_front_index/","https://www.spirox.com.tw/tw/investor/investor_front_index/"
"3056","富華創新股份有限公司","富華新","建材營造","－","新竹縣竹北市福興路875號3樓","	16264908","吳錫坤","侯怡佳董事長室主任祕書(代理)","黃中信","法務經理","柯惠文","04-2302-6018","1997/11/10","2003/03/03",新台幣                 10.0000元,4805550510,480555051,0,0,合併,每年,董事會,"統一綜合證券(股)公司","02-2746-3797","105臺北市松山區東興路8號地下一樓","勤業眾信聯合會計師事務所","吳麗冬","曾棟鋆","Fu Hua","3F., No.875, Fuxing Rd., Zhubei CityHsinchu County 302, Taiwan (R.O.C.)","04-2302-6019","service@zongtai.com.tw","https://www.fuhua-inno.com.tw/","黃中信","法務經理","070-1010-5737","kb0451@zongtai.com.tw","https://www.fuhua-inno.com.tw/investors/stakeholder","https://www.fuhua-inno.com.tw/investors/corporate"
"3057","喬鼎資訊股份有限公司","喬鼎","電腦及週邊設備業","－","新竹科學園區工業東四路二十一號五樓","	22099738","李志恩","李志恩","朱惠玲","法務協理","黃文標","(03)578-2395","1991/02/27","2002/12/18",新台幣                 10.0000元,678646290,67864629,13032513,0,合併,每年,董事會,"中國信託商業銀行代理部","(02)6636-5566","台北市重慶南路一段83號5樓","勤業眾信聯合會計師事務所","林心彤","蔡美貞","Promise　　","5F, NO. 21, Industry E. Rd. IV,SBIP, Hsin-Chu, Taiwan","(03)578-2390","IR@tw.promise.com","https://www.promise.com","陳若菡","財務主管","(03)578-2395","IR@tw.promise.com","https://www.promise.com/tw/Stakeholder","https://www.promise.com/tw/IR/corporate-governance"
"3058","立德電子股份有限公司","立德","電子零組件業","－","新北市新店區寶橋路235巷138號8樓","	38019280","包忠詒","蔣永歡(暫代)","陳永松","資深協理","昌志燦","(02)8195-3058","1970/03/04","2002/12/09",新台幣                 10.0000元,2017227790,201722779,7786428,0,合併,每年,董事會,"福邦證券股份有限公司","(02)2371-1658","台北市中正區忠孝西路一段6號6樓","安侯建業聯合會計師事務所","吳佳翰","趙敏如","LEI　　","8F., No. 138, Lane 235, Baoqiao Rd.,　　Xindian Dist.,New Tapei City ,Taiwan　","(02)8912-1157","Erix.chen@l-e-i.com","www.lei.com.tw","陳永松","資深協理","(02)8195-3058","Erix.chen@l-e-i.com","http://www.lei.com.tw/tw/relations/index.aspx","https://www.lei.com.tw/tw/governance/index.aspx"
"3059","華晶科技股份有限公司","華晶科","光電業","－","新竹市科學園區力行路12號","	97307625","夏汝文","林&#14871;昇","陳矢學","助理副總經理","遺缺待補","03-5784567","1996/12/24","2002/12/24",新台幣                 10.0000元,3077170250,307717025,0,0,合併,每年,董事會,"永豐金證券股份有限公司","02-2381-6288","台北市中正區博愛路17號3樓","資誠聯合會計師事務所","江采燕","謝智政","Altek","No.12, Li-Hsin Road, HsinchuScience Park, Taiwan","03-5781155","spokesman@altek.com.tw","www.altek.com.tw","陳矢學","助理副總經理","02-87516620","spokesman@altek.com.tw","https://www.altek.com.tw/zh_TW/finance/node/1540543932001","https://www.altek.com.tw/zh_TW/finance/node/1540543949001"
"3060","銘異科技股份有限公司","銘異","電腦及週邊設備業","－","桃園市龜山區萬壽路1段492-1號10樓之1","	30897480","謝錦興","謝錦興","孫德文","財務管理處資深協理","邱逸瑜","(02)82001008","1979/10/03","2003/04/21",新台幣                 10.0000元,1375631900,137563190,0,0,合併,每年,股東會,"元大證券股份有限公司","(02)25865859","臺北市大安區敦化南路2段67號地下一樓","安侯建業聯合會計師事務所","蔡孟娟","鄭安志","MIN AIK","10F-1, No.492-1, Sec. 1, Wanshou Rd., Guishan Dist.,Taoyuan City 333,  Taiwan (R.O.C.)","(02)82001012","joan.chiu@minaik.com.tw","http://www.minaik.com.tw","孫德文","財務管理處資深協理","(02)82001008","investor@minaik.com.tw","https://www.minaik.com.tw/zh-tw/csr/stakeholder","https://www.minaik.com.tw/zh-tw/investo/organization"
"3062","建漢科技股份有限公司","建漢","通信網路業","－","新竹科學園區新竹縣寶山鄉園區三路99號","	16594892","李廣益","歐陽若","許宗哲","發言人","從缺","03-5777777","1998/06/10","2003/07/28",新台幣                 10.0000元,3300918180,330091818,0,0,合併,每年,董事會,"福邦證券股份有限公司","(02)2371-1658","台北市中正區忠孝西路一段6號6樓","資誠聯合會計師事務所","林柏全","胡智華","CyberTAN　　","No.99,PARK AVE.3,Science-based Industrial Park,Hsinchu,　　Taiwan308,R.O.C.　","03-5777788","ir@cybertan.com.tw","www.cybertan.com.tw","許宗哲","發言人","03-5777777","ir@cybertan.com.tw","https://www.cybertan.com.tw/public/tw/about-06","https://www.cybertan.com.tw/public/tw/investor-03"
"3090","日電貿股份有限公司","日電貿","電子零組件業","－","新北市新店區中正路四維巷一弄四號一樓","	84116878","周煒凌","于耀國","廖麗淑","董事長特助暨副總經理","王采綾","(02)2219-0505","1993/01/04","2007/12/31",新台幣                 10.0000元,2875671500,287567150,0,0,合併,每年,董事會,"元大證券(股)公司股務代理部","(02)2586-5859","台北市大安區敦化南路2段67號地下一樓","勤業眾信聯合會計師事務所","邵志明","翁雅玲","NDB　　","1F., No.4, Aly. 1, Siwei Ln., Zhongzheng Rd., Xindian Dist.,New Taipei City 231021, Taiwan, R.O.C","(02)2219-1010","stock@ndb.com.tw","https://www.ndb.com.tw","王采綾","副理","(02)2219-0505","deputy-spokesman@ndb-group.com","https://www.ndb.com.tw/§Q?`???Y?H±M°?/","https://www.ndb.com.tw/???q?v?z/???q?v?z?B§@±?§?/"
"3092","鴻碩精密電工股份有限公司","鴻碩","電子零組件業","－","台北市內湖區行愛路169號","	86318408","張利榮","魯憶萱","魯憶萱","總經理","吳慧敏","2792-8558","1991/12/12","2021/05/13",新台幣                 10.0000元,1066492500,106649250,0,0,合併,每年,董事會,"中國信託商業銀行代理部","(02)6636-5566","台北市重慶南路一段83號5樓","資誠聯合會計師事務所","阮呂曼玉","王菘澤","HOTRON　　","No.169,Xing'ai Rd., Neihu Dist.,Taipei City 114067, Taiwan, R.O.C　　","2792-9768","jenny_wu@hotron-ind.com","http://www.hotron-ind.com/","魯憶萱","總經理","2792-8558#166","robert_lu@hotron-ind.com","http://www.hotron-ind.com/","http://www.hotron-ind.com/cn/Revenue3.php"
"3094","聯傑國際股份有限公司","聯傑","半導體業","－","新竹科學園區力行六路6號","	84149759","郝挺","林有亮","楊春俊","財務長","邱貴鳳","03-5798797","1996/08/16","2007/08/06",新台幣                 10.0000元,831170890,83117089,0,0,合併,每年,股東會,"富邦綜合證券股份有限公司","02-2361-1300","台北市許昌街17號2樓","資誠聯合會計師事務所","林佳鴻","蕭春鴛","DAVICOM　　","NO.6 Li-Hsin Rd. VI, Science-  ParkHsin-Chu, Taiwan, R.O.C.","03-6232797","investor@davicom.com.tw","http://www.davicom.com.tw","楊春俊","財務長","03-5798797 #8598","james_yang@davicom.com.tw","http://tw.davicom.com.tw/page1.aspx?no=280160","https://www.davicom.com.tw/investor-governance01.php?lang_id=tw"
"3130","一零四資訊科技股份有限公司","一零四","數位雲端","－","新北市新店區寶中路119-1號10樓","	84598349","楊基寬","黃于純","黃于純","總經理","洪彬芳","(02)2912-6104","1993/10/30","2006/02/17",新台幣                 10.0000元,331907000,33190700,0,0,合併,每年,股東會,"富邦綜合證券(股)公司股務代理部","(02)2361-1300","台北市中正區許昌街17號11樓","安侯建業聯合會計師事務所","趙敏如","江家齊","104　　","10F, No.119-1, Baozhong Rd., Xindian Dist.,New Taipei City, Taiwan, R.O.C.","(02)29126021","IR@104.com.tw","https://corp.104.com.tw/","洪彬芳","財務長","(02)2912-6104","IR@104.com.tw","https://corp.104.com.tw/zh/sustainability/stakeholders/","https://corp.104.com.tw/zh/sustainability/governance/"
"3135","凌航科技股份有限公司","凌航","半導體業","－","新北市中和區中原街101號10樓","	16561718","曾珍","曾珍","林語宸","經理","曾萬全","02-77318808","1998/07/30","2025/08/06",新台幣                 10.0000元,774934050,77493405,0,0,個別,每年,董事會,"元大證券股份有限公司股務代理部","(02)2586-5859","台北市大安區敦化南路2段67號地下一樓","勤業眾信聯合會計師事務所","薛峻泯","林淑如","Goldkey Tech.　","10 F., No. 101, Zhongyuan St., Zhonghe Dist.New Taipei City , Taiwan (R.O.C.)","02-77316606","Avery@mail.goldkey.com.tw","www.goldkey.com.tw","周子安","資深財務協理","0987053135","richardchow@mail.goldkey.com.tw","https://www.goldkey.com.tw/investor_tw_8.php","－"
"3138","耀登科技股份有限公司","耀登","通信網路業","－","(334)桃園市八德區和平路772巷19號","	23573774","張玉斌","張玉斌","溫文聖","副總經理","張玉斌","03-3631901","1990/02/10","2020/12/11",新台幣                 10.0000元,517362260,51736226,0,0,合併,每年,董事會,"國票綜合證券股務代理部","(02)2528-8988","台北市松山區南京東路五段188號15樓","安侯建業聯合會計師事務所","吳佳翰","吳仲舜","Auden","NO. 19,Lane 772, Heping Road., Bade District,Taoyuan City,Taiwan,R.O.C.　　","03-3660619","IR@auden.com.tw","www.auden.com.tw","溫文聖","副總經理","03-3631901","sam.wen@auden.com.tw","www.auden.com.tw","https://www.auden.com.tw/investor-service/"
"3149","正達國際光電股份有限公司","正達","光電業","－","36647苗栗縣銅鑼鄉中興工業區中興路99號","	97049373","鍾志明","洪敏男","邱火生","副總","吳泰(北+一)","037-236988","1996/06/27","2011/11/23",新台幣                 10.0000元,2262336040,226233604,12101226,0,合併,每半會計年度,董事會,"福邦證券股份有限公司","(02)2371-1658","台北市中正區忠孝西路一段6號6樓","安侯建業聯合會計師事務所","鄒依芸","曾國禓","G-TECH　　","NO.99, CHUNG HSIN RD., TONGLUO SHIANGMIAOLI  COUNTY ,TAIWAN(R.O.C)　　","037-236929","ir@gtoc.com.tw","www.gtoc.com.tw","吳泰(北+一)","財務長","037-236988","ir@gtoc.com.tw","http://www.gtoc.com.tw/webc/html/csr/03.aspx?nav=2","http://www.gtoc.com.tw/webc/html/csr/02.aspx?nav=2"
"3150","鈺寶科技股份有限公司","鈺寶-創","半導體業","－","新竹市公道五路2段101號10樓之1","	16372688","蔡玲君","黃良駿","黃良駿","總經理","(待任命)","03-5169188","1998/01/23","2024/06/27",新台幣                 10.0000元,443770010,44377001,0,0,個別,每年,董事會,"福邦證券股份有限公司","02-2371-1658","台北市中正區忠孝西路一段6號6樓","安永聯合會計師事務所","楊雨霓","黃敏如","SYNCOMM","10F-1,No.101,Gongdao 5th Rd., Sec2, Hsinchu cityHsinchu City, Taiwan, R.O.C.","03-5169111","ir@syncomm.com.tw","https://www.syncomm.com.tw/tw","黃良駿","總經理","03-5169188","ir@syncomm.com.tw","https://www.syncomm.com.tw/tw/esg","https://www.syncomm.com.tw/tw/investor/governance"
"3164","景岳生物科技股份有限公司","景岳","生技醫療業","－","台南科學工業園區台南市善化區南科七路八號","	12715847","陳根德","陳昱瑾","葉天佑","協理","陳昱瑾","06-5052151","2000/12/06","2010/03/22",新台幣                 10.0000元,860103640,86010364,0,0,合併,每年,董事會,"永豐金證券股份有限公司","(02)2381-6288","台北市博愛路17號3樓","安侯建業聯合會計師事務所","蘇彥達","許振隆","GenMont　","NO.8, NAN-KE 7TH RD., SHANHUA DIST,TAINAN SCIENCE-BASED INDUSTRUAL PARK,Tainan  City ,Taiwan  ,R.O.C.","06-5052152","jessica@genmont.com.tw","www.genmont.com.tw","葉天佑","財務行政處協理","06-5052151","alvin@genmont.com.tw","www.genmont.com.tw","www.genmont.com.tw"
"3167","大量科技股份有限公司","大量","電機機械","－","(334) 桃園市八德區豐田路68號","	43938484","王作京","簡禎祈","林德錚","策略長","黃麗芳","03-3686368","1980/12/26","2013/10/21",新台幣                 10.0000元,885051720,88505172,0,0,合併,每年,董事會,"福邦證券股份有限公司股務代理部","02-2371-1658","台北市中正區忠孝西路一段6號6樓","安永聯合會計師事務所","張志銘","羅筱靖","TA LIANG　　","No. 68, Fengtian Rd., Bade Dist.Taoyuan City, Taiwan (R.O.C.)","03-3685811","spokesperson@tlhome.com.tw","https://www.taliang.com","林德錚","策略長","03-3686368#359","spokesperson@tlhome.com.tw","https://www.taliang.com/investor/61","https://www.taliang.com/investor/64"
"3168","眾福科技股份有限公司","眾福科","光電業","－","(221)新北市汐止區新台五路一段93號30F","	16274722","黃漢州","俞思平","黃昭維","副總經理","顏正勤","02-26976808","1997/11/22","2024/03/26",新台幣                 10.0000元,750996490,75099649,0,0,合併,每年,董事會,"富邦綜合證券股份有限公司","02-2361-1300","臺北市中正區許昌街17號11樓","勤業眾信聯合會計師事務所","邵志明","黃國寧","DATA IMAGE","30F., No.93, Sec. 1, Xintai 5th Rd., Xizhi Dist., New Taipei City 221,  TaiwanNew Taipei City,Taiwan","02-26975808","VIC@dataimagecorp.com","https://www.dataimagecorp.com/tw","黃昭維","副總經理","02-26976808#6116","Vic@dataimagecorp.com","https://www.dataimagecorp.com/tw/stakeholder","https://www.dataimagecorp.com/tw/governance/category"
"3189","景碩科技股份有限公司","景碩","半導體業","－","桃園市新屋區中華路1245號","	70785139","廖賜政","陳河旭","穆顯爵","資深專案處長","劉素真","(03)4871919","2000/09/11","2004/11/01",新台幣                 10.0000元,5269157600,526915760,0,0,合併,每年,董事會,"凱基證券股份有限公司","(02)23892999","台北市重慶南路一段2號5樓","安永聯合會計師事務所","張志銘","陳國帥","KINSUS","No.1245, Junghua Rd., Shin-Wu  Dist.,Taoyuan,Taiwan, R.O.C.　　","(03)4871920","jackmu@kinsus.com.tw","www.kinsus.com.tw","穆顯爵","資深專案處長","(03)4871919#26660","jackmu@kinsus.com.tw","www.kinsus.com.tw","www.kinsus.com.tw"
"3209","全科科技股份有限公司","全科","電子通路業","－","台北市內湖區瑞光路360號9樓","	86027892","吳堉文","謝宏昌","謝宏昌","總經理","王敏慧","02-26275859","1991/04/15","2008/11/26",新台幣                 10.0000元,2353911890,235391189,0,0,合併,每年,董事會,"凱基證券股份有限公司","02-23892999","台北市重慶南路一段2號5樓","勤業眾信聯合會計師事務所","劉明賢","邱盟捷","ALLTEK","9F, NO. 360, Ruei Guang Rd., Neihu,Taipei, Taiwan, 114, R.O.C.","02-26275869","business@alltek.com","http://www.alltek.com","謝宏昌","發言人","+886-2-2627-5859","ir@alltek.com","https://www.alltek.com/%E5%88%A9%E5%AE%B3%E9%97%9C%E4%BF%82%E4%BA%BA/","https://www.alltek.com/???q?v?z/???q?v?z?[?c/"
"3229","晟鈦股份有限公司","晟鈦","電子零組件業","－","新北市新莊區瓊林南路305巷2號","	22570840","莊明理","劉文禎","劉文禎","總經理","邱懷青","22052032","1987/07/28","2009/12/31",新台幣                 10.0000元,642630000,64263000,43350507,0,合併,每年,股東會,"永豐金證券(股)公司股務代理部","(02)2381-6288","台北市中正區博愛路17號3樓","霈昇聯合會計師事務所","林育雅","李菡","CHEER TIME","No.2, Ln. 305, Cyonglin S. Rd. Sinjhuang Dist.New Taipei City,Taiwan(R.O.C)","22053346","investor@cheer-time.com.tw","http://www.cheer-time.com.tw/","邱懷青","財務長","22052032","claire.chiu@cheer-time.com.tw","https://www.cheer-time.com.tw/index.php?view=news&g=18","https://www.cheer-time.com.tw/index.php?view=news&g=15"
"3231","緯創資通股份有限公司","緯創","電腦及週邊設備業","－","新竹縣竹北市智慧路1號","	12868358","林憲銘","林建勳","石慶堂","財務長","梁惠明","(02)6616-9999","2001/05/30","2003/08/19",新台幣                 10.0000元,31804122500,3180412250,0,0,合併,每年,股東會,"緯創資通股份有限公司股務室","(02)6600-7998","台北市內湖區行善路158號","安侯建業聯合會計師事務所","陳雅琳","鄭博仁","Wistron","No. 1, Zhihui Rd.,Zhubei City,Hsinchu County , Taiwan, R.O.C.","(02)6612-2394","spokesperson@wistron.com","www.wistron.com","梁惠明","資金管理與企業訊息總監","(02)6616-9999","ir_office@wistron.com","https://esg.wistron.com/ch/stakeholders/communication","https://esg.wistron.com/ch/governance"
"3257","虹冠電子工業股份有限公司","虹冠電","半導體業","－","新竹科學工業園區新竹市東區園區二路11號5樓","	16130417","方敏宗","林保偉","林保偉","總經理","林鴻振","03-5679979","1998/12/30","2011/03/21",新台幣                 10.0000元,798235900,79823590,0,0,合併,每年,董事會,"福邦證券股份有限公司股務代理部","(02)2371-1658","台北市中正區忠孝西路一段6號6樓","安永聯合會計師事務所","李芳文","傅文芳","CHAMPION","5F, NO.11, Park Ave. 2, Hsinchu Science-Based Industrial Park,HsinChu, Taiwan, 30075","03-5670701","invest@championmicro.com.tw","http://www.championmicro.com.tw","林保偉","總經理","02-26963558","bauwei_lin@championmicro.com.tw.com.tw","https://www.championmicro.com.tw/investors/Category/12","https://www.championmicro.com.tw/investors/Category/1"
"3266","昇陽建設企業股份有限公司","昇陽","建材營造","－","台北市大安區忠孝東路四段289號12樓","	84141187","麥寬成","魏岱霖","魏岱霖","總經理","謝廣文","02-27771355","1993/03/17","2014/12/24",新台幣                 10.0000元,3523143090,352314309,0,0,合併,每年,股東會,"富邦綜合證券股份有限公司","02-23611300","台北市中正區許昌街17號11樓","安侯建業聯合會計師事務所","韓沂璉","曾國禓","SUNTY","11F, No289, Sec.4, Zhongxiao E. Rd.,Da-an Dist.Taipei City 106, Taiwan( R. O. C)","02-27418097","mag_chen@sunty.com.tw","http://www.sunty.com.tw","陳世慧","副理","02-27771355","mag_chen@sunty.com.tw","https://www.sunty.com.tw/suntyESG/stakeholder.html","https://www.sunty.com.tw/suntySec/governance-01.html"
"3296","勝德國際研發股份有限公司","勝德","電子零組件業","－","新北市中和區中山路二段407號10樓","	12702977","周義雄","周義雄","賴麗明","副總經理","蔡旻昆","82215588","2000/11/14","2007/12/31",新台幣                 10.0000元,967244500,96724450,0,0,合併,每年,股東會,"褔邦證券股份有限公司股務代理部","(02)2383-6888","台北市中正區忠孝西路1段6號6樓","安侯建業聯合會計師事務所","陳明輝","李慈慧","POWERTECH","10F, No. 407, Sec. 2, Zhong Shan Rd.,Zhonghe District,New Taipei Ctiy,Taiwan","82215680","spokesman@power-tech.com.tw","www.power-tech.com.tw","賴麗明","副總經理","82215588","spokesman@power-tech.com.tw","https://www.power-tech.com.tw/aboutUs/evaluation","https://www.power-tech.com.tw/aboutUs/evaluation"
"3305","昇貿科技股份有限公司","昇貿","其他電子業","－","桃園市觀音區大潭北路665號","	04789211","李三蓮","李弘偉","李弘偉","總經理","吳明璋","(03)416-0177","1978/04/24","2008/07/10",新台幣                 10.0000元,1446356690,144635669,0,0,合併,每年,股東會,"凱基證券股份有限公司","(02)2389-2999","台北市重慶南路一段二號五樓","安侯建業聯合會計師事務所","陳宜君","江曉苓","SHENMAO","No.665, Datan N.Rd., Guanyin Dist.,Taoyuan City 32841, Taiwan","(03)416-0133","stock@shenmao.com","http://www.shenmao.com","吳明璋","總經理室副總","(03)416-0177","mingchang_wu@shenmao.com","http://www.shenmao.com","https://www.shenmao.com/zh-tw/a4-38-3715/%E5%85%AC%E5%8F%B8%E6%B2%BB%E7%90%86.html"
"3308","聯德電子股份有限公司","聯德","電子零組件業","－","桃園市龜山區科技一路69號","	22749711","陳銘智","鄧瑞玲","鄧瑞玲","副董事長","許燕麗","(03)3286800","1988/02/02","2008/03/12",新台幣                 10.0000元,600000000,60000000,0,0,合併,每年,股東會,"福邦證券股份有限公司股務代理部","02-23711658","台北市中正區忠孝西路一段六號六樓","勤業眾信會計師事務所","邱政俊","簡明彥","BESTEC","No.69,Keji 1st Road,Guishan Township, Taoyuan County 333","(03)3286817","anita@bestec.com.tw","www.bestec.com.tw","許燕麗","特助","03-3286800#301","anita@bestec.com.tw","www.bestec.com.tw","www.bestec.com.tw"
"3311","閎暉實業股份有限公司","閎暉","通信網路業","－","新北市淡水區奎柔山路73號","	12956063","焦佑衡","徐幼珍","陳韋齡","財務長","陳啟典","(02)2623-2666","2001/10/26","2004/03/08",新台幣                 10.0000元,1000000000,100000000,0,0,合併,每年,股東會,"元大證券股份有限公司","(02)2586-5859","台北市大安區敦化南路二段67號地下一樓","勤業眾信聯合會計師事務所","陳彥君","陳建瑋","Silitech","No.73, Kuirou Shan Rd., Tamsui Dist.,New Taipei City 25144 , Taiwan , R.O.C.","(02)2623-5987","spokesperson@silitech.com","www.silitech.com","陳韋齡","財務長","(02)2623-2666","spokesperson@silitech.com","https://www.silitech.com/CH/contactus.aspx","https://www.silitech.com/CH/investor1-2.aspx"
"3312","弘憶國際股份有限公司","弘憶股","電子通路業","－","台北市內湖區行忠路57號2樓","	89613636","葉佳紋","劉彥輝","柯登嘉","資深協理","陳清賢","2659-9838","1995/10/06","2010/12/29",新台幣                 10.0000元,1826268150,182626815,0,0,合併,每年,股東會,"群益金鼎證券股份有限公司股代部","02-2702-3999","台北市敦化南路2段97號地下二樓","安侯建業會計師事務所","紀孟君","楊樹芝","G.M.I","2F., No. 57, Xingzhong Rd., Neihu DistTaipei,Taiwan,R.O.C","2659-9586","service@gmitec.com","http://www.gmitec.com","陳清賢","資深協理","2659-9838#1002","IR@gmitec.com","http://www.gmitec.com/stakeholder","https://www.gmitec.com/corporate-governance/"
"3321","同泰電子科技股份有限公司","同泰","電子零組件業","－","台中市大甲區青年路123號","	23983947","簡山傑","曾山一","曾山一","總經理","蔡文程","(03)-2150198","1990/11/19","2015/12/15",新台幣                 10.0000元,861137690,86113769,0,0,合併,每年,股東會,"宏遠證券股份有限公司","(02)23268818","106台北市信義路四段236號3樓","資誠聯合會計師事務所","陳憲正","林冠宏","UNIFLEX","No.123, Qingnian Rd., Dajia Dist.,Taichung City, Taiwan (R.O.C.)","(03)-2150197","public@uniflex.com.tw","https://www.uniflex.com.tw","余佳穎","股務","03-2150198 #600","public@uniflex.com.tw","https://www.uniflex.com.tw","https://www.uniflex.com.tw/money004.html"
"3338","泰碩電子股份有限公司","泰碩","電子零組件業","－","(114)台北市內湖區瑞光路302號3樓","	89858152","彭朋煌","劉克平","劉克平","營運長","黃筱雯","(02)26562658","1994/09/23","2013/12/13",新台幣                 10.0000元,879081410,87908141,0,0,合併,每年,股東會,"群益金鼎證券股份有限公司","02-27023999","台北市大安區敦化南路2段97號B2","安侯建業聯合會計師事務所","陳富仁","蕭雅文","TAISOL","3F, No. 302, Ruiguang Rd., Neihu District,Taipei City 114, Taiwan,R.O.C","(02)26562659","Heidi.Huang@taisol.com","http://www.taisol.com","黃筱雯","總經理室資深副理","26562658#167","Heidi.Huang@taisol.com","https://www.taisol.com/esg/stakeholder-relation","https://www.taisol.com/investor/corporate-governance/integrity-management/"
"3346","麗清科技股份有限公司","麗清","汽車工業","－","新北市中和區中原街97號5樓","	16992625","劉美秀","劉美秀","李鋆辰","財務處協理","馮國治","(02)22226112","1999/08/27","2016/12/19",新台幣                 10.0000元,1212283520,121228352,0,0,合併,每年,股東會,"元大證券股份有限公司","(02)25865859","台北市大安區敦化南路二段67號B1","勤業眾信聯合會計師事務所","陳致源","黃堯麟","Laster Tech","5F, No. 97, Zhongyuan StZhonghe Dist., New Taipei City, Taiwan","(02)22226196","sweeoadmin@lastertech.com","www.lastertech.com","李鋆辰","財務處協理","(02)22226112","kennethlee@lastertech.com","http://www.lastertech.com/?lang=1&TTo=zh-tw","https://www.lastertech.com/zh-tw/a4-838-2938/%E9%87%8D%E8%A6%81%E5%85%AC%E5%8F%B8%E5%85%A7%E8%A6%8F."
"3356","奇偶科技股份有限公司","奇偶","光電業","－","台北市內湖區內湖路一段246號9樓","	16302558","戴光正","王有傳","李建邦","財務長","陳香仁、柳春成","02-8797-8377","1998/02/03","2005/03/28",新台幣                 10.0000元,799416720,79941672,0,0,合併,每年,董事會,"富邦綜合證券股份有限公司","02-2361-1300","台北市中正區許昌街17號11樓","資誠聯合會計師事務所","徐潔如","吳仁杰","GeoVision","9F, 246 Neihu Road Sec. 1Neihu Chiu, Taipei 114, Taiwan","02-8797-8335","ir@geovision.com.tw","https://www.geovision.com.tw","陳香仁、柳春成","稽核經理、會計經理","02-8797-8377","ir@geovision.com.tw","https://www.geovision.com.tw/TW/7_7.asp","http://classic.geovision.com.tw/TW/7_6.asp"
"3376","新日興股份有限公司","新日興","電子零組件業","－","新北市樹林區俊英街一七四號","	35424073","呂勝男","阮朝宗","阮朝宗","總經理","廖偵利","02-26813316","1968/06/28","2007/12/31",新台幣                 10.0000元,1957638220,195763822,0,0,合併,每年,股東會,"台新證券股務代理部","02-25048125","台北市建國北路一段96號地下一樓","勤業眾信聯合會計師事務所","謝明忠","許晉銘","SZS","174 Chiun Eng. St .,Su Lin District,Taipei , Taiwan , R.O.C.","02-26845375","juan@szs.com.tw","https://www.szs-group.com/","廖偵利","高級專員","02-26813316","edith.liao@szs.com.tw","https://www.szs-group.com/page/stakeholder-communication?","https://www.szs-group.com/page/organization?"
"3380","明泰科技股份有限公司","明泰","通信網路業","－","新竹科學園區新竹市力行七路8號","	12800392","黃文芳","黃文芳","陳韶伶","財務長","彭敬堯","03-5636666","2003/09/04","2004/12/20",新台幣                 10.0000元,5417184600,541718460,0,0,合併,每年,董事會,"中國信託商業銀行代理部","02-66365566","台北市重慶南路83號5樓","安侯建業聯合會計師事務所","吳俊源","鄭安志","Alpha","No. 8, Li-shing 7th Rd., Hsinchu Science ParkHsinchu, Taiwan, R.O.C.","03-5636789","IR@alphanetworks.com","www.alphanetworks.com","謝佩穎","副處長","03-5636666","IR@alphanetworks.com","https://www.alphanetworks.com/csr/1580fca6668612ae","https://www.alphanetworks.com/gov"
"3406","玉晶光電股份有限公司","玉晶光","光電業","－","台中市大雅區中部科學工業園區科雅東路一號","	23572557","陳天慶","郭英理","郭英理","總經理","趙志強","04-25667115","1990/02/08","2005/12/20",新台幣                 10.0000元,1127430630,112743063,0,0,合併,每半會計年度,董事會,"永豐金證券股份有限公司","02-23816288","臺北市中正區博愛路17號3樓","安永聯合會計師事務所","黃子評","賴書晨","GSEO","No.1, Keya E Rd, Daya District, Taichung City 428Taichung, Taiwan","04-25667117","mcgwire.chao@gseo.com","https://www.gseo.com/tw","趙志強","總經理特助","04-25667115","mcgwire.chao@gseo.com","https://www.gseo.com/tw/investor-relations","https://www.gseo.com/tw/governance"
"3413","京鼎精密科技股份有限公司","京鼎","半導體業","－","(35053)新竹科學園區苗栗縣竹南鎮科中路16號","	12858252","陳偉銘","邱耀銓","李貞誼","副總經理","鄒永芳","037-580088","2001/04/26","2015/07/28",新台幣                 10.0000元,1105709800,110570980,0,0,合併,每年,董事會,"福邦證券股份有限公司","(02)2371-1658","台北市中正區忠孝西路一段６號６樓","資誠聯合會計師事務所","徐聖忠","吳仁杰","Fiti","No16,Ke-Jung RD.,Science-Based Industrial ParkChu-Nan,Miao-Li Hsien,Taiwan 350,ROC","037-582690","fitistock@foxsemicon.com","http://www.foxsemicon.com.tw/","李貞誼","發言人","037-580088","fitistock@foxsemicon.com","http://www.foxsemicon.com.tw/","https://www.foxsemicon.com/zh-tw/ir_cg_director.aspx"
"3416","融程電訊股份有限公司","融程電","電腦及週邊設備業","－","新北市三重區中興南街18號","	96930209","呂谷清","林筠卿","劉至原","會計主管","焉芝福","02-85110288","1996/01/23","2015/01/23",新台幣                 10.0000元,804937690,80493769,0,0,合併,每年,董事會,"群益金鼎證券股份有限公司","(02)2702-3999","台北市大安區敦化南路二段97號B2","安永聯合會計師事務所","鄭清標","傅文芳","Winmate","No. 18, Zhongxing S. St.,  Sanchong Dist.,New Taipei City, 241017, Taiwan","02-85111108","IR@winmate.com.tw","www.winmate.com.tw","孫鳳吟","總經理室IR副理","02-85110288","rita_sun@winmate.com.tw","www.winmate.com.tw","https://www.winmate.com/zh-TW/Corporate/Investor_Relations"
"3419","譁裕實業股份有限公司","譁裕","通信網路業","－","新竹市公道五路二段326號","	47250470","鄒宓富","曹付宜","曹付宜","總經理","陳煌爵","03-5714225","1981/11/18","2008/01/21",新台幣                 10.0000元,1204804170,120480417,0,0,合併,每年,股東會,"台新證券股務代理部","(02)25048125","台北市建國北路一段96號地下一樓","勤業眾信聯合會計師事務所","方蘇立","林心彤","WHAYU","No.326,Sec.2,Gongdao 5th Rd.,East Dist.,Hsinchu City,Taiwan (R.O.C.)","03-6003900","IR@whayu.com","https://www.whayu.com","陳煌爵","財會處 協理","03-5714225#1107","IR@whayu.com","https://www.whayu.com/tw/html/page/page.php?cid=21&cid2=125&unid=1","https://www.whayu.com/tw/html/page/page.php?cid=22&muid=135"
"3432","台端興業股份有限公司","台端","電子零組件業","－","新北市中和區中正路880號13樓","	22928881","陳帝生","林樂賢","鄭佩琪","協理","暫缺","32349988","1988/05/24","2010/12/30",新台幣                 10.0000元,422300000,42230000,6230000,0,合併,每年,股東會,"福邦證券股務代理部","2371-1658","台北市中正區忠孝西路一段六號六樓","資誠聯合會計師事務所","葉翠苗","于智帆","TAI TWUN","13F., No.880, Zhongzheng Rd.,Zhonghe Dist., Xinbei City 235, Taiwan","22255566","stock@taitwun.com","http://www.taitwun.com.tw","鄭佩琪","協理","32349988","peggycheng@taitwun.com","http://www.taitwun.com.tw/stakeholders_tw.asp?LangeType=","http://www.taitwun.com.tw/investor.asp?LangeType="
"3437","榮創能源科技股份有限公司","榮創","光電業","－","新竹縣湖口鄉新竹工業區工業五路13號","	70634323","方榮熙","方榮熙","方榮熙","執行長","陳國寶","03-5976988","1999/10/02","2014/07/09",新台幣                 10.0000元,1445480000,144548000,0,0,合併,每年,股東會,"福邦證券股份有限公司","02-23711658","台北市中正區忠孝西路一段6號6樓","資誠聯合會計師事務所","林柏全","楊蕙慈","AOT","No. 13, Gongye 5th. Rd., Hsinchu Industrial Park, Hukou ShiangHsinchu Hsien, Taiwan, R.O.C.","03-5973892","ir@aot.com.tw","www.aot.com.tw","陳國寶","財會暨投資管理處副處長","03-5976988","ir@aot.com.tw","https://www.aot.com.tw/sustainable-operations/","https://www.aot.com.tw/corporate-governance/"
"3443","創意電子股份有限公司","創意","半導體業","－","新竹科學工業園區新竹市力行六路十號","	16299879","張麗絲","戴尚義","廖俊杰","財務長","林新洲","03-5646600","1998/01/22","2006/11/03",新台幣                 10.0000元,1340119110,134011911,0,0,合併,每年,股東會,"中國信託商業銀行代理部","02-66365566","台北市100重慶南路一段八十三號5樓","勤業眾信聯合會計師事務所","李協昌","陳明煇","GUC","No.10, Li-Hsin 6th Rd., Hsinchu Science ParkHsinchu City 300, Taiwan","03-6669809","irinfo@guc-asic.com","www.guc-asic.com","林新洲","副處長","03-5646600","asialin@guc-asic.com","https://www.guc-asic.com/tw/esg/stakeholder?stakeholder-tab=option1","https://www.guc-asic.com/tw/investor/governance?corporate-tab=option1"
"3447","展達通訊股份有限公司","展達","通信網路業","－","新北市三重區光復路二段69號22樓","	16045290","呂進宗","李培然","李培然","總經理","古宜平","02-66260168","1997/10/17","2022/12/15",新台幣                 10.0000元,774491200,77449120,0,0,合併,每年,董事會,"中國信託商業銀行代理部","(02)6636-5566","台北市重慶南路一段83號5樓","資誠聯合會計師事務所","陳晉昌","廖福銘","XAVi","22F., No.69, Sec. 2, Guangfu Rd.,Sanchong Dist., New Taipei City, Taiwan","02-29958167","ir@xavi.com.tw","www.xavi.com.tw","古宜平","協理","02-66260168","ir@xavi.com.tw","www.xavi.com.tw","https://www.xavi.com.tw/ch/investors_impl.php"
"3450","聯鈞光電股份有限公司","聯鈞","半導體業","－","新北市中和區橋安街35號10樓","	12624467","鄭祝良","宋天增","陳士恩","協理","陳雅蘭","(02)8245-6186","2000/09/27","2006/04/12",新台幣                 10.0000元,1456813820,145681382,0,0,合併,每年,股東會,"元大證券股份有限公司股務代理部","(02)2586-5859","臺北市大安區敦化南路2段67號地下一樓","勤業眾信聯合會計師事務所","張耿禧","陳薔旬","ELASER","10F, 35 Chiau An StreetChung Ho Dist.,New Taipei City,Taiwan.","(02)8245-3100","elaser@elaser.com.tw","http://www.elaser.com.tw","陳士恩","協理","(02)82456186","elaser@elaser.com.tw","http://www.elaser.com.tw","http://www.elaser.com.tw/sp1-7.htm"
"3481","群創光電股份有限公司","群創","光電業","－","新竹科學園區苗栗縣竹南鎮科學路160號","	12800225","洪進揚","楊弘文","洪進揚","董事長","陳子珊","037-586000","2003/01/14","2006/10/24",新台幣                 10.0000元,79891973370,7989197337,0,0,合併,每年,股東會,"福邦證券股份有限公司","02-23711658","台北市中正區忠孝西路一段6號6樓","資誠聯合會計師事務所","徐聖忠","林永智","INX","No.160, Kexue Rd., Zhunan Site, Hsinchu Science ParkZhunan, Miaoli, Taiwan","037-586600","ir@innolux.com","http://www.innolux.com","陳子珊","經理","06-505-3760","ir@innolux.com","http://www.innolux.com","https://www.innolux.com/tw/"
"3494","誠研科技股份有限公司","誠研","電腦及週邊設備業","－","新北市新店區北新路三段207-2號7樓","	70801588","光風投資有限公司代表人：黃茯","黃冠智","邱垂健","研發處副總經理","賴正中","(02)2912-6268","2001/02/09","2007/12/13",新台幣                 10.0000元,948000000,94800000,40800000,0,合併,每年,股東會,"統一證券股務代理部","(02)2314-8800","台北市東興路8號13樓","信永中和聯合會計師事務所","姚毓琳","吳佳鴻","HiTi","7F, No.207-2, Sec.3, Beixin Rd.Xindian City, Taipei County 231,Taiwan","(02)2912-6118","orsonsun@hiti.com","www.hiti.com","邱垂健","研發處副總經理","(02)2912-6268","orsonsun@hiti.com","www.hiti.com/tw/Info/stakeholder.aspx","https://www.hiti.com/about/Investment.aspx?TypeID=28&lang=TW&MenuID=147"
"3501","維熹科技股份有限公司","維熹","電子零組件業","－","台北市內湖區新湖三路196號","	80272361","吳瑞雄","吳瑞雄","游嘉德","會計協理","吳瑞聯","27911119","2002/09/03","2007/09/20",新台幣                 10.0000元,1182579270,118257927,0,0,合併,每年,董事會,"福邦證券股份有限公司","02-23711658","台北市中正區忠孝西路一段6號6樓","資誠聯合會計師事務所","林瑟凱","梁益彰","Well Shin","No.196,Xinhu 3rd,Neihu 114 Taipei, Taiwan","27919901","ws_ir@wellshin.com.tw","www.wellshin.com.tw","游嘉德","會計協理","27911119-235","ws_ir@wellshin.com.tw","www.wellshin.com.tw/chinese/ParticipantZone.asp","http://www.wellshin.com.tw/mod/investor/index.php?REQUEST_ID=f1c152c28f370d0777ea01cd5a1e76d1"
"3504","揚明光學股份有限公司","揚明光","光電業","－","新竹科學園區新安路7號","	12800061","林惠姿","張雅容/林威嶧","張雅容","總經理","曹仁豪","(03)6206789","2002/02/18","2007/01/26",新台幣                 10.0000元,1140597850,114059785,0,0,合併,每年,股東會,"台新綜合證券(股)公司股務代理部","(02)2504-8125","台北市建國北路一段96號地下一樓","安永聯合會計師事務所","邱琬茹","黃敏如","Young Optics","No. 7, Hsin-Ann Rd., Hsinchu Science Park,Hsinchu, Taiwan , R.O.C.","(03)6231111","webmail@youngoptics.com","www.youngoptics.com","張雅容","總經理","(03)6206789","ir.yo@youngoptics.com","http://www.youngoptics.com/chinese/%e5%88%a9%e5%ae%b3%e9%97%9c%e4%bf%82%e4%ba%ba/","https://www.youngoptics.com/investors-37"
"3515","華擎科技股份有限公司","華擎","電腦及週邊設備業","－","臺北市北投區中央南路二段37號2樓","	80333613","童旭田","許隆倫","陳健宏","副總經理","李蕙如","(02)2896-5588","2002/05/10","2007/11/08",新台幣                 10.0000元,1235440490,123544049,0,0,合併,每年,董事會,"凱基證券股份有限公司","(02)2389-2999","台北市重慶南路一段2號5樓?","安永聯合會計師事務所","王甯寬","王瑄瑄","ASROCK","2F ., NO. 37 , Sec.2 , Jhongyang S. Rd ., Beitou DistrictTaipei City , Taiwan ( R. O. C )","(02)2893-1337","Edward9_Chen@asrock.com.tw","http://www.asrock.com.tw","陳健宏","副總經理","(02)2896-5588","Edward9_Chen@asrock.com.tw","http://www.asrock.com/general/about.tw.asp?cat=Stakeholder","https://www.asrock.com/general/investor.tw.asp?cat=Manage"
"3518","柏騰科技股份有限公司","柏騰","其他電子業","－","桃園市蘆竹區南山路一段108巷2號","	89732154","黃逸駿","游秀屏","劉明怡","財務處執行副總經理","游秀屏","(03)212-8833","1995/10/20","2007/11/28",新台幣                 10.0000元,1026622300,102662230,8900000,0,合併,每年,股東會,"台新綜合證券股務代理部","(02)2504-8125","台北市建國北路一段96號地下一樓","勤業眾信聯合會計師事務所","翁博仁","尤盟貴","PT TECH.","No. 2, Ln. 108, Sec. 1, Nanshan Rd., Luzhu DistTaoyuan City 338, Taiwan (R.O.C.)","(03)222-0165","mingi@pttech.com.tw","www.pttech.com.tw","劉明怡","財務處執行副總經理","(03)212-8833","mingi@pttech.com.tw","http://www.pttech.com.tw/stakeholders/","http://www.pttech.com.tw/corporate-governance/"
"3528","安馳科技股份有限公司","安馳","電子通路業","－","新北市汐止區新台五路一段75號21樓","	12676056","吳偉國","陳發勇","林志峰","總管理處協理","張桂真","26982526","2000/12/26","2016/05/18",新台幣                 10.0000元,666392160,66639216,0,0,個別,每年,董事會,"富邦綜合證券股份有限公司","(02)23611300","台北市中正區許昌街17號11樓","安永聯合會計師事務所","張正道","楊弘斌","ANSTEK","21F, No.75, Sec. 1, Xintai 5th Rd.,Xizhi Dist.,New Taipei City,Taiwan,R.O.C","26982528","spokesman.anstek@macnica.com","https://www.macnica.com/apac/anstek/zh_tw/","林志峰","總管理處協理","26982526","spokesman.anstek@macnica.com","https://www.macnica.com/apac/anstek/zh_tw/investors/stake-holders/employee-relations/","https://www.macnica.com/apac/anstek/zh_tw/investors/corporate-governance/board-of-directors/"
"3530","晶相光電股份有限公司","晶相光","半導體業","－","新竹市科學工業園區力行一路10-2號4樓","	27298412","何新平","陳俊伯","簡宏亨","處長","黃淑華","03-5678986","2004/05/24","2018/07/16",新台幣                 10.0000元,774759000,77475900,0,0,合併,每年,股東會,"群益金鼎證券(股)公司股務代理部","(02)2702-3999","106台北市大安區敦化南路二段97號地下二樓","勤業眾信聯合會計師事務所","陳明煇","溫智源","SOI","4F, No.10-2, Li-Hsin 1st Rd., Hsinchu Science-Based ParkHsin-Chu, Taiwan, R.O.C.","03-5678982","ir@soinc.com.tw","www.soinc.com.tw","黃淑華","副總經理暨財務長","03-5678986","ir@soinc.com.tw","www.soinc.com.tw","https://www.soinc.com.tw/investors/governance"
"3532","台塑勝高科技股份有限公司","台勝科","半導體業","－","台北市內湖區南京東路六段380號 (台塑企業內湖大樓A1棟8樓)","	89406518","郭文筆","高橋和也","邱紹勛","副總經理","余秉岳","02-27122211","1995/11/21","2007/12/10",新台幣                 10.0000元,3878483000,387848300,0,0,合併,每年,董事會,"本公司股務室","02-27189898","台北市內湖區南京東路六段380號10樓","勤業眾信會計師事務所","楊靜婷","陳致源","FST","8F, A1 Building, No. 380, Sec. 6, Nanjing E. Rd., Neihu Dist., Taipei CityTaipei,Taiwan","02-27178567","comment@fstech.com.tw","www.fstech.com.tw","蕭穎鴻","資深管理師","0227122211ext.6111","fstir@fstech.com.tw","www.fstech.com.tw/interestedparty/index.html","https://www.fstech.com.tw/FPC_Fstech_Web/fst_ir.html?page=pills-management"
"3533","嘉澤端子工業股份有限公司","嘉澤","電子零組件業","－","基隆市安樂區武訓街15號","	22244141","朱德祥","何德佑","蔡明叡","業務資深副總經理","李洸慶","02 24331110","1986/08/23","2007/12/10",新台幣                 10.0000元,1125346910,112534691,0,0,合併,每年,股東會,"永豐金證券股份有限公司","02 23816288","台北市博愛路17號3樓","安侯建業會計師事務所","李逢暉","蕭雅文","LOTES","No.15 Wusyun St., Anle District,Keelung City, 204 Taiwan (R.O.C.)","02 24323106","samliu@lotestech.com","https://www.lotes.cc/","蔡明叡","業務資深副總經理","02 24331110","ray@lotestech.com","https://www.lotes.cc/zh-tw/investor.php?act=stakes","https://www.lotes.cc/zh-tw/investor.php?act=manage"
"3535","晶彩科技股份有限公司","晶彩科","光電業","－","新竹縣竹北市環北路二段197號","	70720798","陳永華","陳永華","王子越","執行長","蔡淑玲","(03)5545988","2000/03/10","2008/01/31",新台幣                 10.0000元,790523560,79052356,0,0,合併,每年,股東會,"台新證券股務代理部","02-25048125","台北市建國北路一段96號地下一樓","勤業眾信聯合會計師事務所","高逸欣","陳明煇","Favite","No.197, Sec. 2, Huanbei Rd.Zhubei City, Hsinchu County 302, Taiwan","(03)5545989","Minnie@favite.com","http://www.favite.com","蔡淑玲","稽核經理","(03)5545988","investor@favite.com","www.favite.com","https://www.favite.com/invester/governance/"
"3543","州巧科技股份有限公司","州巧","光電業","－","(30351)新竹縣湖口鄉新竹工業區光復路42號","	70526133","李樹裔","徐文茂","李逸淑","副總經理","陳玉珍","(03)5981919","2000/06/09","2020/04/15",新台幣                 10.0000元,1102631500,110263150,0,0,合併,每年,董事會,"福邦證券(股)公司","(02)2371-1658","台北市中正區忠孝西路一段6號6樓","資誠聯合會計師事務所","廖福銘","林永智","JOCHU","NO.42, KUANGFU RD., HUKOU TOWNSHIP,HSINCHU COUNTY 30351, TAIWAN (R.O.C.)","(03)5987338","ir1@jochu.com","http://www.jochu.com/","李逸淑 & 陳玉珍","副總經理 & 特別助理","03-5981919","ir1@jochu.com","http://www.jochu.com/Stakeholder.html","https://www.jochu.com/CorporateGovernance.html"
"3545","敦泰電子股份有限公司","敦泰","半導體業","－","新竹縣竹北市環科一路23號11樓之1","	28069900","胡正大","胡正大","張維杰","財務長","曾雅姿","03-6561660","2006/01/03","2007/07/03",新台幣                 10.0000元,2211512150,221151215,0,0,合併,每年,股東會,"中國信託商業銀行代理部","02-6636-5566","台北市100中正區重慶南路一段八十三號五樓","勤業眾信聯合會計師事務所","黃惠敏","李協昌","FocalTech","11-1F., No. 23, Huanke 1st Rd., Zhubei CityHsin-Chu County 302, Taiwan","03-6661696","ir@focaltech-electronics.com","http://www.focaltech-electronics.com","張維杰","財務長","03-6561660","ir@focaltech-electronics.com","http://www.focaltech-electronics.com","https://www.focaltech-electronics.com/zh-TW/boarding/index/Tab4#tab-anchor"
"3550","聯穎科技股份有限公司","聯穎","電子零組件業","－","新北市中和區建八路16號4樓","	22488639","何鈞銜","蘇俊雄","蘇俊雄","總經理","彭權才","8226-5658","1987/04/30","2010/11/10",新台幣                 10.0000元,1075500000,107550000,0,0,合併,每年,董事會,"兆豐證券股份有限公司股務代理部","3393-0898","10058 台北市中正區忠孝東路二段95號1樓","勤業眾信聯合會計師事務所","林政治","鍾鳴遠","COPARTNER","4F., No.16, Jian 8th Rd.Zhonghe Dist., New Taipei City , Taiwan","8226-5659","jonathansu@copartner.com.tw","http://www.copartner.com.tw","蘇俊雄","總經理","8226-5658#2901","jonathansu@copartner.com.tw","https://www.copartner.com.tw/tw/stakeholder","https://www.copartner.com.tw/tw/corporate/list/%E8%91%A3%E4%BA%8B%E6%9C%83"
"3557","嘉威生活股份有限公司","嘉威","居家生活","－","臺北市大安區信義路4段296號14樓之4","	27717512","黃清森","吳世偉","柯愛惠","營運長","林仁乙","02-77335368","2005/04/21","2008/02/27",新台幣                 10.0000元,843154350,84315435,12316671,0,合併,每年,董事會,"富邦綜合證券(股)公司","(02)2361-1300","台北市10047許昌街17號11樓(壽德大樓)","安永聯合會計師事務所","洪國森","姚世傑","JiaWei","14F.-4, NO. 296, SEC. 4, XINYI RD., DA’AN DIST.,TAIPEI CITY 10679, TAIWAN, R.O.C.","02-77335369","services@jiaweils.com","www.jiaweils.com","林仁乙","公司治理部經理","02-77335368#116","lorilin@jiaweils.com","www.jiaweils.com","https://www.jiaweils.com/FileList/C000005?SubCategoryID=cfb3d304-3e64-406d-9e7c-027aa5127878&PageTyp"
"3563","牧德科技股份有限公司","牧德","光電業","－","新竹科學園區工業東二路2之3號","	16522758","汪光夏","陳復生","蘇怡汎","財務長","王舜民","(03)5638599","1998/06/09","2019/04/02",新台幣                 10.0000元,639608580,63960858,14759800,0,合併,每半會計年度,董事會,"台新綜合證券股份有限公司","(02)2504-8125","台北市中山區建國北路一段96號地下一樓","安侯建業聯合會計師事務所","吳仲舜","張純怡","MACHVISION","No.2-3, Industry East Road, ll, HsinChu Science Park, Hsinchu, Taiwan, R.O.C.30075,Hsin-Chu, Taiwan,R.O.C","(03)5638598","spokesman@machvision.com.tw","www.machvision.com.tw","蘇怡汎","財務長","(03)5638599","spokesman@machvision.com.tw","www.machvision.com.tw","www.machvision.com.tw/index.php/zh-tw/investors/corporate-governance/architecture"
"3576","聯合再生能源股份有限公司","聯合再生","光電業","－","新竹科學工業園區新竹市力行三路7號","	27763753","洪傳獻","張為策(執行長)","潘蕾蕾","財務長","陳怡真","(03)578-0011","2005/08/26","2009/01/12",新台幣                 10.0000元,16277953750,1627795375,258633452,0,合併,每年,董事會,"中國信託商業銀行代理部","(02)6636-5566","台北市重慶南路一段83號5樓","勤業眾信聯合會計師事務所","廖婉怡","梁盛泰","URE","No.7, Li-Hsin Rd.III, Hsinchu Science Park, Hsinchu, Taiwan 300, R.O.C.Hsinchu County 300, Taiwan","(03)578-1255","IR@urecorp.com","http://www.urecorp.com","閻敬儀","經理","886-2-2656-2000","IR@urecorp.com","http://www.urecorp.com","https://www.urecorp.com/investors.php"
"3583","辛耘企業股份有限公司","辛耘","半導體業","－","台北市內湖區瑞光路208號11樓","	30901647","謝宏亮","李宏益","沈淑&#30494;","董事長特助","謝瑋玲","02-8751-2323","1979/10/17","2013/03/12",新台幣                 10.0000元,803312600,80331260,0,0,合併,每年,董事會,"中國信託商業銀行代理部","02-6636-5566","10008 台北市中正區重慶南路一段83號5樓","勤業眾信聯合會計師事務所","黃惠敏會計師","辛宥呈會計師","Scientech","11F , No.208 , Rueiguang Road , Neihu DistrictTaipei  11491 , Taiwan","02-8751-2020","investor@scientech.com.tw","www.scientech.com.tw/zh-hant","沈淑&#30494;","董事長特助","0287512323 Ext.1104","investor@scientech.com.tw","www.scientech.com.tw/zh-hant/Investor/Governance/StatusReport","www.scientech.com.tw/zh-hant/Investor/Governance/StatusReport"
"3588","通嘉科技股份有限公司","通嘉","半導體業","－","新竹縣竹北市台元二街1號4F-1","	80254357","高育坤","祁亨忠","余淑薇","財會處長","李嘉芬","03-5543588","2002/09/18","2009/08/14",新台幣                 10.0000元,619931820,61993182,0,0,合併,每年,董事會,"群益金鼎證券(股)公司股務代理部","02-2702-3999","台北市敦化南路二段97號地下二樓","勤業眾信聯合會計師事務所","張雅芸","陳明煇","LD","4F-1,No.1, Taiyuan 2nd St.Zhubei City,Hsinchu County 30288, Taiwan","03-5540098","ir@leadtrend.com.tw","https://www.leadtrend.com.tw","余淑薇","財會處長","03-5543588","ir@leadtrend.com.tw","www.leadtrend.com.tw","www.leadtrend.com.tw"
"3591","艾笛森光電股份有限公司","艾笛森","光電業","－","新北市中和區橋和路17號17樓","	12907747","吳建榮","吳建榮","許正典","副總經理","胡錫權","02-82276996","2001/10/04","2010/11/12",新台幣                 10.0000元,1453868350,145386835,0,0,合併,每年,股東會,"富邦綜合證券股份有限公司","(02)2361-1300","台北市中正區許昌街17號11樓","勤業眾信聯合會計師事務所","彭詩玄","吳恪昌","EDISON OPTO","17F, No. 17, Qiao-he Rd.,Chung-Ho Dist., New Taipei City, Taiwan.","02-82276997","investor@edison-opto.com.tw","https://www.edison-opto.com.tw/","許正典","副總經理","02-82276996#1103","adenhsu@edison-opto.com.tw","https://www.edison-opto.com.tw/esg/Stakeholder-Engagement/Major-Issues-and-Management-Policies","https://www.edison-opto.com.tw/esg/Governance/Corporate-Governance-Framework/Governance-Framework"
"3592","瑞鼎科技股份有限公司","瑞鼎","半導體業","－","(30078)新竹科學園區新竹市力行路23號2樓","	80532726","黃裕國","溫志堅","林佩怡","協理","黃耀裕","03-6661818","2003/10/23","2022/01/07",新台幣                 10.0000元,758552260,75855226,0,0,合併,每年,董事會,"台新證券股務代理部","02-25048125","台北市建國北路一段96號地下一樓","安侯建業聯合會計師事務所","鄭安志","吳俊源","Raydium","2F,No.23,Li-Hsin Rd.,Hsinchu Science ParkHsinchu ,Taiwan ,R.O.C","03-6661919","Raydium@rad-ic.com","www.rad-ic.com","林虹妤","經理","03-6661818#2801","raydium@rad-ic.com","https://esg.rad-ic.com/esg/link/stakeholder-engagement/","https://www.rad-ic.com/zh-TW/investor/corporate-governance/regulatory-and-compliance"
"3593","力銘科技股份有限公司","力銘","電子零組件業","－","高雄市左營區菜公一路62巷15號","	80617029","孫正強","蕭勝原","黃文慶","財會行政處協理","人選未定","07-3433776","2003/12/22","2009/03/16",新台幣                 10.0000元,608254490,60825449,23000000,0,合併,每年,股東會,"兆豐證券股份有限公司股務代理部","02-33930898","台北市中正區忠孝東路二段95號1樓","安侯建業聯合會計師事務所","陳宗哲","張淑瑩","Logah","No. 15, Ln. 62, Caigong 1st Rd.,Zuoying Dist., Kaohsiung City Taiwan","07-3433639","brady.huang@logah.com","http://www.logah.com","黃文慶","財會行政處協理","07-3433776","brady.huang@logah.com","https://www.logah.com/corporate-social-responsibility/interested-parties/","https://www.logah.com/investor-zone/corporate-governance/"
"3596","智易科技股份有限公司","智易","通信網路業","－","新竹市東區光復路二段8號8樓","	12800294","陳瑞聰","曾釗鵬","黃仕緯","財務長","盧豐裕","(03)5727000","2003/05/09","2009/03/11",新台幣                 10.0000元,2203543210,220354321,0,0,合併,每年,董事會,"中國信託商業銀行代理部","02-66365566","台北市中正區重慶南路一段83號5樓","安侯建業聯合會計師事務所","郭冠纓","劉振興","Arcadyan","8F, No. 8, Sec. 2, Guangfu Rd.,Hsinchu, Taiwan","(03)5727006","investor@arcadyan.com","www.arcadyan.com","黃仕緯","財務長","03-5727000#14322","investor@arcadyan.com","https://csr.arcadyan.com/zh-hant/sustainability-development/stakeholder-engagement/","https://www.arcadyan.com/zh-hant/investor/corporate-governance-information/"
"3605","宏致電子股份有限公司","宏致","電子零組件業","－","桃園市中壢區過嶺路二段530-6號","	97257738","袁万丁","黃添富","扶大桂","行政處資深處長","楊宗霖","(03)4632808","1996/11/07","2009/03/26",新台幣                 10.0000元,1638164410,163816441,0,0,合併,每年,董事會,"凱基證券股份有限公司股務代理部","(02)2389-2999","台北市重慶南路一段2號5樓","安侯建業聯合會計師事務所","紀孟君","楊樹芝","ACES","No. 530-6, Sec. 2, Guoling Rd., Zhongli Dist.,Taoyuan City 320, Taiwan (R.O.C.)","(03)4631800","ir@acesconn.com","www.acesconn.com","李舒音勻","財務處副總經理","(03)4632808","ir@acesconn.com","www.acesconn.com","https://www.acesconn.com/tw/investors2_1"
"3607","谷崧精密工業股份有限公司","谷崧","電子零組件業","－","桃園市中壢區中正路1274巷48號","	23414349","洪煥青","張文桐","許嘉宏","財務長","王曉蘭","03-4252153","1989/06/14","2009/10/28",新台幣                 10.0000元,1216622390,121662239,0,0,合併,每年,董事會,"台新證券股務代理部","02-25048125","10489台北市建國北路一段96號地下一樓","勤業眾信聯合會計師事務所","謝明忠","王攀發","Coxon","No.48, Ln. 1274, Zhongzheng Rd., Zhongli Dist., Taoyuan City 320, Taiwan ?Zhongli Dist., Taoyuan City 320, Taiwan","03-4254320","coxontw@coxongroup.com","www.coxongroup.com","許嘉宏","財務長","03-4252153","garyhsu@coxongroup.com","www.coxongroup.com/?page_id=1764","https://esg.twse.com.tw"
"3617","碩天科技股份有限公司","碩天","其他電子業","－","台北市內湖區金莊路26號11樓","	97474067","何&#28627;洵","何&#28627;洵","陳健中","財務部協理","林秀珠","(02)8792-9510","1997/06/27","2009/12/23",新台幣                 10.0000元,947660490,94766049,0,0,合併,每半會計年度,董事會,"群益金鼎證券股務代理部","(02)2702-3999","台北市大安區敦化南路二段97號B2","勤業眾信聯合會計師事務所","張至誼","鄭淂蓁","CyberPower","11F., No.26,  Jinzhuang Rd., Neihu District, Taipei City 114Taiwan (R.O.C.)","(02)8792-9525","investor@cyberpower.com","www.cyberpower.com/tw/zh/investor","陳健中","財務部協理","(02)8792-9510","investor@cyberpower.com","https://www.cyberpower.com/tw/zh/investor/stakeholder","https://www.cyberpower.com/tw/zh/investor/corporate"
"3622","洋華光電股份有限公司","洋華","光電業","－","桃園市觀音區觀音工業區經建一路31號","	80260061","白志強","許益川","何逢有","副總經理","許益川","03-4833665","2002/07/30","2009/03/25",新台幣                 10.0000元,1513276000,151327600,0,0,合併,每年,董事會,"康和綜合證券(股)公司股務代理部","(02)8787-1888","110台北市信義區基隆路一段176號B1","安侯建業聯合會計師事務所","江家齊","趙敏如","YFO","NO.31, JING JIANN 1ST RD., KUANYIN INDUSTRIAL ESTATETAOYUAN, TAIWAN, R.O.C.","03-4833660","SHARONHO@YFO.COM.TW","www.yfo.com.tw","何逢有","副總經理","02-23970585","SHARONHO@YFO.COM.TW","http://www.yfo.com.tw/index.php?option=com_content&task=view&id=88&Itemid=97","http://www.yfo.com.tw/index.php?option=com_content&task=view&id=29&Itemid=64"
"3645","達邁科技股份有限公司","達邁","電子零組件業","－","新竹縣新埔鎮文德路三段127號","	70776899","吳聲昌","黃貞英","陳岱村","副總經理","黃貞英","03-5896088","2000/06/22","2011/10/05",新台幣                 10.0000元,1367542070,136754207,0,0,合併,每年,股東會,"群益金鼎證券股份有限公司","02-2702-3999","台北市大安區敦化南路二段97號B2","勤業眾信聯合會計師事務所","張雅芸","方蘇立","TMT","No. 127, SEC. 3, WENDE RD.XINPU TOWNSHIP, HSINCHU COUNTY, TAIWAN","03-5896099","kevin_chen@taimide.com.tw","www.taimide.com.tw","鍾嘉惠","經理","03-5896088","ir@taimide.com.tw","https://www.taimide.com.tw/zh/article-835818","https://www.taimide.com.tw/zh/article-837204"
"3652","精聯電子股份有限公司","精聯","電腦及週邊設備業","－","新北市新店區寶橋路235巷136號5樓","	28913512","葉佳紋","徐志達","張嘉玲","協理","林尹詩","(02)89121122","2008/01/15","2022/09/21",新台幣                 10.0000元,750975000,75097500,0,0,合併,每年,董事會,"台新證券股務代理部","(02)2504-8125","台北市建國北路一段96號地下一樓","安永聯合會計師事務所","胡慎緁","謝勝安","Unitech elec.","5FL., NO.136, LANE 235, PAO-CHIAO RD., HSIN-TIEN DIST,NEW TAIPEI CITY, TAIWAN 231, R.O.C.","(02)89121130","invest@tw.ute.com","http://www.ute.com/","張嘉玲","協理","(02)89121122#270","invest@tw.ute.com","http://tw.ute.com/investor-relationship.php?rbu=2","https://www.ute.com/tw/ir/company/operation"
"3653","健策精密工業股份有限公司","健策","電子零組件業","－","桃園市龜山區文化里19鄰科技一路40號","	22415854","趙宗信","林錦隆","林錦隆","總經理","郭逢春","03-2115678","1987/03/28","2009/11/18",新台幣                 10.0000元,1467328030,146732803,0,0,合併,每年,董事會,"中國信託商業銀行代理部","(02)6636-5566","台北市中正區重慶南路一段83號5樓","資誠聯合會計師事務所","王方瑜","林瑟凱","JENTECH","No.40, Keji 1st Rd., Guishan Township,Taoyuan County 333, Taiwan (R.O.C.)","03-3960144","spokesperson@jentech.com.tw","https://www.jentech.com.tw/zh","郭逢春","副總經理","03-2115678","alexkuo@jentech.com.tw","https://www.jentech.com.tw/zh/stakeholder-engagement","https://www.jentech.com.tw/zh/corporate-governance"
"3661","世芯電子股份有限公司","世芯-KY","半導體業","KY","114 台北市內湖區文湖街12號9樓","	31659649","沈翔霖","沈翔霖","王德善","財務長","沈翔霖","02-27992318","2003/02/27","2014/10/28",新台幣                 10.0000元,820913400,82091340,2761862,0,合併,每年,股東會,"中國信託商業銀行代理部","02-66365566","台北市中正區重慶南路1段83號5樓","勤業眾信聯合會計師事務所","劉建良","張麗君","Alchip","9F., No.12, Wenhu St., Neihu Dist.,Taipei City, Taiwan 114","02-27997389","IR@alchip.com","www.alchip.com","王德善","財務長","02-26599357","IR@alchip.com","www.alchip.com","https://www.alchip.com/tw/Investors/corporate"
"3665","貿聯控股(BizLink Holding Inc.)","貿聯-KY","其他電子業","KY","23553新北市中和區建一路186號3樓","	26644007","梁華哲","鄧劍華","鄧劍華","總經理","蔡策申","02-82261000","2000/06/01","2011/04/21",新台幣                 10.0000元,1950784050,195078405,0,0,合併,每年,董事會,"中國信託商業銀行 代理部","02-6636-5566","台北市重慶南路一段83號5樓","資誠聯合會計師事務所","梁華玲","黃珮娟","BHI (BizLink)","3F., No.186, Jian 1st Rd., Zhonghe Dist., 23553New Taipei City, Taiwan","02-82262583","ir@bizlinktech.com","http://www.bizlinktech.com","王譯鋒","資深經理","02-8226-1000","ir@bizlinktech.com","https://www.bizlinktech.com/zh-tw/stakeholder-engagement","https://www.bizlinktech.com/zh-tw/corporate-governance"
"3669","圓展科技股份有限公司","圓展","通信網路業","－","新北市土城區大安路157號8樓","	28428722","郭重松　","郭昱廷","邱德溥","副總經理","張明益","22698535","2008/01/07","2011/08/25",新台幣                 10.0000元,929199500,92919950,0,0,合併,每年,股東會,"永豐金證券股份有限公司","23816288","台北市博愛路17號3樓","勤業眾信聯合會計師事務所","陳培德","劉怡青","AVer","8F No.157,Da-An Rd.,Tucheng Dist.,New Taipei City ,Taiwan, R.O.C.","22698538","ir.avi@aver.com","www.aver.com","邱德溥","副總經理","22698535","ir.avi@aver.com","tw.aver.com/page/IR-Contacts","https://esg.aver.com/csr-orgnization?lang=tw"
"3673","TPK Holding Co., Ltd.","TPK-KY","光電業","KY","台北市內湖區民權東路六段13之18號(訴訟及非訟代理人聯絡處)","	31805657","江朝瑞","謝立群","江朝瑞","董事長","謝立群/劉詩亮","02-6619-1199","2005/11/21","2010/10/29",新台幣                 10.0000元,4066637590,406663759,0,0,合併,每年,股東會,"元大證券股份有限公司","02-2586-5859","臺北市大安區敦化南路2段67號地下一樓","勤業眾信聯合會計師事務所","莊碧玉","陳俊宏","TPK","No.13-18, Sec. 6, Min Quan E. Rd., Neihu Dist.,Taipei, Taiwan, R.O.C.","02-6619-1200","Stock@tpk.com","http://www.tpk.com","劉詩亮","策略長","02-6619-1199","ir@tpk.com","http://www.tpk.com","https://www.tpk.com/tw/irwebsite_c/corporategovernance"
"3679","新至陞科技股份有限公司","新至陞","電子零組件業","－","新北市新莊區化成路11巷36號","	36011776","陳標福","蔡建勝","蔡建勝","總經理","林子瑄","(02)2998-3578","1980/06/27","2011/10/05",新台幣                 10.0000元,630222290,63022229,0,0,合併,每年,董事會,"中國信託商業銀行代理部","(02)6636-5566","台北市重慶南路一段83 號5 樓","安侯建業聯合會計師事務所","黃泳華","余聖河","Nishoku","NO.36, LN. 11, HUACHENG RD., XINZHUANG DIST.,NEW TAIPEI CITY 24252, TAIWAN","(02)2998-3580","service@nishoku.com.tw","www.nishoku.com.tw","林子瑄","財務長","(02)2998-3578#128","ir@nishoku.com.tw","https://www.nishoku.com.tw/zh-TW/Investor/Relationship","https://www.nishoku.com.tw/zh-TW/Investor/Governance"
"3686","達能科技股份有限公司","達能","半導體業","－","新竹市東區慈雲路118號19樓之8","	28823511","方震銘","方震銘","湯豐帆","處長","劉思汎","(03)6686361","2007/11/09","2010/07/20",新台幣                 10.0000元,764951180,76495118,0,0,合併,每年,股東會,"中國信託商業銀行代理部","(02)66365566","台北市中正區重慶南路一段83號5樓","資誠聯合會計師事務所","余正富","黃金連","Danen","19F.-8, No. 118, Ciyun Rd., East Dist.Hsinchu City, Taiwan","(03)6686251","pr@danentech.com","http://www.danentech.com","劉思汎","副理","(03)6686361","ac@danentech.com","http://www.danentech.com/investor_cir.aspx","https://www.danentech.com/investor_cg.aspx"
"3694","海華科技股份有限公司","海華","通信網路業","－","新北市新店區寶中路94號8樓","	27667787","程建中","鄭光志","洪慶義","副總經理","林谷峰","02-55995599","2005/04/13","2011/05/03",新台幣                 10.0000元,1549292080,154929208,0,0,合併,每年,股東會,"元大證券股份有限公司","02-25865859","106台北市大安區敦化南路二段67號地下一樓","勤業眾信聯合會計師事務所","劉書琳","施錦川","AzureWave","8F, No.94 Baozhong RoadXindian Dist. New Taipei City Taiwan","02-66289666","investor@azurewave.com","www.azurewave.com","李瓊如","資深專員","02-55995599#5846","Investor@azurewave.com","http://www.azurewave.com/shareholder-service.html","https://www.azurewave.com/corporate-governance.html"
"3701","大眾全球投資控股股份有限公司","大眾控","電腦及週邊設備業","－","台北市內湖區陽光街300號1至9樓","	27242184","簡民智","簡民智","羅安棣","副總經理","黃賀詩","(02)8751-8751","2004/08/30","2004/08/30",新台幣                 10.0000元,2365422460,236542246,21000000,0,合併,每年,股東會,"福邦證券股份有限公司股務代理部","(02)23711658","台北市中正區忠孝西路一段6號6樓","資誠聯合會計師事務所","楊蕙慈","張淑瓊","FICG","1~9F., No.300, Yang Guang St., NeiHu, Taipei, TaiwanTAIPEI TAIWAN","(02)8751-8777","ANDY_LO@FIC.COM.TW","http://www.ficg.com.tw/","徐鳳蓮","特助","(02)87518751#7219","Alice_Hsu@fic.com.tw","https://www.ficg.com.tw/investor-service/","https://www.ficg.com.tw/organization/"
"3702","大聯大控股股份有限公司","大聯大","電子通路業","－","臺北市南港區經貿二路189號22樓","	27928328","黃偉祥","張蓉崗","袁興文","副總","彭凡玲","2191-0068","2005/11/09","2005/11/09",新台幣                 10.0000元,16790568330,1679056833,0,0,合併,每年,股東會,"群益金鼎證券股份有限公司","2702-3999","台北市大安區敦化南路二段97號B2","資誠聯合會計師事務所","林一帆","林永智","WPG","22F., No. 189, Jingmao 2nd Rd., Nangang Dist., Taipei CityTaipei City 114, Taiwan (R.O.C.)","2653-3598","ir@wpgholdings.com","www.WPGholdings.com","袁興文/彭凡玲","副總/總監","(02)2191-0068#85268","ir@wpgholdings.com","http://www.wpgholdings.com/stakeholder/index/zhtw","https://www.wpgholdings.com/investors/corporate_governance/zhtw/major-internal-policies"
"3703","欣陸投資控股股份有限公司","欣陸","建材營造","－","臺北市大安區敦化南路二段九十五號","	28993629","殷琪","張方欣","童雅靖","副總經理","葉昭慶","02-37012000","2010/04/08","2010/04/08",新台幣                 10.0000元,8232159800,823215980,0,0,合併,每年,董事會,"台新證券股務代理部","02-25048125","台北市建國北路一段96號B1","勤業眾信聯合會計師事務所","鄭旭然","邱盟捷","CHC","No 95, Dun-Hua South Road, Sec. 2Taipei,Taiwan,R.O.C.","02-37012999","ir@continental-holdings.com","http://www.continental-holdings.com","童雅靖","副總經理","02-27004509","ir@continental-holdings.com","https://www.continental-holdings.com/zh/csr","https://www.continental-holdings.com/zh/investor-relations/corporate-governance"
"3704","合勤投資控股股份有限公司","合勤控","通信網路業","－","新竹市公道五路2段363號3樓","	28999503","朱順一","朱順一(執行長)","卜嘉慶","協理","徐慶汛","03-5788838","2010/08/16","2010/08/16",新台幣                 10.0000元,4154449700,415444970,0,0,合併,每年,股東會,"兆豐證券股份有限公司","02-33930898","台北市忠孝東路二段九十五號一樓","安侯建業聯合會計師事務所","黃海寧","于紀隆","Zyxel Group","3F., No.363, Sec. 2, Gongdao 5th Rd., East Dist.,Hsin-Chu,Taiwan,R.O.C","03-6663319","IR@zyxelgroup.com","http://www.zyxelgroup.com","沈靜怡","資深經理","03-5788838 分機81820","ChinYi.Shen@zyxelgroup.com","http://www.zyxelgroup.com/stakeholder.php","https://www.zyxelgroup.com/IR/ch/governance.html"
"3705","永信國際投資控股股份有限公司","永信","生技醫療業","－","台北市松山區民權東路三段181號11樓","	53004906","李芳信","簡志維","簡志維","總經理","王怡云","02-25450185","2011/01/03","2011/01/03",新台幣                 10.0000元,2664229830,266422983,0,0,合併,每年,董事會,"元大證券股份有限公司","02-25865859","臺北市大安區敦化南路2段67號地下一樓","安侯建業聯合會計師事務所","趙敏如","吳佳翰","Y.S.H.","11F., No. 181, Sec. 3, Minquan E. Rd.,Songshan Dist., Taipei City 105, Taiwan","02-25450586","ysh@yungshingroup.com","www.yungshingroup.com","簡志維","總經理","02-25450185","investor@yungshingroup.com","www.yungshingroup.com/category/main.aspx?r=5","http://www.yungshingroup.com/article/articles.aspx?r=100"
"3706","神達控股股份有限公司","神達","電腦及週邊設備業","－","桃園市龜山區文化二路202號","	53677966","苗豐強","何繼武","何繼武","總經理","黃秀玲","(03)328-9000","2013/09/12","2013/09/12",新台幣                 10.0000元,13272124680,1327212468,0,0,合併,每年,董事會,"中國信託商業銀行股份有限公司","(02)6636-5566","台北市重慶南路一段八十三號五樓","資誠聯合會計師事務所","劉倩瑜","李典易","MHC","No. 202, Wenhua 2nd Rd., Guishan Dist., Taoyuan City 333611, Taiwan, R.O.C.Taoyuan City, Taiwan R.O.C","(03)327-6320","stock@mic.com.tw","www.mitac.com","許美惠","總監","(03)3289000","stock@mic.com.tw","https://www.mitac.com/zh-TW/stakeholders/index","https://www.mitac.com/zh-TW/corporate_governance/index"
"3708","上緯國際投資控股股份有限公司","上緯投控","綠能環保","－","南投市東閔路588號","	43238308","蔡朝陽","蔡孝德","洪嘉敏","協理","洪麗敏","049-2255420","2016/08/31","2016/08/31",新台幣                 10.0000元,921053840,92105384,0,0,合併,每半會計年度,董事會,"台新證券股務代理部","02-25048125","台北市建國北路一段96號B1樓","安侯建業聯合會計師事務所","陳燕慧","張字信","Swancor","No. 588, Dongmin Rd.,50466 NANTOU CITY, TAIWAN","049-2251897","swancor@swancor.com","http://www.swancor.com/tw/","洪嘉敏","協理","049-2255420","Min@swancor.com","https://www.swancor.com/tw/csr/stakeholder/3","http://www.swancor.com/tw/"
"3711","日月光投資控股股份有限公司","日月光投控","半導體業","－","高雄市楠梓區經三路26號","	29187308","張虔生","張洪本","吳田玉","營運長","董宏思","07-3617131","2018/04/30","2018/04/30",新台幣                 10.0000元,44608330820,4460833082,0,0,合併,每年,董事會,"統一綜合證券(股)公司","02-27478266","台北市松山區東興路8號地下一樓","勤業眾信聯合會計師事務所","許凱甯","張慈媛","ASEH","26, Chin 3rd Rd., Nanzih Dist.Kaohsiung, 811, Taiwan.","07-3613094","ir@aseglobal.com","www.aseglobal.com","項世傑","投資人關係長","02-66365678","ir@aseglobal.com","https://www.aseglobal.com/ch/csr/stakeholder-engagement/","https://www.aseglobal.com/ch/csr/"
"3712","永崴投資控股股份有限公司","永崴投控","電腦及週邊設備業","－","新北市土城區中央路四段49號","	24813370","郭台強","劉素芳","林坤煌","財務長暨公司治理長","曾譯嫻","22699866","2018/10/01","2018/10/01",新台幣                 10.0000元,2462421460,246242146,0,0,合併,每年,董事會,"福邦證券股份有限公司","23711658","台北市中正區忠孝西路一段６號６樓","資誠聯合會計師事務所","周筱姿","林冠宏","FITH","NO.49, SEC.4, ZHONGYANG RDTU CHENG DIST., NEW TAIPEI CITY TAIWAN","22680738","-","www.fit-holding.com","曾譯嫻","副理","22699866","stakeholders@fit-holding.com","https://www.fit-holding.com/communicate/","https://www.fit-holding.com/governance/#"
"3714","富采控股股份有限公司","富采","光電業","－","新竹市東區自由路67號9樓之1","	83202930","彭&#21452;浪","彭&#21452;浪","王少嵐","協理","蕭仲晃","03-5679000","2021/01/06","2021/01/06",新台幣                 10.0000元,7379404600,737940460,70000000,0,合併,每年,董事會,"台新證券股務代理部","(02)2504-8125","台北市建國北路一段96號地下一樓","資誠聯合會計師事務所","李典易","江采燕","ENNOSTAR","9F.-1, No. 67, Ziyou Rd., East Dist., Hsinchu City  , Taiwan (R.O.C.)Hsinchu 300, Taiwan, R.O.C","03-5779900","ir@Ennostar.com","http://www.ennostar.com","蕭仲晃","處長","03-5679000#339104","ir@Ennostar.com","https://www.ennostar.com/contact","https://www.ennostar.com/governance"
"3715","定穎投資控股股份有限公司","定穎投控","電子零組件業","－","桃園市蘆竹區民權路50號6樓","	90302792","黃銘宏","劉國瑾","劉國瑾","總經理","黃宇萍","03-3493300","2022/08/25","2022/08/25",新台幣                 10.0000元,2835745840,283574584,0,0,合併,每年,董事會,"台新證券股務代理部","02-2504-8125","台北市建國北路一段96號B1","安永聯合會計師事務所","羅筱靖","張志銘","Dynamic Holding","6F., No. 50, Minquan Rd., Luzhu Dist.,Taoyuan City 33846, Taiwan","03-3573300","jean_liu@dynamicpcb.com","https://www.dynaholding.com","劉國瑾","總經理","03-349 3300 #7721","jean_liu@dynamicpcb.com","https://www.dynaholding.com","https://www.dynaholding.com/csr/rule.html"
"3716","中化控股股份有限公司","中化控股","生技醫療業","－","台北市中正區襄陽路二十三號二樓","	00227087","王謝怡貞","王厚凱(執行長)","陳誼芬","處長","黃宜均、林珍岑","02-23124200","2024/09/02","2024/09/02",新台幣                 10.0000元,1497656140,149765614,0,0,合併,每年,股東會,"富邦綜合證券(股)公司股務代理部","02-23611300","台北市中正區許昌街17號11樓","資誠聯合會計師事務所","林柏全","游淑芬","Cenra Inc.","2nd Floor, No. 23, Hsiang Yang Rd.,Taipei, Taiwan, R.O.C.","02-23615143","candy.cheng@cenra.com","https://www.cenra.com/","陳誼芬","公共關係與企業溝通","02-23124200","tiffany.chen@cenra.com","https://www.cenra.com/tw/esg/%E5%88%A9%E5%AE%B3%E9%97%9C%E4%BF%82%E4%BA%BA","https://www.cenra.com/tw/corporate-governance"
"3717","聯嘉光電投資控股股份有限公司","聯嘉投控","汽車工業","－","台北市信義區松仁路89號2樓","	60654582","黃國欣","黃昉鈺","吳俊德","副總經理","林君宙","(037)539000","2025/08/15","2025/08/15",新台幣                 10.0000元,2078454450,207845445,0,0,合併,每年,董事會,"國票綜合證券股務代理部","(02)2528-8988","臺北市松山區南京東路五段188號15樓","勤業眾信聯合會計師事務所","陳明煇","張雅芸","EOI Holding","2 F., No. 89, Songren Rd., Xinyi Dist.Taipei City , Taiwan (R.O.C.)","(037)585566","ir@eoi.com.tw","www.eoi.com.tw","林君宙","財務長","(037)539000","ir@eoi.com.tw","www.eoi.com.tw","http://www.eoi.com.tw/Investor/INVESTOR_Contents"
"4104","佳醫健康事業股份有限公司","佳醫","生技醫療業","－","新北市中和區中正路880號17樓","	22854522","傅輝東","張明正","張明正","總經理","周臣孝","02-22251888","1988/03/15","2007/12/31",新台幣                 10.0000元,1883674560,188367456,0,0,合併,每年,董事會,"統一綜合證券股份有限公司","02-27463797","台北市松山區東興路8號地下一樓","安侯建業聯合會計師事務所","郭柔蘭","陳俊光","EXCELSIOR 　","(235)17F., No.880, Jhongjheng Rd.,Jhonghe Dist., New Taipei City, Taiwan","02-22212488","stock@excelsior.com.tw","www.excelsiormedical.com.tw","張明正","總經理","22251888#8883","stock@excelsior.com.tw","https://reurl.cc/XmmZgD","https://ppt.cc/fNVDzx"
"4106","雃博股份有限公司","雃博","生技醫療業","－","新北巿土城區民生街九號","	23632773","雅勝 代表人:李永川","李文德","李文德","總經理","陳世和","(02)22685568","1990/03/17","2004/11/08",新台幣                 10.0000元,1009115570,100911557,0,0,合併,每年,董事會,"台新綜合證券(股)公司股務代理部","(02)2504-8125","台北市中山區建國北路1段96號地下1樓","安侯建業聯合會計師事務所","寇惠植","張肇文","WELLELL","No. 9, Min Sheng St.　　Tu-Cheng, New Taipi City, Taiwan R.O.C.","(02)22689521","IR@wellell.com","https://tw.wellell.com/zh-tw","陳世和","財會處協理","(02)22685568","IR@wellell.com","https://tw.wellell.com/zh-tw/esg-area/materiality","https://tw.wellell.com/zh-tw/investor-area/c154ea0d2b17419caba9d7122530d577"
"4108","懷特生技新藥股份有限公司","懷特","生技醫療業","－","台北市復興北路167號5樓之1","	16766281","李伊俐","李伊伶","黃智圓","財會主管","倪浩倫","02-25453697","1998/11/24","2008/07/16",新台幣                 10.0000元,1986188790,198618879,12861429,0,合併,每年,股東會,"福邦證券股份有限公司","02-2371-1658","台北市中正區忠孝西路一段６號６樓","安永聯合會計師事務所","王彥鈞","余倩如","PhytoHealth","FL.5-1,NO.167, FU HSING N. RD.TAIPEI,TAIWAN.R.O.C.","02-25140245","Sandy.huang@phytohealth.com.tw","www.phytohealth.com.tw","黃智圓","財會主管","02-25453697","Sandy.huang@phytohealth.com.tw","https://www.phytohealth.com.tw/tw/stakeholders/detail","https://www.phytohealth.com.tw/tw/directors/detail"
"4119","旭富製藥科技股份有限公司","旭富","生技醫療業","－","桃園市蘆竹區濱海里13鄰海湖北路309巷61號","	22662545","翁維駿","周文智","楊文禎","財務行政處副總經理","郭蓮琪","03-3543133","1987/09/18","2004/01/07",新台幣                 10.0000元,1195086340,119508634,0,0,合併,每年,股東會,"宏遠證券股份有限公司","02-23268818","台北市信義路4段236號3樓","安侯建業聯合會計師事務所","郭冠纓","辛郁婷","SCI","No.61, Ln. 309, Haihu N. Rd., Luzhu Dist.,Taoyuan City ,Taiwan 33856","03-3543483","lisa.kuo@sci-pharmtech.com.tw","www.sci-pharmtech.com.tw","楊文禎","財務行政處副總經理","03-3543133","deiter@sci-pharmtech.com.tw","http://www.sci-pharmtech.com.tw/csr/cmp.html","https://www.sci-pharmtech.com.tw/csr-cate-a"
"4133","亞諾法生技股份有限公司","亞諾法","生技醫療業","－","台北市內湖區洲子街108號9樓","	12974421","黃韋伯","紀姵如","紀姵如","總經理","董怡伶","(02)8751-1888","2002/01/04","2009/12/28",新台幣                 10.0000元,605535940,60553594,0,0,合併,每年,董事會,"凱基證券股份有限公司","23892999","台北市重慶南路1段2號5樓","安侯建業聯合會計師事務所","許淑敏","江曉苓","Abnova","9F, NO.108, Jhouzih St, NeihuTaipei Taiwan","(02)8751-1166","ir@abnova.com.tw","http://www.abnova.com","董怡伶","董事長室特助","(02)8751-1888","ir@abnova.com.tw","https://www.abnova.com/zh-tw/html/milestone","https://www.abnova.com/zh-tw/download/policy-principles"
"4137","麗豐股份有限公司","麗豐-KY","生技醫療業","KY","台北市信義區松仁路107號10樓","	38488868","趙承佑","趙承佑","葉建志","財務長","馬恩絲","886227238666","2012/07/03","2013/11/27",新台幣                 10.0000元,824923500,82492350,0,0,合併,每季,股東會,"富邦綜合證券(股)公司股務代理部","(02)2361-1300","台北市中正區許昌街17號11樓","資誠聯合會計師事務所","謝瑋莉","王菘澤","CHLITINA-KY","10F., No.107, Songren Rd., Xinyi Dist.,Taipei City 11073, Taiwan (R.O.C.)","886287580369","stock@chlitina.com.tw","http://www.chlitinaholding.com/","葉建志","財務長","886227238666","ir@chlitinaholding.com","http://www.chlitinaholding.com/","http://www.chlitinaholding.com/"
"4142","國光生物科技股份有限公司","國光生","生技醫療業","－","427台中市潭子區潭興路一段3號","	33259508","詹啟賢","詹啟賢","潘飛","法務長","洪岳鵬","(04)25381220","1965/12/22","2012/05/03",新台幣                 10.0000元,4295077500,429507750,0,0,合併,每年,股東會,"中國信託商業銀行 代理部","(02)6636-5566","100003台北市重慶南路一段83號5樓","資誠聯合會計師事務所","徐建業","賴志維","ADIM","No.3, Sec. 1, Tanxing Rd., Tanzi TownshipTaichung County 427, Taiwan","(04)25382105","biz@adimmune.com.tw","http://www.adimmune.com.tw/","潘飛","法務長","02-27093833*5204","PeterFei_Pan@adimmune.com.tw","http://www.adimmune.com.tw/investors.php?catID=11","https://www.adimmune.com.tw/tw/investor/corporate"
"4148","全宇生技控股有限公司","全宇生技-KY","生技醫療業","KY","台北市松山區復興北路181號7樓之4(訴訟及非訟代理人聯絡處)","	42527358","彭士豪","彭士豪","石景薇","財務長","石景薇","(02)2712-0685","2010/03/26","2017/06/08",新台幣                 10.0000元,672357010,67235701,0,0,合併,每半會計年度,董事會,"永豐金證券股份有限公司","(02)2381-6288","臺北巿中正區博愛路 17 號3 樓","勤業眾信聯合會計師事務所","虞成全","梁盛泰","ACBT","One Nexus Way, Camana Bay, Grand Cayman KY1-9005, Cayman IslandsCayman Islands","(02)2712-0695","acbtspeaker@allcosmos.com","www.allcosmos.com","劉心怡","經理","(02)2712-0685","ir@allcosmos.com","www.allcosmos.com","https://www.allcosmos.com/zh-tw/ir/ir-corporate-governance/major-internal-policies-main"
"4155","訊映光電股份有限公司","訊映","生技醫療業","－","300新竹市公道五路二段91號","	27453928","賴家德","賴家德","侯奇政","財會主管","劉祐慈","03-5160258","2004/09/27","2017/12/05",新台幣                 10.0000元,1448141640,144814164,0,0,合併,每年,董事會,"富邦綜合證券股份有限公司","02-2361-1300","台北市100中正區許昌街十七號11樓","資誠聯合會計師事務所","蔣承翰","謝智政","OK BIOTECH","No. 91, Sec. 2, Gongdao 5th Rd., Hsinchu City 30070, Taiwan(ROC)Hsin-Chu, Taiwan","03-5160028","stevenho@okbiotech.com","http://www.okbiotech.com","侯奇政","財會主管","03-5160258分機339","stevenho@okbiotech.com","?L","https://www.okbiotech.com/zh-tw/"
"4164","承業生醫投資控股股份有限公司","承業醫","生技醫療業","－","台北市內湖區行愛路88號","	24483414","李典穎","李明倫","李明倫","總經理","陳怡君","02-66081999","2009/11/27","2012/10/24",新台幣                 10.0000元,1953109890,195310989,4722000,0,合併,每年,董事會,"中國信託商業銀行代理部","02-66365566","台北市中正區重慶南路一段83號5樓","資誠聯合會計師事務所","顏裕芳","鄧聖偉","CHC","No. 88, Xing’ai Rd., Neihu Dist.Taipei, Taiwan, R.O.C.","02-66087766","IR@chcg.com","www.chcg.com","郭玶華","副理","02-66199989","ir@chcg.com","www.chcg.com/stakeholders-interaction-operation/","https://www.chcg.com/board-of-directors/"
"4169","泰宗生物科技股份有限公司","泰宗","生技醫療業","－","(221)新北市汐止區新台五路一段97號24樓之8","	16307131","徐煥清","王雅俊","王雅俊","總經理","魏秀銘","02-26972628","1998/02/20","2026/04/08",新台幣                 10.0000元,664316120,66431612,0,0,合併,每年,董事會,"中國信託商業銀行代理部","02-66365566","台北市中正區重慶南路一段83號5樓","資誠聯合會計師事務所","阮呂曼玉","馮敏娟","TCM","24F-8, No.97, Sec. 1, Xintai 5th Rd., Xizhi DistNew Taipei City , Taiwan (R.O.C.)","02-26972772","4169@tcmbio.com","http://www.tcmbio.com/","雷喬雯","股務","02-26972628","4169@tcmbio.com","http://www.tcmbio.com/tw/#!/investor/inv4/","－"
"4178","永笙生技股份有限公司","永笙-KY","生技醫療業","KY","PO Box 309,Ugland House,Grand Cayman KY1-1104","	60085392","王嘉宗","李冬陽","李冬陽","總經理兼執行長","陳怡儒","(02)2601-3013","2013/06/26","2026/04/30",新台幣                 10.0000元,2158669810,215866981,0,0,合併,每年,股東會,"兆豐證券股份有限公司","(02)3393-0898","臺北市中正區忠孝東路2段95號1樓","勤業眾信會計師事務所","鄭欽宗","邱盟捷","StemCyte","Rm. 2, 9F., No. 508, Sec. 7, Zhongxiao E. Rd., Nangang Dist.,Taipei City 115, Taiwan (R.O.C.)","(02)2653-9967","investors@stemcytebio.com","https://stemcytebio.com/","陳怡儒","財務長暨公司治理主管","(02)2601-3013","investors@stemcytebio.com","https://stemcytebio.com/esg/stakeholder/","https://stemcytebio.com/investors/corporate-governance-structure/"
"4190","佐登妮絲集團股份有限公司","佐登-KY","生技醫療業","KY","Oleander Way, 802 West Bay Road, P.O.Box 32052, Grand Cayman","	47423851","陳正雄","陳佳琦","陳佳琦","集團總經理","程小慧","04-22922999","2010/06/21","2015/10/21",新台幣                 10.0000元,614441120,61444112,0,0,合併,每年,董事會,"永豐金證券股份有限公司","02-23816288","台北市中正區博愛路17號3F","勤業眾信聯合會計師事務所","劉怡青","黃秀椿","JDS","NO.816, Sec. 1 Zhongqing Rd., North Dist.,Taichung City 404, Taiwan","04-22922907","investor@jourdeness.com.tw","https://www.jourdeness.com","程小慧","財務長","04-22922999","investor@jourdeness.com.tw","https://www.jourdeness.com","https://www.jourdeness.com"
"4195","基龍米克斯生物科技股份有限公司","基米-創","生技醫療業","－","新北市汐止區新台五路一段100號14樓","	12953452","周孟賢","江俊奇","江俊奇","總經理","許嘉如","2696-1658","2001/10/16","2026/05/11",新台幣                 10.0000元,724480570,72448057,0,0,合併,每年,董事會,"統一綜合證券股務代理部","02-2746-3797","台北市松山區東興路8號地下室一樓","勤業眾信聯合會計師事務所","虞成全","洪偉倫","Genomics","14F.,No.100,Sec.1,Xintai 5th Rd.,Xizhi Dist.,New Taipei City 221 .Taipei Taiwan","2696-1589","ir@genomics.com.tw","www.genomics.com.tw","張佐維","財務長","2696-1658","ir@genomics.com.tw","www.genomics.com.tw","－"
"4306","炎洲股份有限公司","炎洲","塑膠工業","－","臺北市內湖區行善路397號7樓","	35894259","李書緯","李其政","張詠傑","財務處處長","黃敏萱","02-81706199","1978/03/07","2008/01/21",新台幣                 10.0000元,6767572160,676757216,0,0,合併,每年,董事會,"台新證券股務代理部","02-25048125","台北市建國北路一段96號地下一樓","資誠聯合會計師事務所","林一帆","陳晉昌","YC","7F., No.397, Xingshan Rd., Neihu Dist., Taipei City 11469, TaiwanTaipei City , Taiwan, R.O.C.","02-87921311","anna87176@ycgroup.tw","https://www.ycgroup.tw/","林詠詩","高級專員","02-81706199","tiffany@achem.ycgroup.tw","http://www.ycgroup.tw/contact.php","https://www.ycgroup.tw/esg03_1.php"
"4414","如興股份有限公司","如興","紡織纖維","－","台北市松山區復興北路57號13樓之4","	49744324","紀宗明","James Ian Harrison","許益瑞","執行副總經理","郭晏伶","02-27513111","1977/11/23","2004/09/06",新台幣                 10.0000元,2637957730,263795773,50156488,0,合併,每年,股東會,"福邦證券股份有限公司","02-2371-1658","台北市中正區忠孝西路一段6號6樓","信永中和聯合會計師事務所","陳光慧","郭鎮宇","ROO HSING","4-13TH FLOOR, NO.57, FUXING NORTH ROAD,SONGSHAN DISTRICT, TAIPEI CITY, TAIWAN","02-27405567","ir@tw.roohsing.com","http://www.roohsing.com.tw","許益瑞","執行副總經理","02-27513111","ir@tw.roohsing.com","http://www.roohsing.com.tw/zh-tw/shareholder_interested_parties.php","https://www.roohsing.com.tw/zh-tw/corporate_board_directors.php"
"4426","利勤實業股份有限公司","利勤","紡織纖維","－","雲林縣斗六市斗工十二路5號","	16229261","洪文耀","待補","簡瑋倫","資深經理","張晏滋","05-5571010","1997/09/26","2011/12/16",新台幣                 10.0000元,1726771980,172677198,0,0,合併,每年,股東會,"台新證券股務代理部","02-25048125","台北市建國北路一段96號B1樓","安侯建業聯合會計師事務所","劉振興","陳政學","LI CHENG","NO5.DOU-KUNG 12 ROADDOU-LIU CITY,YUN-LIN HSIEN,TAIWAN R.O.C","05-5576202","ir@li-cheng.com.tw","http://www.li-cheng.com.tw","簡瑋倫","資深經理","05-5571010","ir@li-cheng.com.tw","http://www.li-cheng.com.tw","http://www.li-cheng.com.tw"
"4438","廣越企業股份有限公司","廣越","紡織纖維","－","台北市內湖區瑞光路607號6樓","	89620361","吳朝筆","唐湘梅","彭昶惟","財務長","林佑庭","(02)2798-9169","1995/10/30","2016/10/18",新台幣                 10.0000元,1134254550,113425455,0,0,合併,每年,股東會,"凱基證券股份有限公司股務代理部","(02)2389-2999","台北市中正區重慶南路1段2號5樓","勤業眾信聯合會計師事務所","謝明忠","黃毅民","QVE","6F.,No.607,Ruiguang Rd.,Neihu Dist.Taipei City 11492,Taiwan R.O.C","(02)2798-8386","ir@qve.com.tw","http://www.qve.com.tw","林佑庭","經理","(02)2798-9169 #307","ir@qve.com.tw","http://www.qve.com.tw/investor/governanceStakeholder/Default.aspx","https://www.qve.com.tw/investor/evaluationzone/Default.aspx"
"4439","冠星集團控股有限公司","冠星-KY","紡織纖維","KY","臺北市中山區南京東路2段178號7樓(台灣分公司)","	76545523","興茂集團控股有限公司(代表人:林錦茂)","林經偉","林經偉","總經理","洪享民","02-25079938","2013/05/21","2019/12/05",新台幣                 10.0000元,381151630,38115163,0,0,合併,每年,股東會,"中國信託商業銀行股務代理部","02-6636-5566","台北市中正區重慶南路一段八十三號五樓","資誠聯合會計師事務所","阮呂曼玉","林柏全","TST Group","7F., No. 178, Sec. 2, Nanjing E. Rd., Zhongshan Dist.Taipei City 104, Taiwan (R.O.C.)","02-55591818","IR@tstco.com","http://www.tstco.com.hk","林經偉","總經理","02-25079938","IR@tstco.com","https://www.tstco.com.hk/Channel_for_Communication_with_Stakeholders_and_Their_Operation_Status.html","https://www.tstco.com.hk/Organization.html"
"4440","宜新實業股份有限公司","宜新實業","紡織纖維","－","台北巿內湖區瑞光路268號11樓","	54332940","詹正田","翁茂誠","陳淑慧","會計副理","黃肇欽","02-26576158","2013/06/21","2021/10/25",新台幣                 10.0000元,675980000,67598000,0,0,個別,每年,董事會,"褔邦證券股份有限公司","02-2383-6888","10041北市中正區忠孝西路1段6號6樓","安侯建業聯合會計師事務所","潘俊名","鄒依芸","Yi Shin","11F., No268, Ruiguang Rd. Neihu Dist.Taipei City 114, Taiwan","02-26575969","ysspkman@yishin-textile.com.tw","http://www.yishin-textile.com.tw","陳淑慧","會計副理","02-26576158","ysspkman@yishin-textile.com.tw","http://www.yishin-textile.com.tw","https://www.yishin-textile.com.tw/zh-tw/interested-parties3"
"4441","振大環球股份有限公司","振大環球","紡織纖維","－","台北市松山區復興北路73 號4 樓","	86010365","許公任","李炤賢","李哲宇","策略長","劉文忠","02-2721-7588","1991/02/21","2025/09/09",新台幣                 10.0000元,681755780,68175578,0,0,合併,每年,董事會,"褔邦證券股份有限公司","02-2371-1658","台北市中正區忠孝西路1 段6 號6 樓","安侯建業聯合會計師事務所","楊樹芝","林恒昇","GGF","4F., No. 73, Fuxing N. Rd., Songshan Dist.Taipei City , Taiwan (R.O.C.)","02-2740-2379","ir@greatg.com.tw","https://www.greatg.com.tw","陳嬿茹","財會處 經理","02-2721-7580","ir@greatg.com.tw","https://www.greatg.com.tw","－"
"4526","東台精機股份有限公司","東台","電機機械","－","高雄市路竹區路科三路三號","	88120872","嚴瑞雄","嚴瑞雄","嚴璐","副總","嚴琳","07-9761588","1969/01/09","2003/09/15",新台幣                 10.0000元,2548264610,254826461,0,0,合併,每年,股東會,"台新綜合證券股份有限公司","02-25048125","台北市中山區建國北路一段96號B1","勤業眾信聯合會計師事務所","劉裕祥","郭麗園","TONGTAI","NO.3,LUKE 3RD., KAOHSIUNG SCIENCE PARK, LUZHU DISTKAOHSIUNG CITY,82151,TAIWAN,R.O.C","07-9761591","tongtai-group@tongtai.com.tw","http://www.tongtai.com.tw/","郭珮甄","經理","07-9761588","ir@tongtai.com.tw","http://www.tongtai.com.tw/tw/stakeholder.php","https://www.tongtai.com.tw/tw/7.4.1.php"
"4532","瑞智精密股份有限公司","瑞智","電機機械","－","桃園市觀音區成功路二段943號","	23603284","陳盛沺","馮明法","柯志成","副總經理","余中原","(03)4837201","1989/12/19","2003/08/04",新台幣                 10.0000元,4948951050,494895105,0,0,合併,每年,董事會,"元大證券股份有限公司股務代理部","(02)25865859","台北市大安區敦化南路2段67號地下一樓","勤業眾信聯合會計師事務所","張青霞","劉明賢","RECHI","No. 943,Cheng Kung Rd.,Sec.2,Guanyin Dist,Taoyuan City,Taiwan,R.O.C","(03)4839794","financial@rechi.com","www.rechi.com","柯志成","副總經理","(03)4837201-171","justin@rechi.com","https://www.rechi.com/Stakeholder/connection","https://www.rechi.com/IR/managecompany_8"
"4536","拓凱實業股份有限公司","拓凱","運動休閒","－","(421)臺中市后里區廣福里星科路18號","	52590175","沈文振","沈貝倪","鄒國泰","發言人","張秋森","04-23591229","1980/07/11","2013/10/09",新台幣                 10.0000元,908200000,90820000,0,0,合併,每半會計年度,董事會,"永豐金證券股份有限公司","02-23816288","臺北市博愛路17號3樓","勤業眾信聯合會計師事務所","蘇定堅","吳少君","TOPKEY","No. 18, Xingke Rd.,  Houli Dist.,Taichung City , Taiwan (R.O.C.)","04-23593778","zoe@topkey.com.tw","http://www.topkey.com.tw","鄒國泰","發言人","04-23591229 #2170","benny@topkey.com.tw","http://www.topkey.com.tw/www/_chinese/10_responsibility/01_detail.php?pid=6","http://www.topkey.com.tw/www/_chinese/04_ir/01_detail_04_01.php"
"4540","全球傳動科技股份有限公司","全球傳動","電機機械","－","新北市樹林區三多路123號","	29168533","李清崑","李進勝","江文隆","經營管理中心協理","沈新鎧","(02)2689-2689","2010/07/09","2018/08/15",新台幣                 10.0000元,1151867240,115186724,0,0,合併,每年,股東會,"第一金證券股份有限公司","(02)2563-5711","台北市大安區安和路一段27號六樓","勤業眾信聯合會計師事務所","陳致源","李東峰","TBI MOTION","No.123, Sanduo Rd., Shulin Dist.,New Taipei City 238, Taiwan (R.O.C.)","(02)2689-2513","tbimotion_IR@tbimotion.com.tw","www.tbimotion.com.tw","江文隆","經營管理中心協理","(02)2689-2689","tbimotion_IR@tbimotion.com.tw","www.tbimotion.com.tw","https://www.tbimotion.com.tw/investors/investors-03"
"4545","銘鈺精密工業股份有限公司","銘鈺","電子零組件業","－","桃園市觀音區國瑞路2號","	12738623","謝錦興","方光義","蕭佳伶","財務主管","詹致齊","(03)438-9966","2001/01/18","2016/01/06",新台幣                 10.0000元,770000000,77000000,0,0,合併,每年,股東會,"台新證券股務代理部","(02)2504-8125","台北市建國北路一段96號地下一樓","安侯建業聯合會計師事務所","蔡孟娟","鄭安志","MAP","No.2, Guorui Rd.,Guanyin Dist.,Taoyuan City 328, Taiwan  R.O.C.","(03)438-9726","Investor@mapi.com.tw","https://www.mapi.com.tw","蕭佳伶","財務主管","(03)438-9966","Investor@mapi.com.tw","https://www.mapi.com.tw","https://www.mapi.com.tw/zh-Hant/investor/manage#anchor-1"
"4551","智伸科技股份有限公司","智伸科","汽車工業","－","新北市汐止區新台五路一段102號16樓","	22363342","六方精機股份有限公司","林慈青","林慈青","總經理","趙坤信","(02)2696-2060","1987/02/18","2015/08/10",新台幣                 10.0000元,1152224980,115222498,0,0,合併,每年,董事會,"永豐金證券股務代理部","(02)2381-6288","台北市博愛路17號3樓","勤業眾信聯合會計師事務所","薛峻泯","郭乃華","GLOBAL PMX","16F, No.102, Sec. 1, Xintai 5th Rd., Xizhi Dist.,New Taipei City 221, Taiwan (R.O.C)","(02)2696-2202","maggie_lin@global.com.tw","http://www.global.com.tw","林慈青","總經理","(02)26962060#260","maggie_lin@global.com.tw","http://www.global.com.tw","https://www.global.com.tw/corp-gov/"
"4552","力達控股有限公司","力達-KY","電機機械","KY","台北市大安區忠孝東路四段270號17樓","	51016510","吳建能","陳乙平","陳乙平","總經理","黃孕祥","(02)2732-8616","2012/05/11","2016/07/20",新台幣                 10.0000元,1160000000,116000000,0,0,合併,每年,股東會,"凱基證券股份有限公司股務代理部","02-23892999","臺北市重慶南路一段2號5樓","安侯建業聯合會計師事務所","吳政諺","陳奕任","Lida","17F.,No.270,Sec.4,Zhongxiao E.Rd.,Da’an Dist., Taipei CityTaipei City , Taiwan (R.O.C.)","0","fin15@lida-compressors.com","www.lidaholdings.com","黃孕祥","財務長","02-2732-8616","fin15@lida-compressors.com","www.lidaholdings.com","－"
"4555","台灣氣立股份有限公司","氣立","電機機械","－","新北市泰山區貴鳳街21 號","	22301178","游平政","游平政","蘇志安","財務主管","無","(02)29041235","1986/11/19","2015/10/27",新台幣                 10.0000元,699876530,69987653,0,0,合併,每年,董事會,"富邦綜合證券股份有限公司","(02)23611300","台北市許昌街17號11樓","勤業眾信聯合會計師事務所","虞成全","劉力維","CHELIC","No. 21, GUIFENG ST., TAISHAN DISTNEW TAIPEI CITY 24355, TAIWAN","(02)29068203","chelic_stock@chelic.com","https://www.chelic.com/","蘇志安","財務主管","(02)2904-1235 #1309","chelic_stock@chelic.com","https://www.chelic.com/","https://www.chelic.com/zh-TW/Investors/CorpGov"
"4557","永新控股股份有限公司","永新-KY","汽車工業","KY","嘉義市吳鳳北路381號5樓","	42323896","紀經得","許耀仁","張原智","財務長","陳佳成","05-2788687","2011/02/14","2015/10/12",新台幣                 10.0000元,479718400,47971840,0,0,合併,每年,股東會,"兆豐證券股份有限公司股務代理部","02-33930898","台北市忠孝東路二段95號1樓","資誠聯合會計師事務所","林瑟凱","梁益彰","Yusin","5th Floor, No.381, Wufong N. Rd.Chiayi City, Taiwan (R.O.C.)","05-2789699","ir@yusin.com","www.yusin.com","張原智","財務長","05-2788687#213","ir@yusin.com","www.yusin.com","https://esg.twse.com.tw"
"4560","強信機械科技股份有限公司","強信-KY","電機機械","KY","桃園市龜山區建國東路89號","	50721361","綦秉信","綦秉信","綦秉信","總經理","陳文玲","(03)3198016","2014/10/31","2017/05/26",新台幣                 10.0000元,680972400,68097240,0,0,合併,每年,股東會,"富邦綜合證券股務代理部","(02)23611300","台北市中正區許昌街17號11樓","勤業眾信聯合會計師事務所","莊文源","楊靜婷","STRONG H","No.89,Jianguo E.Rd., Guishan DistTsoyuan City, Taiwan","(03)3198013","IR@strongh.cn","https://www.strongh.tw","陳文玲","代理發言人","(03)3198016","IR@strongh.cn","https://www.strongh.tw/view/investor/Investor-5.jsp","https://www.strongh.tw/view/investor/Investor-4-1.jsp"
"4562","穎漢科技股份有限公司","穎漢","電機機械","－","台南市安南區科技一路50號","	28919500","胡炳昆","胡峻嘉","黃國章","財務長","陳雅芬","(06)3843188","2008/01/24","2017/08/21",新台幣                 10.0000元,875460000,87546000,0,0,合併,每年,股東會,"台新證券股務代理部","(02)25048125","台北市建國北路一段96號B1","勤業眾信聯合會計師事務所","吳長駿","廖鴻儒","YHT","No.50,Keji 1st Rd.,Annan District 709Tainan city,Taiwan R.O.C.","(06)3843208","ylm.de@ylm.com.tw","http://www.ylm.com.tw","黃國章","財務長","(06)3843188","alan@ylm.com.tw","http://www.ylm.com.tw","https://www.ylm.com.tw/zh-TW/page/corporate-governance.html"
"4564","元翎精密工業股份有限公司","元翎","電機機械","－","雲林縣虎尾鎮科虎三路18號","	23019109","王德鑫","王德鑫","莊惠萍","財務運籌處協理","謝春香","05-6361867","1988/07/11","2019/03/07",新台幣                 10.0000元,2327883030,232788303,0,0,合併,每年,董事會,"福邦證券股份有限公司","02-2371-1658","台北市中正區忠孝西路一段6號6樓","勤業眾信聯合會計師事務所","吳麗冬","蔣淑菁","MOSA","NO.18, KEHU 3RD RD., HUWEI TOWNSHIPYUNLIN COUNTY 63247, TAIWAN (R.O.C.)","05-6314668","finance@mosatw.com","https://www.twmosa.com/tw","莊惠萍","財務運籌處協理","05-6361867","erica.chuang@mosatw.com","https://www.twmosa.com/tw/stakeholders-page239","https://www.twmosa.com/tw/esg"
"4566","時碩工業股份有限公司","時碩工業","電機機械","－","新北市汐止區新台五路一段94號15樓","	24262159","劉祖英","黃亞興","林宜正","特別助理","黃亞興","(02)2696-3988","2008/11/07","2018/02/05",新台幣                 10.0000元,1099547420,109954742,0,0,合併,每年,董事會,"凱基證券股份有限公司","(02)2389-2999","台北市重慶南路一段2號5樓","安永聯合會計師事務所","鄭清標","傅文芳","GLOBAL TEK","Building C, 15F., No.94, Sec. 1, Xintai 5th Rd., Xizhi Dist.,New Taipei City 221, Taiwan (R.O.C.)","(02)2696-3989","IR@globaltekww.com","https://www.globaltekww.com","林宜正","特別助理","0966-631828","IR@globaltekww.com","https://www.globaltekww.com","https://www.globaltekww.com/investment/company-governance/"
"4569","六方科技股份有限公司","六方科-KY","汽車工業","KY","臺北市信義區基隆路2段189號4樓之2","	93107034","盧經緯","葛仲林","王威能","財務長暨公司治理主管","盧經緯","02-2732-1635","2020/01/20","2023/07/31",新台幣                 10.0000元,306000000,30600000,0,0,合併,每年,董事會,"宏遠證券股份有限公司","02-2326-8818","台北市信義路4段236號3樓","安侯建業聯合會計師事務所","王怡文","郭冠纓","Sixxon","4F-2, No. 189, Sec. 2, Keelung Rd., Xinyi Dist.Taipei City , Taiwan","02-2732-1635","investor@thaixon.co.th","www.sixxontech.com","王威能","財務長暨公司治理主管","02-2732-1635","investor@thaixon.co.th","https://sixxontech.com/zh-hant/§????H???Y/","https://sixxontech.com/zh-hant/???q?v?z/"
"4571","鈞興機電國際股份有限公司","鈞興-KY","電機機械","KY","台北市大安區信義路三段106號4樓之3","	85282254","國興環球有限公司(代表人：高國興)","杜春輝","張朝文","財務長","陳國剛","02-27034571","2014/04/30","2019/09/17",新台幣                 10.0000元,530171150,53017115,0,0,合併,每年,股東會,"永豐金證券股份有限公司","02-23816288","台北市博愛路17號3樓","勤業眾信聯合會計師事務所","蔡侑玲","陳俊宏","KHGEARS","4F-3, No.106, Sec. 3, Xinyi Rd., Da'an Dist.,Taipei City, Taiwan(R.O.C.)","02-27034571","ir@khgears.com","http://www.khgears.com/ft/index.php","張朝文","財務長","0988457199","ir@khgears.com","http://www.khgears.com/ft/lihai.php","http://www.khgears.com/ft/gongsi.php"
"4572","駐龍精密機械股份有限公司","駐龍","電機機械","－","高雄市仁武區八德二路166號","	23830154","王昆生","陳玄益","李汶育","財務主管","潘正豐","07-3101000","1990/08/08","2019/09/10",新台幣                 10.0000元,400000000,40000000,0,0,合併,每年,董事會,"台新證券股務代理部","02-25048125","台北市中山區建國北路一段96號B1","資誠聯合會計師事務所","王駿凱","廖阿甚","DPI","166, Bade 2nd Rd., Renwu DistrictKaohsiung City, Taiwan 814","07-3108026","ir@drewloong.com.tw","http://www.drewloong.com.tw","李汶育","財務主管","(07)310-8027","ir@drewloong.com.tw","http://www.drewloong.com.tw/?p=273","https://www.drewloong.com.tw/?p=2994"
"4576","大銀微系統股份有限公司","大銀微系統","電機機械","－","台中市南屯區春社里精科中路6號","	97413843","卓秀瑜","絲國一","蔡弘毅","經理","游凱勝","04-23550110","1997/04/01","2019/09/04",新台幣                 10.0000元,1198018480,119801848,0,0,合併,每年,董事會,"元大證券股份有限公司","02-25865859","臺北市大安區敦化南路2段67號地下一樓","勤業眾信聯合會計師事務所","蘇定堅","顏曉芳","HMC","No.6, Jingke Central Rd., Chuen She Village, Nantun Dist,Taichung, Taiwan","04-23550123","investor@hiwinmikro.tw","http://www.hiwinmikro.tw","蔡弘毅","經理","04-23550110#9276","investor@hiwinmikro.tw","http://www.hiwinmikro.tw","https://www.hiwinmikro.tw/zh/investor/corporate"
"4581","World Known MFG(Cayman)Limited","光隆精密-KY","汽車工業","KY","台中市大雅區雅潭路三段470號","	87027821","呂皇甫","黃雨亭","邱柏凱","業務經理","陳威成","886-425677958","2015/11/19","2020/03/09",新台幣                 10.0000元,338990000,33899000,0,0,合併,每年,股東會,"富邦證券股務代理部","02-2361-1300","台北市100中正區許昌街17號11樓","安侯建業聯合會計師事務所","陳燕慧","郭士華","WKG","No. 470, Sec. 3, Yatan Rd., Daya Dist.,Taichung City 428, Taiwan (R.O.C.)","886-425677929","wkg4581@wkgroup.com","www.wkgroup.com","余聖芬","財務長","04-25677958#8981","wkg4581@wkgroup.com","https://www.wkgroup.com/tw/csr/stakeholders","https://www.wkgroup.com/tw/board-of-directors-functional-committee"
"4582","聚恆科技股份有限公司","聚恆-創","綠能環保","－","臺南市永康區永科環路168號","	16452612","周恒豪","周曉艷","周曉艷","總經理","周恒守","06-2022202","1998/04/16","2026/05/22",新台幣                 10.0000元,666000000,66600000,0,0,合併,每年,董事會,"統一證券股務代理部","02-27463797","臺北市松山區東興路8號B1樓","資誠聯合會計師事務所","田中玉","徐惠榆","HENGS","No.168, Yongkehuan Rd., Yongkang Dist.,Tainan City 71041, Taiwan (R.O.C.)","06-2012520","angel13@hengs.com","https://www.hengs.com","蘇羽心","副理","06-2022202","ir@hengs.com","https://www.hengs.com/stakeholder.html","－"
"4583","台灣精銳科技股份有限公司","台灣精銳","電機機械","－","台中市西屯區科園三路 10 號","	70647919","張重興","郭崇哲","郭崇哲","總經理","洪&#32137;敏","04-24650219","1999/10/26","2022/05/09",新台幣                 10.0000元,801713510,80171351,0,0,合併,每年,董事會,"兆豐證券(股)公司股務代理本部","02-33930898","台北巿忠孝東路二段95號1樓","安侯建業聯合會計師事務所","陳燕慧","張字信","APEXDYNA","No.10, Keyuan 3rd Road, Situn DistrictTaichung City, Taiwan (R.O.C)","04-24650923","spokesman@apexdyna.com","https://www.apexdyna.com","郭崇哲","總經理","04-24650219","spokesman@apexdyna.com","https://www.apexdyna.com","www.apexdyna.com/zh/sup_investors.aspx?link=CorpGovernanc"
"4585","達明機器人股份有限公司","達明","其他電子業","－","桃園市龜山區華亞二路58-2號5樓","	42643271","何世池","陳尚昊","王偉霖","財務長","王若喬","03-3288350","2015/09/18","2025/09/26",新台幣                 10.0000元,1046090000,104609000,0,0,合併,每年,董事會,"中國信託銀行代理部","02-66365566","台北市重慶南路一段83號5樓","安侯建業聯合會計師事務所","連淑凌","陳宜君","TRI","5F.NO.58-2, Huaya 2nd Rd., Guishan Dist.,Taoyuan City 33383, Taiwan,R.O.C.　","03-327-7220","ir@tm-robot.com","www.tm-robot.com","王偉霖","財務長","03-3288350","ir@tm-robot.com","www.tm-robot.com","－"
"4588","玖鼎電力資訊股份有限公司","玖鼎電力","其他電子業","－","新竹科學園區新竹縣寶山鄉工業東九路3-2號4樓","	27736932","陳展鵠","曾文良","曾文良","總經理","方世雄","03-5631359","2005/06/15","2024/01/29",新台幣                 10.0000元,429850000,42985000,0,0,個別,每年,股東會,"富邦綜合證券(股)公司股務代理部","02-23611300","台北市中正區許昌街17號11樓","資誠聯合會計師事務所","江采燕","謝智政","Arch Meter","4F, No.3-2, Indusitry E. Rd.,9 Hsinchu Science Park,Hsinchu, Taiwan 300096","03-5631663","tree@archmeter.com","www.archmeter.com","林慧嫻","經理","03-5631359#103","ava_lin@archmeter.com","www.archmeter.com","https://www.archmeter.com/zh-tw/download-c17913/???q?v?z.html"
"4590","富田電機股份有限公司","富田-創","電機機械","－","苗栗縣銅鑼鄉銅科六路6號","	22802861","張金鋒","張金鋒","林宗達","副總經理","施昕佑","037-980799","1988/04/01","2026/01/29",新台幣                 10.0000元,548384000,54838400,0,0,個別,每年,董事會,"中國信託商業銀行代理部","02-66365566","台北市中正區重慶南路一段八十三號五樓","勤業眾信聯合會計師事務所","王兆群","許瑞軒","FUKUTA","No 6. Tongke 6th Road., Tongluo Township, Miaoli County 366, Taiwan (R.O.C.)Miaoli County, Taiwan","037-980811","fukuta@fukuta-motor.com.tw","https://www.fukuta-motor.com.tw/","施昕佑","協理","037-980799","invest@fukuta-motor.com.tw","https://www.fukuta-motor.com.tw/","－"
"4720","德淵企業股份有限公司","德淵","化學工業","－","新北市五股區五權六路9號","	04465521","蕭向志","蕭向志","高志文","財務長","姚玉貞","02-22992121","1976/06/28","2015/06/24",新台幣                 10.0000元,1145160370,114516037,0,0,合併,每年,董事會,"富邦綜合證券股份有限公司","(02)2361-1300","100415台北市中正區許昌街17號11樓","勤業眾信聯合會計師事務所","蔡侑玲","尤志峰","TEX YEAR　　","No. 9, Wuquan 6th Rd., Wugu Dist., New Taipei City 248, Taiwan (R.O.C.)New Taipei City 248, Taiwan (R.O.C.)","02-22992890","IR@texyear.com","http://www.texyear.com","姚玉貞","公司治理主管","02-22992121","IR@texyear.com","http://www.texyear.com/zh-tw/corporate_stakeholder.php","https://www.texyear.com/zh-tw/investor_governance.php"
"4722","國精化學股份有限公司","國精化","化學工業","－","高雄市永安區維新里永工五路2號","	75975242","朝建投資股份有限公司(代表人蔡志翔)","王海城","何印唐","協理","吳枚珮","(07)6236199","1978/11/25","2012/08/15",新台幣                 10.0000元,1018511590,101851159,0,0,合併,每年,董事會,"華南永昌綜合證券股份有限公司","(02)2718-6425","台北市民生東路四段54號4樓","資誠聯合會計師事務所","徐惠榆","葉芳婷","QPC","NO.2,Yeong Gong 5TH.RD,Yeong An Hsian,KAOHSIUNG  HSIEN (828), TAIWAN R.O.C","(07)6244228","ytho@qualipoly.com.tw","www.qualipoly.com.tw","何印唐","協理","(07)623-6199","ytho@qualipoly.com.tw","www.qualipoly.com.tw","https://www.qualipoly.com/zh-tw/a3-2829/???q?v?z?B§@±?§?.html"
"4736","泰博科技股份有限公司","泰博","生技醫療業","－","新北市五股區五工二路127號6樓","	16584326","陳朝旺","陳朝旺","陳朝旺","總經理","黃琪婷","02-66258188","1998/05/11","2023/12/22",新台幣                 10.0000元,953744690,95374469,0,0,合併,每年,董事會,"凱基證券股份有限公司","02-23892999","10044台北市中正區重慶南路一段2號5樓","勤業眾信會計師事務所","翁博仁","郭乃華","TaiDoc","6F No.127, Wugong 2 nd RD.Wugu, Taipei County, Taiwan","02-66250288","anita@taidoc.com.tw","http://www.taidoc.com.tw","陳朝旺","總經理","02-66258188","investor@taidoc.com.tw","http://www.taidoc.com.tw/taidoc-stakeholder.html","https://www.taidoc.com/tw/taidoc-governance/"
"4737","華廣生技股份有限公司","華廣","生技醫療業","－","台中市南區大慶街二段100號","	80310225","黃椿木","黃椿木","黃椿木","董事長","黃千毓","04-23692388","2003/04/14","2010/12/23",新台幣                 10.0000元,772852530,77285253,0,0,合併,每年,董事會,"中國信託商業銀行代理部","(02)6636-5566","台北市重慶南路一段83號5樓","安侯建業聯合會計師事務所","陳燕慧","簡思娟","BIONIME","No. 100, Sec. 2, Daqing St., South Dist.,TAICHUNG CITY 40242, TAIWAN ROC","04-22617986","info@bionime.com","www.bionime.com","黃千毓","財務經理","04-23692388","investor@bionime.com","https://tw.bionime.com/download/download2.html#section-investor9","https://tw.bionime.com/download/download2.html"
"4739","康普材料科技股份有限公司","康普","化學工業","－","新竹縣湖口鄉文化路11號","	86757124","何基丞","何柏樟","陳均恒","副總經理","徐偉倫","(03)598-3101","1992/06/16","2017/09/08",新台幣                 10.0000元,1246492690,124649269,3150000,0,合併,每年,董事會,"福邦證券股份有限公司股務代理部","(02)2371-1658","100405台北市中正區忠孝西路一段6號6樓","安侯建業聯合會計師事務所","陳蓓琪","許明芳","COREMAX","11 Wen Hwa Road, Hukou Township,Hsinchu County,Taiwan 303035 ROC","(03)598-3103","info@coremaxcorp.com","http://www.coremaxcorp.com","陳均恒","副總經理","(03)598-3101","related_party@coremaxcorp.com","http://www.coremaxcorp.com/zh-tw/stakeholders","https://www.coremaxcorp.com/zh-tw/corporate-governance/board-of-directors"
"4746","台耀化學股份有限公司","台耀","生技醫療業","－","桃園市蘆竹區坑口里和平街36號","	96922622","程正禹","程正禹","羅玉貞","資深副總經理","劉善珍","03-3240895","1995/12/29","2011/03/01",新台幣                 10.0000元,1202559630,120255963,0,0,合併,每年,股東會,"凱基證券(股)公司股務代理部","(02)2389-2999","台北市中正區重慶南路一段2號5樓","資誠聯合會計師事務所","鄧聖偉","顏裕芳","FRMSL","36 Heping St., Luzhu Dist.Taoyuan 338002, Taiwan","03-3240945","info@formosalab.com","www.formosalab.com","羅玉貞","資深副總經理","03-3241072","info@formosalab.com","www.formosalab.com/tw/sustainability-149-227","https://www.formosalab.com/tw/corporate-governance"
"4755","三福化工股份有限公司","三福化","化學工業","－","(10405)台北市中山北路二段21號5樓","	80170651","巫信弘","蘇天寶","羅主誠","財務協理","張玲鳳","02-25426789","2003/03/17","2013/11/27",新台幣                 10.0000元,1007060000,100706000,0,0,合併,每季,董事會,"第一金證券(股)公司股務代理部","02-2563-5711","台北市大安區安和路一段27號六樓","勤業眾信聯合會計師事務所","葉淑娟","黃國寧","SAN FU","5F, 21 Chung Shan N. Rd., Sec. 2,Taipei, Taiwan","02-25818686","cclo@sfchem.com.tw","www.sfchem.com.tw","羅主誠","財務協理","02-2542-6789","cclo@sfchem.com.tw","https://www.sfchem.com.tw/zh-hant/page/Stakeholder%20Contact%20Information","https://www.sfchem.com.tw/zh-hant/page/3370"
"4763","濟南大自然新材料股份有限公司","材料*-KY","化學工業","KY","台北市信義區光復南路419巷18號6樓","	42328858","王克璋","王克璋","陳界瑞","財務主管","游芷琳","02-27205045","2014/09/25","2015/11/09",新台幣                  1.0000元,989146670,989146670,0,0,合併,每半會計年度,股東會,"福邦證券股份有限公司","02-2383-6888","台北市中正區忠孝西路一段6號6樓","勤業眾信聯合會計師事務所","黃堯麟","周仕杰","ACE","6F, No.18, Ln. 419, Guangfu S. Rd., Xinyi Dist., Taipei City 110, Taiwan R.O.CTaipei City","02-87800195","4763@acetek.com.cn","www.acetekgroup.com","陳界瑞","財務主管","02-27205045","4763@acetek.com.cn","www.acetekgroup.com","www.acetekgroup.com/about_28/"
"4764","雙鍵化工股份有限公司","雙鍵","化學工業","－","新北市中和區中正路959號4樓","	84754072","蔡茂德","陳仲平","陳仲平","總經理","蔡若渝","(02)8228-1168","1994/02/17","2018/01/04",新台幣                 10.0000元,855420620,85542062,0,0,合併,每半會計年度,董事會,"元大證券股份有限公司股務代理部","(02)2586-5859","106045 臺北市大安區敦化南路2段67號地下一樓","勤業眾信聯合會計師事務所","莊業偉","李東峰","DBC","4F., No.959, Zhongzheng Rd., Zhonghe Dist.,New Taipei City 235, Taiwan (R.O.C.)","(02)8228-1818","ir@dbc.com.tw","http://www.dbc.com.tw/","蔡若渝","會計主管","(02)8228-1168","ir@dbc.com.tw","https://www.dbc.com.tw/tw/invest.php","https://www.dbc.com.tw/tw/invest12.php"
"4766","南寶樹脂化學工廠股份有限公司","南寶","化學工業","－","台南市西港區中山路519號","	74229304","吳政賢","許明現","孫宇平","財務管理總處協理","郭森茂","(06)796-5888","1963/10/02","2018/11/28",新台幣                 10.0000元,1205707800,120570780,0,0,合併,每季,董事會,"中國信託商業銀行代理部","(02)6636-5566","台北市重慶南路一段83號5樓","勤業眾信聯合會計師事務所","楊朝欽","李季珍","NAN PAO","No. 519, Zhongshan Rd., Xigang Dist.,Tainan City, Taiwan (R.O.C)","(06)795-4409","IR@nanpao.com","http://www.nanpao.com.tw","孫宇平","協理","(06)795-4766","IR@nanpao.com","https://www.nanpao.com.tw/csr-show.aspx?id=48","https://www.nanpao.com.tw/investors.aspx?id=4"
"4770","上品綜合工業股份有限公司","上品","化學工業","－","彰化縣線西鄉線工南二路20號","	36075449","侯嘉生","侯嘉生","李遠忠","營運執行長","林琪芳","04-7582827","1981/10/19","2021/12/22",新台幣                 10.0000元,799760000,79976000,0,0,合併,每年,董事會,"元大證券股份有限公司股務代理部","02-25865859","臺北市大安區敦化南路2段67號地下一樓","勤業眾信聯合會計師事務所","彭詩玄","王攀發","ASC","No. 20, Xiangong S. 2nd Rd., Xianxi Township,Changhua County 507, Taiwan (R.O.C.)","04-7910349","TEFPASS@alliedsupreme.com","https://www.alliedsupreme.com","林琪芳","副理","04-7582827#2801","ir@alliedsupreme.com","https://www.alliedsupreme.com/tw/csr-22","https://www.alliedsupreme.com/tw/investor/investor-3/investor-77"
"4771","望隼科技股份有限公司","望隼","生技醫療業","－","苗栗縣竹南鎮公義里友義路66號3樓","	53764125","黃修權","石安","李幸娟","財務長","陳慧真","(037)582900","2012/05/10","2024/03/18",新台幣                 10.0000元,587087000,58708700,0,0,合併,每年,股東會,"凱基證券股份有限公司股務代理部","(02)2389-2999","台北市中正區重慶南路一段2號5樓","勤業眾信聯合會計師事務所","陳秀雯","黃堯麟","VF","3F, No.66,Youyi.Rd.,Kuan-Yuan Technology Park,Zhunan TownshipMiaoli County 35059, Taiwan (R.O.C.)","(037)582600","ir@vizionfocus.com","https://www.vizionfocus.com/","陳慧真","股務主管","(037)582900","ir@vizionfocus.com","https://www.vizionfocus.com/stackholder.html","https://www.vizionfocus.com/investor_gsgl_gs_page.html"
"4807","日成控股股份有限公司","日成-KY","貿易百貨","KY","The Grand Pavilion Commercial Centre, Oleander Way, 802 West","	42485651","帕查拉蓬 拍奔順通(Phacharapon )","林如茵","林如茵","總經理","李文雄","(02)2501-1225","2014/10/06","2017/06/26",新台幣                 10.0000元,489960320,48996032,0,0,合併,每年,股東會,"永豐金證券股務代理部","(02)2381-6288","臺北市博愛路17號3樓","安侯建業聯合會計師事務所","吳佳翰會計師","趙敏如會計師","RH","3F.-3, No. 66, Sec. 2, Jianguo N. Rd.,  Zhongshan Dist.,Taipei,Taiwan","(02)2501-1229","rh@regaljewelrygroup.com","http://www.regaljewelrygroup.com","李文雄","台灣分公司總經理","(02)2501-1225","rh@regaljewelrygroup.com","http://www.regaljewelrygroup.com/TW/InterestedParties/ugC_InterestedParties.asp","http://www.regaljewelrygroup.com/TW/InvestorNews/ugC_InvestorNews.asp"
"4904","遠傳電信股份有限公司","遠傳","通信網路業","－","台北市瑞光路468號5樓","	97179430","徐旭東","井琪","賴晴風","資深協理","林慧珊","(02)7723-5000","1997/04/11","2005/08/24",新台幣                 10.0000元,36070253570,3607025357,93440600,0,合併,每年,股東會,"亞東證券股份有限公司","(02)77531699","新北市板橋區新站路16號13樓","勤業眾信聯合會計師事務所","趙永祥","邵志明","Far EasTone　","5F., No. 468, Ruiguang Rd., Taipei CityTaipei, Taiwan","(02)7723-5199","PR@fareastone.com.tw","www.fareastone.com.tw","賴晴風","資深協理","(02)77235000","ir@fareastone.com.tw","https://corporate.fetnet.net/content/corp/tw/CSR/Stakeholder/Stakeholder.html","https://corporate.fetnet.net/content/corp/tw/CSR/Governance/Governance.html"
"4906","正文科技股份有限公司","正文","通信網路業","－","新竹縣湖口鄉新竹工業區中華路15-1號","	22960571","陳鴻文","李榮昌","楊正任","執行董事","林家婕","03-5985535","1988/06/29","2003/06/30",新台幣                 10.0000元,4363534710,436353471,0,0,合併,每年,股東會,"永豐金證券股份有限公司","02-23816288","台北市博愛路17號3樓","勤業眾信聯合會計師事務所","方涵妮","楊靜婷","GEMTEK　","No.15-1, Zhonghua Rd, Hsinchu Industrial Park , Hsinchu County, Taiwan,R.O.C.Hukuo, Jsinchen Hsien, Taiwan","03-5972103","ru_lu@gemteks.com","www.gemteks.com","林家婕","投資人關係","03 598-5535 #1021","jasmine_lin@gemteks.com","https://www.gemteks.com/ir/contact","https://www.gemteks.com/ir/organization"
"4912","聯德控股股份有限公司","聯德控股-KY","電子零組件業","KY","台北市南港區園區街3號12樓之3","	26595630","徐&#21843;峰","余 火甘 木發","陳玉軒","財務經理","徐&#21843;峰","02-8684-1618","2009/09/29","2015/05/21",新台幣                 10.0000元,669930990,66993099,0,0,合併,每季,董事會,"中國信託商業銀行代理部","02-6636-5566","台北市重慶南路一段83號5樓","勤業眾信聯合會計師事務所","郭乃華","薛峻泯","Lemtech-KY","12F.-3, No. 3, Yuanqu St., Nangang DistTaipei City 115603, Taiwan (R.O.C.)","02-8686-0737","contact@lemtech.com","http://www.lemtech.com","陳玉軒","財務經理","02-8684-1618","contact@lemtech.com","http://www.lemtech.com/investor-relations-category/stakeholder-engagement","https://www.lemtech.com/tw/investor-relations-category/corporate-governance-tw/"
"4915","致伸科技股份有限公司","致伸","電子零組件業","－","台北市內湖區瑞光路669號","	28006928","潘永中","潘永中","蕭英怡","財務暨投資總經理","曾雅蘭","(02)2798-9008","2006/03/20","2012/10/05",新台幣                 10.0000元,4718808240,471880824,0,0,合併,每年,股東會,"永豐金證券股份有限公司","(02)2381-6288","台北市中正區博愛路17 號3樓","安侯建業聯合會計師事務所","洪士剛","傅泓文","Primax","No.669, Ruey Kung Road, NeihuTaipei, Taiwan, R.O.C.","(02)8798-7675","IR@primax.com.tw","www.primax.com.tw","蕭英怡","財務暨投資總經理","(02)2798-9008","YY.Hsiao@primax.com.tw","https://www.primax.com.tw/investors/company-overview","https://www.primax.com.tw/investors/corporate-governance/governance-updates"
"4916","事欣科技股份有限公司","事欣科","電腦及週邊設備業","－","桃園市中壢區領航南路三段188號15樓","	13000192","廖文嘉","嚴聰前","吳秀碧","財務長","李神龍","034575535","2001/12/27","2013/11/21",新台幣                 10.0000元,1233899160,123389916,0,0,合併,每年,董事會,"凱基證券股份有限公司股務代理部","0223892999","台北市重慶南路一段2號5樓","勤業眾信聯合會計師事務所","陳培德","陳俊宏","PARPRO","15F., No. 188, Sec. 3, Linghang S. Rd., Zhongli Dist., Taoyuan City320, TaiwanTaiwan","034682431","info.pec.tw","Http://www.parpro.com","吳秀碧","財務長","03-4575535","ir@parpro.com.tw","https://www.parpro.com.tw/ir_-stakeholder_column/#ir7","https://www.parpro.com.tw/ir_cgov/#ir2"
"4919","新唐科技股份有限公司","新唐","半導體業","－","新竹科學園區研新三路4號","	28112646","蘇源茂","楊欣龍","賴秀芬","副總經理","詹為雄","(03)5770066","2008/04/09","2010/09/27",新台幣                 10.0000元,4197652680,419765268,0,0,合併,每年,董事會,"中國信託商業銀行(股)公司代理部","(02)6636-5566","台北市重慶南路一段83號5樓","勤業眾信會計師事務所","洪國田","劉書琳","NTC","No. 4 , Creation Rd. Ⅲ,Hsinchu Science Park, Taiwan, R.O.C.","(03)6675213","InvestorRelation@nuvoton.com","www.nuvoton.com","詹為雄","處長","(03)5770066ext.22007","WHCHAN@nuvoton.com","www.nuvoton.com","https://www.nuvoton.com/about-nuvoton/investors/corporate-governance/board-resolution/"
"4927","泰鼎國際股份有限公司","泰鼎-KY","電子零組件業","KY","台北市松山區敦化北路205號5樓503室","	54384828","王樹木","王樹木","吳森田","副總經理","楊欣望、劉映辰","(02)27170032","2009/10/28","2015/09/08",新台幣                 10.0000元,2649379880,264937988,0,0,合併,每年,董事會,"中國信託商業銀行股份有限公司","02-6636-5566","台北市重慶南路一段八十三號五樓","安侯建業聯合會計師事務所","趙敏如","張純怡","Apex","Rm. 503, 5F., No. 205, Dunhua N. Rd., Songshan Dist.,Taipei City 105406, Taiwan, R.O.C.","(02)27170703","SERVICE@apex-intl.com.tw","http://www.apex-intl.com.tw","吳森田","副總經理","02-27170032","samwu@apex-intl.com.tw","https://www.apex-intl.com.tw/esg/stakeholder-engagement","https://www.apex-intl.com.tw/esg/sustainable-focuses/corporate-governance"
"4930","燦星網通股份有限公司","燦星網","電器電纜","－","台北市內湖區堤頂大道一段333號6樓","	28986660","林技典","NA","暫缺","暫缺","曾景盟","(02)27956898","2009/11/11","2010/06/21",新台幣                 10.0000元,800000000,80000000,0,0,合併,每年,董事會,"元大證券股份有限公司","(02)25865859","臺北市大安區敦化南路2段67號地下一樓","資誠聯合會計師事務所","謝瑋莉","王菘澤","Star  Comgistic","6F., No.333, Sec. 1, Tiding Blvd., Neihu Dist.,Taipei City 114, Taiwan (R.O.C.)","(02)27956656","-","http://www.starcomgistic.com","缺","缺","(02)27956898","investor@starcomgistic.com","https://www.starcomgistic.com/Web/CR/Stakeholder.aspx","https://www.starcomgistic.com/Web/CG/Introduction.aspx"
"4934","太極能源科技股份有限公司","太極","光電業","－","桃園市中壢區自強一路5號","	28675574","謝明凱","陳怡光","陳怡光","總經理","余秀珍","03-455-5807","2007/05/14","2011/08/16",新台幣                 10.0000元,2250000000,225000000,14023475,0,合併,每年,董事會,"元大證券股份有限公司股務代理部","(02)2586-5859","台北市大安區敦化南路二段67號地下一樓","勤業眾信聯合會計師事務所","李麗凰","蔡宗遠","Tainergy","NO.5, TZU-CHIANG 1ST RD., ZHONGLI DIST.,TAOYUAN CITY 320, TAIWAN (R.O.C.)","03-455-5383","tainergy@tainergy.com","http//www.tainergy.com","余秀珍","經理","02-27883798","tainergy@tainergy.com","http//www.tainergy.com","http//www.tainergy.com"
"4935","茂林光電科技(開曼)股份有限公司","茂林-KY","光電業","KY","桃園市中壢區民權路三段1149號","	26797925","李滿祥","蔡宗霖","蔡宗霖","總經理","莊美真","03-4262828","2000/07/28","2011/07/28",新台幣                 10.0000元,1288640910,128864091,0,0,合併,每年,股東會,"台新證券股務代理部","02-25048125","台北市建國北路一段96號地下一樓","勤業眾信聯合會計師事務所","陳招美","陳薔旬","GLT","1149,Sec.3,Min-Chuan Rd,Chung-Li,Taiwan1149,Sec.3,Min-Chuan Rd,Chung-Li,Taiwan","03-4251919","IR@glthome.com.tw","http://www.glthome.com.tw/","莊美真","協理","03-4262828","ir@glthome.com.tw","https://www.glthome.com.tw/responsibility-59","https://www.glthome.com.tw/responsibility-54-71"
"4938","和碩聯合科技股份有限公司","和碩","電腦及週邊設備業","－","台北市北投區立功街76號5樓","	28689155","童子賢","鄭光志/鄧國彥","謝如蕙","財務長","陳瑩","02-81439001","2007/06/27","2010/06/24",新台幣                 10.0000元,26820441030,2682044103,0,0,合併,每年,董事會,"凱基證券股份有限公司股務代理部","02-23892999","台北市重慶南路一段2號5樓","安侯建業聯合會計師事務所","池世欽","陳俊光","Pegatron","5F, No. 76, Ligong St., BeitouTaipei, Taiwan","02-28939366","ir@pegatroncorp.com","www.pegatroncorp.com","陳瑩","經理","02-81439001","ir@pegatroncorp.com","http://www.pegatroncorp.com/csr/view/id/5/lang/zh_TW","https://www.pegatroncorp.com/investorRelation%2Fview%2Fid%2F4%2Flang%2Fzh_TW"
"4942","嘉彰股份有限公司","嘉彰","光電業","－","桃園市蘆竹區南山路二段205巷45號","	22164527","宋貴修","陳之軒","鄭力銓","財務長","宋永明","03-3228175","1985/09/09","2011/06/27",新台幣                 10.0000元,1423676130,142367613,0,0,合併,每年,董事會,"兆豐證券股份有限公司","02-3393-0898","台北市忠孝東路2段95號1樓","勤業眾信聯合會計師事務所","陳致源","周仕杰","Chia Chang","No. 45, Lane 205, Nanshan Road Section 2Luchu Dist, Taoyuan City, Taiwan, R.O.C","03-3111652","ir@chiachang.com","http://www.chiachang.com","陳雅琳 & 秦宜嫚","經理 & 專員","03-3226968","ir@chiachang.com","http://www.chiachang.com/ChiaGroup/profile_5d.aspx","https://www.chiachang.com/cn/investment/Corporate-Governance.html"
"4943","開曼康而富控股股份有限公司","康控-KY","電子零組件業","KY","23674新北市土城區承天路35號2樓","	26320984","呂朝勝","李國基","戴暐倫","經理","蔡筱萱","(02)22689558","2009/09/01","2016/11/11",新台幣                 10.0000元,1266943530,126694353,47655676,0,合併,每年,董事會,"中國信託商業銀行代理部","(02)6636-5566","台北市重慶南路一段83號5樓","信永中和聯合會計師事務所","陳光慧","郭鎮宇","CONCRAFT","2F., No.35, Chengtian Rd., Tucheng Dist.,New Taipei City 236, Taiwan(R.O.C.)","(02)22689818","invest@concraft.com.tw","www.concraft.com.tw","戴暐倫","經理","(02)22689558","invest@concraft.com.tw","http://www.concraft.com.tw/traditional_chinese/about_us_stakeholder_engagement.html","www.concraft.com.tw"
"4949","有成精密股份有限公司","有成精密","光電業","－","新竹市公道五路二段180 號4樓","	80581850","陳思銘","陳思銘","徐龍耀","副總經理","黃錦堂","03-5688699","2003/11/05","2024/05/09",新台幣                 10.0000元,677031430,67703143,0,0,合併,每年,董事會,"福邦證券股份有限公司股務代理部","(02)2371-1658","100台北市中正區忠孝西路一段6號6樓","資誠聯合會計師事務所","文雅芳","陳憲政","WIN WIN","4F., No.180, Sec. 2,Gongdao 5th Rd.,Hsinchu City 300, Taiwan R.O.C.","03-5718000","IR@w-win.com.tw","http://www.wwpt.com.tw/","徐龍耀","副總經理","03-5688699","IR@w-win.com.tw","http://www.wwpt.com.tw/","http://www.wwpt.com.tw/"
"4952","凌通科技股份有限公司","凌通","半導體業","－","新竹市科學園區工業東四路19號","	80741441","黃洲杰","賈懿行","劉淑勤","行政管理中心資深處長","黃永隆","03-6662118","2004/03/30","2011/11/01",新台幣                 10.0000元,1088158160,108815816,0,0,合併,每年,股東會,"中國信託商業銀行代理部","02-66365566","台北巿重慶南路一段83號5樓","勤業眾信聯合會計師事務所","葉東煇","張雅芸","Generalplus","No. 19, Industry E. Rd. IV, Hsinchu Science ParkHsinchu City 30077, Taiwan, R.O.C.","03-6662117","ir@generalplus.com","http://www.generalplus.com","謝佳樺","投資人關係專員","03-6662118 ext. 1201","yosicahsieh@generalplus.com","http://www.generalplus.com/stakeholder_appl.php","https://www.generalplus.com/2LVlangLNz4SVb4SNinvest_g"
"4956","光鋐科技股份有限公司","光鋐","光電業","－","台南市新市區看西路7號","	28334226","許明森","許明森","許明森","董事長","鄧美珍","06-5050101","2006/06/12","2011/10/24",新台幣                 10.0000元,1004082360,100408236,0,0,合併,每年,股東會,"富邦綜合證券(股)公司股務代理部","02-23611300","台北市許昌街17號11樓","勤業眾信聯合會計師事務所","王騰葦","廖鴻儒","Epileds","No.7, Kanxi Rd., Xinshi Dist,Tainan City ,Taiwan(R.O.C.)","06-5056533","sandyteng@epileds.com.tw","www.epileds.com.tw","鄧美珍","財務部經理","06-5050101","ir@epileds.com.tw","https://www.epileds.com.tw/stakeholder_contact.aspx","https://www.epileds.com.tw/investor_bd.aspx"
"4958","臻鼎科技控股股份有限公司","臻鼎-KY","電子零組件業","KY","桃園市大園區三石里三和路28巷6號","	26392564","沈慶芳","簡禎富","凌惇","資深經理","黃美玉","(03)383-5678","2006/06/05","2011/12/26",新台幣                 10.0000元,10794208550,1079420855,0,0,合併,每年,董事會,"福邦證券股份有限公司股務代理部","(02)2371-1658","台北市忠孝西路一段6號6樓","資誠聯合會計師事務所","徐聖忠","徐潔如","ZDT","P.O. Box 31119, Grand Pavilion Hibiscus Way, 802 West Bay Road, Grand Cayman,Cayman Islands","(03)383-0011","zdt-ir@zdtco.com","www.zdtco.com","凌惇","資深經理","(03)383-0101","zdt-ir@zdtco.com","www.zdtco.com/tw/investor","www.zdtco.com/tw/investor"
"4960","誠美材料科技股份有限公司","誠美材","光電業","－","74148台南市善化區木柵港西路13號","	27790294","宋妍儀","尚待董事會委任","楊朝智","財務處長","黃議德","(06)5889988","2005/05/17","2011/10/24",新台幣                 10.0000元,5717053880,571705388,0,0,合併,每半會計年度,董事會,"兆豐證券股份有限公司","(02)3393-0898","台北市中正區忠孝東路二段95號1F","資誠聯合會計師事務所","廖阿甚","林秀珊","CMMT","NO.13, Muzhagang West Rd.,Shanhua Dist., Tainan City, Taiwan","(06)5091010","cmmt_ir@cmmt.com.tw","www.cmmt.com.tw","楊朝智","財務處長","(06)5889988","cmmt_ir@cmmt.com.tw","http://www.cmmt.com.tw/stakeholder.php?lang=zh","https://www.cmmt.com.tw/corporate6.php?lang=zh"
"4961","天鈺科技股份有限公司","天鈺","半導體業","－","(30078)新竹科學園區新竹市篤行路6-8號3樓","	84149499","林永杰","邱淑慧","陳志豪","處長","湯皓雲","03-5788618","1995/07/04","2018/10/17",新台幣                 10.0000元,1212536030,121253603,0,0,合併,每年,董事會,"元大證券(股)公司股務代理部","02-25865859","106臺北市大安區敦化南路2段67號地下一樓","安侯建業聯合會計師事務所","蕭佩如","李&#16689;儀","FITIPOWER","3F, No.6-8, Duxing Rd., Hsinchu Science ParkHsinchu City, Taiwan, R.O.C.","03-5788836","ir@fitipower.com","https://www.fitipower.com","陳志豪","處長","035788618","ir@fitipower.com","https://www.fitipower.com/stakeholder/communication","https://www.fitipower.com/investor/company/intro"
"4967","十銓科技股份有限公司","十銓","半導體業","－","(235)新北巿中和區建一路166號3樓","	97418375","夏澹寧","陳慶文","夏紹安","副總經理","秦涵然","(02)82265000","1997/04/09","2019/01/14",新台幣                 10.0000元,849632880,84963288,0,0,合併,每年,董事會,"群益金鼎證券股份有限公司","(02)2702-3999","(106)台北市大安區敦化南路二段97號地下二樓","資誠聯合會計師事務所","葉翠苗","于智帆","TEAM","3F, NO.166, JIAN YI RD.,CHUNG HO CITY, TAIPEI, TAIWAN, R.O.C.","(02)82265808","IR@teamgroup.com.tw","WWW.TEAMGROUPINC.COM","林佩蓉","全球媒體部經理","(02)82265000#599","IR@teamgroup.com.tw","www.teamgroupinc.com/tw/investors/csr/stakeholder/","https://www.teamgroupinc.com/tw/investors/corporate/basic-information/"
"4968","立積電子股份有限公司","立積","半導體業","－","台北市114內湖區堤頂大道二段407巷20弄1號3樓","	80661880","馬代駿","王是琦","鄧維康","資深副總","彭英展","(02)8751-1358","2004/01/07","2015/11/13",新台幣                 10.0000元,922098980,92209898,0,0,合併,每年,股東會,"台新證券股務代理部","(02)2504-8125","台北市建國北路一段96號地下一樓","勤業眾信聯合會計師事務所","方蘇立","&#28201;智源","Richwave","3F.No.1, Alley 20. Lane 407. Sec 2, Tiding Blvd,Taipei 114,Taiwan. R. O. C.","(02)6600-6887","ir@richwave.com.tw","https://www.richwave.com.tw","鄧維康","資深副總","(02)8751-1358","ir@richwave.com.tw","https://www.richwave.com.tw/zh/page.aspx?Id=25","https://www.richwave.com.tw/zh/page.aspx?Id=29"
"4976","佳凌科技股份有限公司","佳凌","光電業","－","台中市潭子區建國路24號","	70848492","劉嘉彬","江昭德","柯卉蓁","副總經理","林志忠","04-25353658","2002/12/26","2012/11/20",新台幣                 10.0000元,1413510000,141351000,0,0,個別,每年,董事會,"福邦證券(股)股務代理部","(02)2371-1658","10041  台北市中正區忠孝西路一段6號6樓","國富浩華聯合會計師事務所","楊貞瑜","邵朝彬","Calin","24, Chien Kuo Rd., Tan Tzu DistTaichung County 42760, Taiwan, R.O.C","04-25352916","calin.2100@calin.com.tw","http://www.calin.com.tw","柯卉蓁","副總經理","04-25353658","calin.2100@calin.com.tw","https://www.calin.com.tw/tw/stakeholder","https://www.calin.com.tw/tw/investors/govern/5"
"4977","眾達科技股份有限公司","眾達-KY","通信網路業","KY","4F.,Harbour Place,103 S Church St.,PO Box 10240,Grand Cayman","	31922986","陳靖仁","莊敏男","莊敏男","總經理","趙偉州","(02)27006650","2007/10/16","2013/11/20",新台幣                 10.0000元,801898410,80189841,0,0,合併,每年,董事會,"中國信託商業銀行代理部","(02)66365566","台北市中正區重慶南路一段83號5樓","安永聯合會計師事務所","許新民","余倩如","PCL","9F.-3, No. 97, Sec. 2, Dunhua S. Rd., Da’an Dist.Taipei City 106, Taiwan (R.O.C.)","(02)27006530","Spokesman@pcltech.com","www.pcltech.com","趙偉州","副總經理","(02)27006650","Spokesman@pcltech.com","www.pcltech.com/cht/01-5.htm","http://www.pcltech.com/cht/01-23.htm"
"4989","李長榮科技股份有限公司","榮科","電子零組件業","－","台北市松山區八德路四段83號5樓","	97173920","陳銘樹","劉家和","劉家和","總經理","蔡孟修","2763-1611","1997/01/16","2018/06/28",新台幣                 10.0000元,1377765000,137776500,0,0,合併,每季,股東會,"中國信託商業銀行代理部","6636-5566","台北市重慶南路一段83號5樓","勤業眾信聯合會計師事務所","郭文吉","劉建良","LCYT","5F, No 83, Sec.4, Bade RoadTaipei, Taiwan","2748-6937","lcyt@lcygroup.com","https://lcyt.lcycic.com/","劉家和","總經理","02-27631611","lcyt@lcygroup.com","https://lcyt.lcycic.com/zh/investors","https://lcyt.lcycic.com/zh/investors/corporate-governance/corporate-governance"
"4994","傳奇網路遊戲股份有限公司","傳奇","資訊服務業","－","台北市信義區市民大道六段288號7樓","	12975809","張峰旗","張峰旗","周秋美","營運副總","林家安","02-77186620","2002/01/09","2013/12/25",新台幣                 10.0000元,663834000,66383400,0,0,合併,每年,股東會,"台新綜合證券股務代理部","02-25048125","台北市建國北路一段96號地下一樓","資誠聯合會計師事務所","余正富","黃金連","X-LEGEND","7F., No.288, Sec. 6, Civic Blvd., Xinyi Dist.,Taipei city, Taiwan (R. O. C.)","02-77186880","spokesman@x-legend.com.tw","www.x-legend.tw","林家安","財務長","02-77186620","4994@x-legend.com.tw","http://www.x-legend.tw/03financials/financials_18.php","https://www.x-legend.tw/03financials/financials_20.php"
"4999","鑫禾科技股份有限公司","鑫禾","電子零組件業","－","(221)新北市汐止區康寧街169巷27-1號","	13012009","蘇丁鴻","蘇丁鴻","黃銘鋒","總經理特別助理","陳貞蓉","(02)2692-6960","2002/01/18","2013/06/03",新台幣                 10.0000元,744172000,74417200,0,0,合併,每年,董事會,"兆豐證券股份有限公司股務代理部","(02)3393-0898","100台北市忠孝東路二段95號8樓","安侯建業聯合會計師事務所","簡思娟","區耀軍","Sinher","No.27-1, Ln. 169, Kangning St., Xizhi Dist.New Taipei City, Taiwan (R.O.C.)","(02)2692-5399","sinher@sinher.com.tw","www.sinher.com.tw","黃銘鋒","總經理特別助理","(02)2692-6960","jonah.huang@sinher.com.tw","http://www.sinher.com.tw/tw/7?action=info","https://www.sinher.com.tw/tw/9?nid=15"
"5007","三星科技股份有限公司","三星","鋼鐵工業","－","台南市歸仁區南興里中山路三段355-6號1F","	68040606","柯吉源","陳信志","許春宵","經理","陳俊榮","(06)2306611","1965/07/02","2011/09/16",新台幣                 10.0000元,2949401540,294940154,0,0,合併,每年,董事會,"台新綜合證券(股)公司股務代理部","(02)25048125","台北市中山區建國北路1段96號地下1樓","安永聯合會計師事務所","洪國森","陳政初","SAN SHING 　　","1F,355-6,SEC.3,CHUNG SHAN ROAD,KUEI-JEN DISTRICT,　TAINAN CITY,TAIWAN,R.O.C.　","(06)2306000","lwb@mail.sanshing.com.tw","www.sanshing.com.tw","許春宵","經理","(06)2306611-252","sws@mail.sanshing.com.tw","http://www.sanshing.com.tw/company8.html","https://www.sanshing.com.tw/investor6.html"
"5203","訊連科技股份有限公司","訊連","資訊服務業","－","新北市新店區民權路100號15樓","	23829868","黃肇雄","古媄君;林昭宏","蔡明鋒","特別助理","古媄君","86671298","1990/08/08","2004/09/27",新台幣                 10.0000元,793425500,79342550,0,0,合併,每年,股東會,"元大證券(股)公司股務代理部","02-2586-5859","台北市大安區敦化南路二段67號B1","資誠聯合會計師事務所","黃金連","賴宗羲","CyberLink","15Fl.,No.100,Minchiuan RD., Xindian District,New Taipei City,Taiwan ROC","86671300","investor@cyberlink.com","www.cyberlink.com","林育暉","資深專案經理","86671298","investor@cyberlink.com","www.cyberlink.com","https://tw.cyberlink.com/stat/company/cht/ir-principles.jsp"
"5215","科嘉(開曼)股份有限公司","科嘉-KY","電腦及週邊設備業","KY","新北市中和區連城路168號8樓","	31618486","林志峰","何和和","林志峰","董事長","何和和","(02)2243-6177","2009/08/17","2011/12/26",新台幣                 10.0000元,643375000,64337500,0,0,合併,每年,董事會,"福邦證券股份有限公司","(02)2383-6888","台北市中正區忠孝西路一段六號六樓","勤業眾信聯合會計師事務所","廖婉怡","梁盛泰","KO JA","8F., No.168, Liancheng Rd., Zhonghe Dist.23553New Taipei City 235, Taiwan(R.O.C.)","(02)2243-6181","koja.tw@koja.com.tw","http://www.koja.com.tw","唐文改","財務長","(02)2243-6177","koja.tw@koja.com.tw","http://www.koja.com.tw","http://www.koja.com.tw/investor?m1=0&m2=13"
"5222","全訊科技股份有限公司","全訊","半導體業","－","74145南部科學園區台南市新市區大順七路90號","	16130296","張全生","張全生、吳昌崙、張景學","盧豐智","副總經理","郭嘉哲","06-5051601","1998/06/17","2021/10/25",新台幣                 10.0000元,910949680,91094968,0,0,個別,每年,董事會,"台新綜合證券(股)公司股務代理部","02-25048125","台北市中山區建國北路1段96號地下1樓","資誠聯合會計師事務所","葉芳婷","徐惠榆","TRANSCOM","NO. 90, DASHUN 7th RD., XINSHI Dist., TAINAN SCIENCE PARK,TAINAN City, TAIWAN, R.O.C.","06-5051602","sales@transcominc.com.tw","http://www.transcominc.com.tw/Chinese/index.php","郭嘉哲","財務會計協理","06-5051601","charles.kuo@transcominc.com.tw","http://www.transcominc.com.tw/Chinese/investorRelations.php","http://www.transcominc.com.tw/Chinese/investorRelations.php"
"5225","東科控股股份有限公司","東科-KY","其他電子業","KY","P.O.Box 32052, Grand  Cayman KY1-1208, Cayman Islands","	37750975","東科聲學股份有限公司","陳海龍","張柏照","副總經理","張東益","(02)8911-3535","2011/02/01","2012/11/05",新台幣                 10.0000元,791364990,79136499,0,0,合併,每年,董事會,"永豐金證券股份有限公司","(02)2381-6288","台北市中正區博愛路１７號３樓","安永聯合會計師事務所","劉榮進","黃子評","EASTECH","8F-1, No.188, Baoqiao Rd., Xindian Dist.,New Taipei City 23145, Taiwan R.O.C.","(02)2914-7070","ir@eastech.com","https://eastech.com","張柏照","副總經理","(02)8911-3535","Jeno.chang@eastech.com","https://eastech.com","https://eastech.com/zh-hant/investor-relations"
"5234","達興材料股份有限公司","達興材料","光電業","－","臺中市西屯區科園一路15號","	28357108","林正一","莊鋒域","莊鋒域","總經理","劉燕珍","04-24608889","2006/07/12","2012/07/16",新台幣                 10.0000元,1027159110,102715911,0,0,合併,每年,董事會,"台新證券股務代理部","02-25048125","台北市建國北路一段96號B1","安侯建業聯合會計師事務所","吳俊源","呂倩慧","DAXIN","No. 15, Keyuan 1st Rd. Central Taiwan Science ParkTaichung City, Taiwan, R.O.C.","04-24608897","ir@daxinmat.com","http://www.daxinmat.com","洪寶惠","資深經理","04-24608889","ir@daxinmat.com","https://www.daxinmat.com/?sn=1028&lang=zh-TW","https://www.daxinmat.com/?sn=787&lang=zh-TW"
"5243","乙盛精密工業股份有限公司","乙盛-KY","光電業","KY","新北市土城區中央路四段2號12樓之3","	01895435","蔡嘉祥","蔡嘉祥","林猷清","財務長","劉俐伶","02-2267-3272","2008/06/17","2013/11/25",新台幣                 10.0000元,1685289150,168528915,0,0,合併,每年,股東會,"福邦證券股份有限公司","02-2371-1658","台北市中正區忠孝西路一段6號6樓","勤業眾信聯合會計師事務所","彭詩玄","吳恪昌","ESON","12F.-3, No.2, Sec. 4, Zhongyang Rd., Tucheng Dist.,New Taipei City 236, Taiwan (R.O.C.)","02-2267-3292","eson-ir@eson.tw","www.eson.tw","劉俐伶","代理發言人","02-2267-3272","eson-ir@eson.tw","https://www.eson.tw/index.php?c=category&id=84","https://www.eson.tw/index.php?c=category&id=22"
"5244","弘凱光電股份有限公司","弘凱","光電業","－","桃園市桃園區汴洲里春日路1492之1號7樓","	27877550","黃建中","曾智宏","曾智宏","總經理","邱炎璋","(03)357-9118","2005/08/24","2022/01/19",新台幣                 10.0000元,682418990,68241899,0,0,合併,每年,股東會,"宏遠證券股份有限公司","(02)2326-8818","台北市大安區信義路四段236號3樓","安永聯合會計師事務所","林孟賢","謝勝安","BRIGHTEK","7F., NO.1492, Chunri Rd., Taoyuan City,Taoyuan County 33051 , Taiwan  R.O.C.","(03)357-9116","IR@brightek.com","www.brightek.com","曾智宏","總經理","(03)357-9118","IR@brightek.com","www.brightek.com","https://www.brightek.com/TW/investor/team/directorate.html"
"5258","虹堡科技股份有限公司","虹堡","電腦及週邊設備業","－","(23143)新北市新店區北新路3段207-5號6樓","	84188062","辛華熙","林鴻鈞","塗美雲","公司治理主管","塗美雲","(02)8913-1771","1993/04/20","2016/12/30",新台幣                 10.0000元,1103648940,110364894,0,0,合併,每年,股東會,"台新綜合證券 股務代理部","(02)2504-8125","10489 台北市中山區建國北路1段96號B1","資誠聯合會計師事務所","黃世鈞","于智帆","Castles","6F.,No.207-5, Sec. 3, Beixin Rd., Xindian Dist.,New Taipei City 231, Taiwan (R.O.C.)","(02)8913-1772","spokesperson@castech.com.tw","http://www.castlestech.com","塗美雲","公司治理主管","(02)8913-1771","spokesperson@castech.com.tw","https://www.castlestech.com/zh-hant/%e9%97%9c%e6%96%bc%e6%88%91%e5%80%91/%e6%b0%b8%e7%ba%8c%e7%99%bc","https://www.castlestech.com/zh-hant/%e9%97%9c%e6%96%bc%e6%88%91%e5%80%91/%e6%b0%b8%e7%ba%8c%e7%99%bc"
"5269","祥碩科技股份有限公司","祥碩","半導體業","－","新北市新店區民權路115號6樓","	80688184","徐世昌","林哲偉","林哲偉","總經理","陳錫凱","(02)22196088","2004/03/24","2012/12/12",新台幣                 10.0000元,747766790,74776679,0,0,合併,每年,董事會,"凱基證券股份有限公司股務代理部","(02)23892999","台北市重慶南路一段2號5樓","資誠聯合會計師事務所","楊蕙慈","張淑瓊","Asmedia","6F., No.115, Minquan Rd., Xindian Dist.New Taipei City 231, Taiwan (R.O.C.)","(02)22196080","asmedia_investor@asmedia.com.tw","https://www.asmedia.com.tw/zh-Hant","陳瑩潔","投資人關係","(02)22196088","asmedia_investor@asmedia.com.tw","https://www.asmedia.com.tw/zh-Hant/investors-page/071yQ84xz2Tg7npd","https://www.asmedia.com.tw/zh-Hant/investors04-4"
"5283","禾聯碩股份有限公司","禾聯碩","電器電纜","－","(333001)桃園市龜山區文禾路289號9樓","	80333058","蔡柏毅","林欽宏","雷鎵駿","副總經理","洪堯鴻/謝秀珍/謝語謙","(03)396-1188","2002/05/06","2019/05/24",新台幣                 10.0000元,876005100,87600510,0,0,合併,每半會計年度,董事會,"台新綜合證券股份有限公司","02-25048125","台北市中山區建國北路1段96號B1","勤業眾信聯合會計師事務所","李麗凰","劉力維","Heran","9F., No. 289, Wenhe Rd., Guishan Dist.Taoyuan City , Taiwan R.O.C.","03)396-1199","heran5283@heran.com.tw","www.heran.com.tw","雷鎵駿","副總經理","(03)396-1188#312910","heran5283@heran.com.tw","www.heran.com.tw","https://www.heran.com.tw/§????H±M°?/corporate-governance/"
"5284","經寶精密控股股份有限公司","jpp-KY","其他","KY","台北市中山區松江路152號11樓1112室","	41173259","鍾國松","藺以權","鍾國圳","發言人","陳信源","02-25415566","2012/05/17","2017/03/09",新台幣                 10.0000元,528926830,52892683,0,0,合併,每半會計年度,董事會,"第一金證券股務部","02-2563-5711","台北市大安區安和路一段27號6樓","勤業眾信聯合會計師事務所","龔則立","陳昭宇","jpp","P.O. Box 31119 Grand Pavilion, Hibiscus Way, 802 West Bay Road,Grand Cayman, KY1-1205, Cayman Islands","02-25412332","kc_chung@jinpao.co.th","https://www.jppholding.com","洪健凱","投資人關係經理","02-25415566","5284cash@gmail.com","https://www.jppholding.com/°???-§????H±M°?","https://www.jppholding.com/§????H±M°?"
"5285","界霖科技股份有限公司","界霖","半導體業","－","高雄市楠梓區中央路58號","	12636560","蔡上元","蔡上民","吳念誼","協理","張嘉珍","(07)3658828","2000/10/18","2014/02/25",新台幣                 10.0000元,1020409260,102040926,0,0,合併,每年,董事會,"宏遠證券股份有限公司","(02)2326-8818","台北市信義路四段236號3樓","資誠聯合會計師事務所","廖阿甚","王駿凱","Jih Lin","NO.58,JHONG YANG RD.,NANZIH DISTKAOHSIUNG CITY,TAIWAN","(07)3657808","Service@jihlin.com.tw","http://www.jihlin.com.tw","吳念誼","協理","(07)3658828#8101","edwardwu@jihlin.com.tw","https://www.jihlin.com.tw/esg_info?id=98","https://www.jihlin.com.tw/invest_info?id=78"
"5288","開曼商豐祥控股股份有限公司","豐祥-KY","電機機械","KY","新北市新莊區新樹路315巷10號","	38582821","游明輝","吳聰武","高宏鎰","協理","劉舒妍","02-2208-0152","2011/07/18","2014/09/25",新台幣                 10.0000元,696987220,69698722,0,0,合併,每半會計年度,董事會,"元大證券股份有限公司股務代理部","02-2586-5859","臺北市大安區敦化南路2段67號地下一樓","安永聯合會計師事務所","陳國帥","張志銘","Eurocharm","No.10, Ln. 315, Xinshu Rd., Xinzhuang DistrictNew Taipei City , Taiwan","02-2205-1598","IR@eurocharm.com.tw","www.eurocharm.com.tw","高宏鎰","發言人","02-2208-0151","IR@eurocharm.com.tw","https://www.eurocharm.com.tw/esg/?????o?i/§Q?`???Y?H·??q/","https://www.eurocharm.com.tw/esg/%e5%85%ac%e5%8f%b8%e6%b2%bb%e7%90%86/"
"5292","華懋科技股份有限公司","華懋","綠能環保","－","桃園市中壢區中山路88號17樓","	23492169","鄭石治","林國源","李賴明祝","副總經理","陳倫慶","(03)4272889","1989/09/21","2023/11/21",新台幣                 10.0000元,421080000,42108000,0,0,合併,每年,董事會,"兆豐証券","(02)33930898","台北市中正區忠孝東路二段95號","勤業眾信聯合會計師事務所","姚勝雄","蔡宗遠","DTECH","17F., No. 88, Zhongshan RdZhongli Dist., Taoyuan City 320, Taiwan","(03)4272726","dtech@dtech.com.tw","http://www.dtech-group.com","李賴明祝","副總經理","(03)4272889","spokesman@dtech.com.tw","http://www.dtech-group.com","http://www.dtech-group.com"
"5306","桂盟國際股份有限公司","桂盟","運動休閒","－","台南市永康區中華路425號8F-5","	22099483","吳盈進","吳瑞章","陳泳仁","協理","蔡欣宜","(06)3037111","1989/04/20","2022/03/08",新台幣                 10.0000元,1260007720,126000772,0,0,合併,每季,董事會,"中國信託商業銀行(股)公司代理部","(02)66365566","台北市中正區重慶南路一段八十三號五樓","勤業眾信聯合會計師事務所","廖鴻儒","李季珍","KMC","8F-5,No 425,Jhonghua Rd,YongKang Dist,Tainan City 71079Taiwan.R.O.C　","(06)3037333","ir@kmc-international.com","www.kmc-international.com","陳泳仁","發言人","(06)3037111","ir@kmc-international.com","www.kmc-international.com","http://www.kmc-international.com"
"5388","中磊電子股份有限公司","中磊","通信網路業","－","台北市南港區園區街3-1號8樓","	86690573","王煒","林斌","陳正弘","發言人","鄭吉利","02-2655-3988","1992/07/29","2007/12/03",新台幣                 10.0000元,3043425420,304342542,0,0,合併,每年,董事會,"台新綜合證券股務代理部","02-2504-8125","台北市中山區建國北路一段96號B1","資誠聯合會計師事務所","文雅芳","梁益彰","Sercomm","8F., No. 3-1, Yuanqu St., Nangang Dist.,Taipei City 115, Taiwan (R.O.C.)","02-2655-3966","ir@sercomm.com","www.sercomm.com","陳正弘","發言人","02-2655-3988","ir@sercomm.com","https://www.sercomm.com/tw/sustainability","https://www.sercomm.com/tw/investor/governance"
"5434","崇越科技股份有限公司","崇越","電子通路業","－","臺北市內湖區洲子街176號6樓","	23621614","曾海華","李正榮","黃玉真","資深副總經理","呂素卿","02-8797-8020","1990/02/17","2003/08/25",新台幣                 10.0000元,1923545780,192354578,0,0,合併,每年,董事會,"福邦證券股份有限公司","02-2371-1658","台北市中正區忠孝西路一段６號６樓","安侯建業聯合會計師事務所","郭冠纓","王怡文","TOPCO","6F., No.176, Zhouzi St., Neihu Dist., Taipei City 114064, Taiwan　　","02-8751-0011","della.huang@topco-global.com ; rita.hsieh@topco-global.com","www.topco-global.com","黃玉真","資深副總經理","02-8797-8020","della.huang@topco-global.com","https://www.topco-global.com/investors-page","https://esg.topco-global.com/corporate-governance"
"5469","瀚宇博德股份有限公司","瀚宇博","電子零組件業","－","桃園市觀音區樹林里工業四路9號","	23225071","焦佑衡","陶正國","簡佩琪","處長","黃建樺","(03)4838500","1989/03/22","2003/08/25",新台幣                 10.0000元,4861660000,486166000,0,0,合併,每年,股東會,"瀚宇博德股份有限公司股務辦事處","(02)27905885","台北市內湖區行善路398號8樓","勤業眾信聯合會計師事務所","吳恪昌","張至誼","HSB","No. 9, Gongye 4th Rd., Guanyin Dist., 　　Taoyuan City 32853,Taiwan (R.O.C.)　　","(03)4838400","Fnc@hannstarboard.com","http://tw.hannstarboard.com/","陳芊妤","副理","(02)27232755#212591","Fnc@hannstarboard.com","http://tw.hannstarboard.com/investor_relations/","https://tw.hannstarboard.com/operating/"
"5471","松翰科技股份有限公司","松翰","半導體業","－","新竹縣竹北市台元街36號10樓之1","	97063584","鮑世嘉","柯福順","潘銘鍠","業務總監","無","03-5600888","1996/07/13","2003/08/25",新台幣                 10.0000元,1678770620,167877062,0,0,合併,每年,股東會,"元大證券股份有限公司股務代理部","02-25865859","臺北市大安區敦化南路2段67號地下一樓","勤業眾信聯合會計師事務所","周仕杰","陳致源","SONIX　　","10F-1,No.36,Taiyuan Street　　Chupei City,Hsinchu,Taiwan R.O.C　　","03-5600886","tse@sonix.com.tw","www.sonix.com.tw","無","無","無","無","http://www.sonix.com.tw/article-tw-1121-7628","https://www.sonix.com.tw/article-tw-182-7298"
"5484","慧友電子股份有限公司","慧友","光電業","－","新北市新店區寶橋路235巷133號7樓之一","	89639615","莊永順","施皓榮","施皓榮","總經理","張良輝","(02)2662-2338","1995/07/18","2003/08/25",新台幣                 10.0000元,668010000,66801000,0,0,合併,每年,董事會,"福邦證券(股)有限公司","(02)2371-1658","台北市中正區忠孝西路一段６號６樓","資誠聯合會計師事務所","張淑瓊","謝瑋莉","EverFocus","7F.-1, No. 133, Ln. 235, Baoqiao Rd., Xindian Dist., New Taipei CityNew Taipei City, Taiwan","(02)2662-3632","Marketing@everfocus.com.tw","www.EverFocus.com","林佳韋","財會經理","2662-2338","investor@everfocus.com.tw","https://ir.everfocus.com.tw/IR.asp#A01","https://ir.everfocus.com.tw/IR.asp#A02"
"5515","建國工程股份有限公司","建國","建材營造","－","台北市敦化南路二段67號20樓","	46298200","吳昌修","甘茂盛","孔思嘉","副總經理","王進財","02-27849730","1960/11/21","2003/10/06",新台幣                 10.0000元,2016000840,201600084,0,0,合併,每年,股東會,"元大證券股份有限公司","02-2586-5859","臺北市大安區敦化南路2段67號地下一樓","勤業眾信聯合會計師事務所","張麗君","郭文吉","CHIEN KUO 　　","20F., No. 67, Tun Hua S. Road, Sec. 2　　Taipei, Taiwan, R.O.C　　","02-27057895","spokesman@ckgroup.com.tw","http://www.ckgroup.com.tw","王進財","財務經理","02-27849730ext313","jintsai_wang@ckgroup.com.tw","http://www.ckgroup.com.tw/responsibility/","http://www.ckgroup.com.tw/investors/"
"5519","隆大營建事業股份有限公司","隆大","建材營造","－","高雄市前鎮區民權二路380號18樓之1","	85898033","陳武聰","洪茂源","陳又齊","副董事長","洪茂源","07-3367041","1982/04/30","2014/02/10",新台幣                 10.0000元,2191971800,219197180,0,0,合併,每年,董事會,"永豐金證券股務代理部","02-23816288","台北市中正區博愛路17號3樓","安永聯合會計師事務所","李芳文","陳政初","LD","Rm1, 18th Floor, 380 Min Chuuan 2nd RoadKaohsiung Taiwan R.O.C.","07-3366685","longda@longda.com.tw","www.longda.com.tw","陳又齊","副董事長","07-3367041","longda@longda.com.tw","www.longda.com.tw","https://www.longda.com.tw/govern.php"
"5521","工信工程股份有限公司","工信","建材營造","－","台北市市民大道四段102號8樓","	03028404","潘瑩娟","丁承之","李桂潀","公司治理主管","黃麗宛","(02)27514188","1947/02/01","2012/12/18",新台幣                 10.0000元,4922801550,492280155,0,0,合併,每年,股東會,"台新綜合證券股務代理部","02-2504-8125","台北市中山區建國北路一段96號B1","資誠聯合會計師事務所","文雅芳","王方瑜","KSECO　　","CIVIL  BOULEVARD. Sec.4,102,8F　　Taipei  Taiwan  R.O.C.　　","(02)27218027","kseco@kseco.com.tw","http://www.kseco.com.tw","阮彥萍","專員","2751-4188#508","kseco@kseco.com.tw","https://www.kseco.com.tw/tc/stakeholder.aspx","https://www.kseco.com.tw/tc/regulations.aspx"
"5522","遠雄建設事業股份有限公司","遠雄","建材營造","－","台北市信義區基隆路一段200號16樓","	04673318","趙文嘉","王耀堂","謝清林","副總經理","羅文邑","2723-9999","1978/08/09","2007/08/06",新台幣                 10.0000元,7815962410,781596241,0,0,合併,每半會計年度,董事會,"元大證券股份有限公司","2586-5859","台北市大安區敦化南路2段67號地下一樓","資誠聯合會計師事務所","楊蕙慈","張淑瓊","Farglory","16F No.200, Keelung Rd. Sec 1Taiwan, Taipei　　","2729-1519","b3576@farglory.com.tw","http://www.farglory-land.com.tw/","謝清林","副總經理","2723-9999","b3576@farglory.com.tw","https://www.farglory-land.com.tw/esg/matrix-of-major-issues/","https://www.farglory-land.com.tw/investors/#corporate"
"5525","順天建設股份有限公司","順天","建材營造","－","台中市文心路二段201號3樓","	22764965","柯興樹","林丙申","林丙申","總經理","沈琬雯","04-22595777","1987/11/28","2004/11/26",新台幣                 10.0000元,3181053780,318105378,0,0,合併,每年,股東會,"群益金鼎證券股份有限公司","02-27035000","台北市大安區敦化南路二段97號B2","建智聯合會計師事務所","廖年傑","黃祥穎","SWEETEN　","3F.NO201.SEC.2, RD.WEN HSIN .TAICHUNG.TAIWAN.ROC.　　","04-22581901","sweeten@sweeten.com.tw","www.sweeten.com.tw","林丙申","總經理","04-22595777","sweeten@sweeten.com.tw","www.sweeten.com.tw","https://www.sweeten.com.tw/investors/"
"5531","鄉林建設事業股份有限公司","鄉林","建材營造","－","台中市西區台灣大道二段408號","	23641822","賴正鎰","方偉民","洪勝義","特別助理","無","04-23227777","1990/05/29","2005/01/31",新台幣                 10.0000元,10775892450,977589245,0,100000000,合併,每年,股東會,"富邦綜合證券股份有限公司","02-23611300","台北市許昌街17號11樓","國富浩華聯合會計師事務所","洪淑芬","蕭又文","Shining","No.408,sec.2,Taiwan Blvd.,West Dist.,Taichung City ,Taiwan (R.O.C.)","04-23226080","ac-peggy@shininggroup.com.tw","http://www.shininggroup.com","陳重元","財務長","04-23227777","barry0937@gmail.com","https://shininggroup.com/social_responsibility/stakeholder","https://shininggroup.com/social_responsibility/governance"
"5533","皇鼎建設開發股份有限公司","皇鼎","建材營造","－","台北市敦化南路一段294號3樓","	23988653","劉信雄","曹羅方","曹羅方","總經理","鄭燕芬","27025887","1991/04/20","2008/04/30",新台幣                 10.0000元,2852449440,285244944,0,0,合併,每年,董事會,"台新綜合證券(股)股務代理部","25048125","台北市建國北路一段96號地下1樓","勤業眾信聯合會計師事務所","謝明忠","呂宜真","FOUNDING　　","3F, 294 , Tun Tua S. Rd. , Sec 1　　Taipei,Taiwan　　","27073554","founding@founding.com.tw","www.founding.com.tw","曹羅方","總經理","27025887-224","raphael@founding.com.tw","https://www.founding.com.tw/stakeholder.php","https://www.founding.com.tw/investor05.php"
"5534","長虹建設股份有限公司","長虹","建材營造","－","台北市北平東路30號11樓","	04633597","李文造","李耀中","陳茂慶","財務長","聶淑雯","02-2396-3280","1975/12/04","2004/05/24",新台幣                 10.0000元,3153259600,315325960,0,0,合併,每年,股東會,"群益金鼎證券股份有限公司","(02)2703-5000","(106)台北市敦化南路二段97號B2","安侯建業聯合會計師事務所","許明芳","傅泓文","CHONG HONG","11F., No.30, Beiping E. Rd., Zhongzheng Dist.,Taipei 100, Taiwan, R.O.C.　","02-2396-9808","fin@chonghong.com.tw","http://www.chonghong.com.tw","陳茂慶","財務長&發言人","02-2396-3280","fin@chonghong.com.tw","http://www.chonghong.com.tw","https://chonghong.com.tw/corporate-governance"
"5538","開曼東明控股股份有限公司","東明-KY","鋼鐵工業","KY","高雄市岡山區中山北路140號15樓(訴訟及非訟代理人聯絡處)","	02769941","蔡清東","蔡弘泉","柯文玲","岡山東穎總經理","蔡正雄","07-6235538","2009/11/30","2013/12/16",新台幣                 10.0000元,2012033330,201203333,0,0,合併,每年,董事會,"凱基證券股份有限公司股務代理部","02-23892999","台北市重慶南路一段2號5樓","勤業眾信聯合會計師事務所","彭以驊","謝明忠","TONG MING","15F, No. 140,Chung Shen N. Rd., Kang Shan Dist.,Kaohsiung City, Taiwan R.O.C","07-6218099","tongming@tonggroup.com.tw","www.tonggroup.com.tw","柯文玲","總經理","0955365538","ir@tonggroup.com.tw","http://www.tonggroup.com.tw/36899320972510520497.html","https://www.tonggroup.com.tw/1997712289208442149627835297022356021312.html"
"5546","永固集團股份有限公司","永固-KY","建材營造","KY","台北市松山區復興北路99號15樓","	77211448","簡國釧","林皇智","簡國釧","董事長","鄭秉宸","(02)27157546","2016/05/27","2020/05/20",新台幣                 10.0000元,823534020,82353402,0,0,合併,每年,董事會,"中國信託商業銀行代理部","(02)66365566","100台北市中正區重慶南路一段83號5樓","安永聯合會計師事務所","林秀青","余倩如","YGI","5F., No. 99-1, Fuxing N. Rd., Songshan Dist., Taipei City 105Taiwan (R.O.C.)","(02)27157501","yonggu@yg1999.com","http://www.yg1999.com/tw/","鄭秉宸","經理","(02)27157546","yonggu5546@gmail.com","http://www.yg1999.com/tw/flzq/","http://www.yg1999.com/tw/gszl/list-17/"
"5607","遠雄自貿港投資控股股份有限公司","遠雄港","航運業","－","台北市信義區基隆路1段200號23樓之1","	86121030","葉鈞耀","賴嘉玲","許厥偉","經理","李玉屏","03-3992888","1991/06/24","2004/12/02",新台幣                 10.0000元,3705529130,370552913,0,0,合併,每年,股東會,"元大證券股份有限公司","02-25865859","台北市大安區敦化南路2段67號地下一樓","資誠聯合會計師事務所","支秉鈞","廖福銘","Farglory FTZ 　","101 Hangsiang Road  DayuanTaoyuan,Taiwan R.O.C.　","03-3938505","joseph.hsu@ftz.com.tw","http://www.ftz.com.tw","許厥偉","經理","033992888-15300","joseph.hsu@ftz.com.tw","http://www.ftz.com.tw","https://www.ftz.com.tw/investors/message/8/"
"5608","四維航業股份有限公司","四維航","航運業","－","台北市105松山區復興北路167號16樓","	12551801","藍心琪","藍心琪","許綱倫","財務長","劉知卿","02-87121888","1985/03/11","2003/08/25",新台幣                 10.0000元,3892761380,389276138,0,0,合併,每年,董事會,"兆豐證券股份有限公司股務代理部","02-33930898","台北市忠孝東路二段95號1樓","安侯建業聯合會計師事務所","池世欽","曾國禓","S. W.","16F. NO. 167, FUSING N. RD.,TAIPEI, TAIWAN, R.O.C.","02-87127598","accounting@swnav.com.tw","www.swnav.com.tw","林芳儀","協理","02-87121888","investor@swnav.com.tw","www.swnav.com.tw/stakeholders","https://www.swnav.com.tw/govern/corporate"
"5706","鳳凰國際旅行社股份有限公司","鳳凰","觀光餐旅","－","台北市長安東路一段25號4樓","	11322915","張巍耀","卞傑民","卞傑民","總經理","邵鼎清","25370000","1957/04/30","2011/10/21",新台幣                 10.0000元,849109200,84910920,0,0,合併,每年,股東會,"永豐金證券股份有限公司","23816288","台北市博愛路17號3樓","致遠聯合會計師事務所","曾瓊慧","曾瑞燕","PHX TOUR","4F,  NO.25,   CHANG-AN E. RD.  SEC.1TAIPEI  , TAIWAN","25232039","annie.chou@phoenix.com.tw","travel.com.tw","卞傑民","總經理","02-25378123","benjamin.pien@phoenix.com.tw","http://holder.travel.com.tw/","https://holder.travel.com.tw"
"5871","中租控股股份有限公司","中租-KY","其他","KY","台北市內湖區瑞光路362號(訴訟及非訟代理人聯絡處)","	26389569","陳鳳龍","陳鳳龍","廖英智","執行副總經理","陳文正","02-87526388","2009/12/24","2011/12/13",新台幣                 10.0000元,18614211610,1711421161,0,150000000,合併,每年,股東會,"群益金鼎證券股務代理部","02-27023999","(106)台北巿大安區敦化南路2 段97 號B2","安侯建業聯合會計師事務所","許淑敏","吳趙仁","Chailease","No. 362 Rueiguang Rd., Neihu Dist.,Taipei, Taiwan","02-87526280","PRD@chailease.com.tw","http://www.chaileaseholding.com/","樊梅芳","副總經理","02-87526388 ext72529","ir@chailease.com.tw","https://www.chaileaseholding.com/CSR/RelatedMeeting","https://www.chaileaseholding.com/CorporateGovernance"
"5876","上海商業儲蓄銀行股份有限公司","上海商銀","金融保險業","－","台北市中山區民權東路一段2號","	03036306","李慶言","郭進一","呂紹宇","副總經理","陳嘉鴻","02-25817111","1954/09/09","2018/10/19",新台幣                 10.0000元,48616031400,4861603140,0,0,合併,每年,股東會,"華南永昌綜合證券股務代理部","02-27186425","台北市民生東路四段54號四樓","資誠聯合會計師事務所","吳尚燉","吳偉臺","SCSB","No. 2, Sec. 1, Minquan E. Rd.,TAIPEI, TAIWAN, R.O.C.","02-66082668","service@scsb.com.tw","www.scsb.com.tw","謝依玲","副理","02-25817111#59255","ir@scsb.com.tw","https://www.scsb.com.tw/content/about/about09_j.html","https://www.scsb.com.tw/content/about/about09_d.html"
"5880","合作金庫金融控股股份有限公司","合庫金","金融保險業","－","臺北市松山區長安東路二段225號17樓,19樓","	53021433","林衍茂","蘇佐政","陳幼婉","副總經理","黃鈴翠","(02)2173-8888","2011/12/01","2011/12/01",新台幣                 10.0000元,156809369140,15680936914,0,0,合併,每年,股東會,"元大證券股份有限公司","02-2586-5859","臺北市大安區敦化南路2段67號B1","勤業眾信聯合會計師事務所","陳盈州","林旺生","TCFHC","17F,19F,  No.225, Sec. 2, Chang'an E. Rd., Songshan Dist.,Taipei City,Taiwan,R.O.C","(02)2731-3677","spokesman@tcfhc.com.tw","www.tcfhc.com.tw","蔡雅芬","公共關係組組長","(02)21738888#5106","YAFEN@tcfhc.com.tw","http://www.tcfhc.com.tw/corporate_governance/interested_parties/","https://www.tcfhc.com.tw/governance/governance"
"5906","台南生活(開曼)股份有限公司","台南-KY","貿易百貨","KY","台南市東區東門路二段297號1樓","	36855058","楊青&#23791;","陳慧姝","黃鋕沅","會計經理","陳慧姝","(06)2006277","1999/02/08","2011/10/24",新台幣                 10.0000元,357414120,35741412,0,0,合併,每年,股東會,"台新綜合證券(股)公司股務代理部","02-25048125","台北市中山區建國北路1段96號地下1樓","勤業眾信聯合會計師事務所","楊朝欽","吳長駿","TAINAN CAYMAN","1F., No.297, Sec.2, Dongmen. Rd.,East Dist., Tainan City701, Taiwan( R.O.C)Tainan, Taiwan, R.O.C.","(06)2004211","carol.lian@mail.tainancayman.com","www.tainancayman.com","連凰樺","財務經理","06-2006277","carol.lian@mail.tainancayman.com","https://reurl.cc/YYyRyL","https://reurl.cc/OjlG7R"
"5907","Grand Ocean RetailGroupLimited","大洋-KY","貿易百貨","KY","台北市大安區復興南路二段237號14樓(訴訟及非訴訟代理人聯絡處)","	53013068","LEE ENG LEONG","黃清海","黃清海","總經理","許進易","(02)2707-8833","2006/08/23","2012/06/06",新台幣                 10.0000元,1955310000,195531000,0,0,合併,每年,股東會,"凱基證券股份有限公司","(02)2389-2999","台北市中正區重慶南路一段2號5樓","安侯建業聯合會計師事務所","潘俊名","陳宗哲","GORG","14F., No.237, Sec. 2, Fuxing S. Rd., Da’an Dist.Taipei City 106, Taiwan","(02)2706-5229","jyxu27@gmail.com","http://www.grandocean.com.tw/","許進易","會計經理","(02)2707-8833 #106","jyxu27@gmail.com","http://www.grandocean.com.tw/","http://www.grandocean.com.tw/"
"6005","群益金鼎證券股份有限公司","群益證","金融保險業","－","台北市民生東路三段156號14樓之3","	22956035","周秀真","李文柱","曹光志","副總經理","蔡文娟/黃啟明","8789-8888","1988/06/21","2005/11/21",新台幣                 10.0000元,21709080970,2170908097,0,0,合併,每年,股東會,"群益金鼎證券股務代理部","(02)2702-3999","台北市大安區敦化南路二段97號地下二樓","安侯建業聯合會計師事務所","吳政諺","陳奕任","CSC","14F.-3, No. 156, Sec. 3, Minsheng E. Rd.,Taipei City 10596, Taiwan, R.O.C","8789-2940","spokesman@capital.com.tw","WWW.CAPITAL.COM.TW","曹光志","副總經理","8789-8888","spokesman@capital.com.tw","https://www.capital.com.tw/Capitalgroup/stakeholder/stakeholder.asp?xy=16&xt=16","https://www.capital.com.tw/web/#/about/legal-disclaimer/legal-disclaimer"
"6024","群益期貨股份有限公司","群益期","金融保險業","－","台北市大安區敦化南路2段97號地下1樓","	97176335","賈中道","毛振華","毛振華","總經理","林麗娟","2700-2888","1997/02/26","2017/10/16",新台幣                 10.0000元,2499375840,249937584,0,0,合併,每年,股東會,"群益金鼎證券股份有限公司","(02)2702-3999","台北市敦化南路2段97號地下2樓","安侯建業聯合會計師事務所","吳政諺","陳奕任","CFC","B1., No. 97, Sec. 2, Dunhua S. Rord. Da'an Dist.,Taipei City 10682, Taiwan , R.O.C.","2705-9777","edward.mao@futures.capital.com.tw","https://www.capitalfutures.com.tw/zh-tw","毛振華","總經理","2700-2888","edward.mao@futures.capital.com.tw","https://www.capitalfutures.com.tw/zh-tw/relevant/stakeholders","https://www.capitalfutures.com.tw/zh-tw/company/governance"
"6108","競國實業股份有限公司","競國","電子零組件業","－","新北巿樹林區俊英街84巷6號","	36084833","曹月霞","賴進財","蔡政宏","財務處長","賴進財","(02)2683-2626","1981/12/08","2008/12/30",新台幣                 10.0000元,1544943110,154494311,0,0,合併,每年,股東會,"凱基證券股份有限公司","(02)2389-2999","台北市重慶南路一段2號5樓","安侯建業聯合會計師事務所","趙敏如","吳佳翰","APCB INC.　　","No. 6, Lane 84, Chun-Ying St., Shu-Lin District,New Taipei City (23863), Taiwan","(02)2683-8440","em@apcb.com.tw　　","www.apcb.com.tw","蔡政宏","財務處長","(02)26832626-1300","em@apcb.com.tw","http://www.apcb.com.tw/LiHaiGuanXiRen.aspx?pid=12#jianbie","http://www.apcb.com.tw/DongShiHui.aspx?pid=10"
"6112","邁達特數位股份有限公司","邁達特","資訊服務業","－","台北市114內湖路一段516號10樓","	16428796","曾文興","施建成","林弘香","財務長","謝智慧","(02)87978260","1998/04/16","2003/08/04",新台幣                 10.0000元,1883573360,188357336,66000000,0,合併,每年,董事會,"台新綜合證券(股)公司股務代理部","(02)2504-8125","台北市中山區建國北路1段96號B1","安侯建業聯合會計師事務所","傅泓文","莊鈞維","Metaage","10F,NO.516,Sec.1,Neihu Rd.,Taipei  114,TAIWAN, R.O.C.　Taipei ,TAIWAN, R.O.C.　","(02)87978261","public@metaage.com.tw","https://www.metaage.com.tw/","林弘香","財務長","87978260","public@metaage.com.tw","https://www.metaage.com.tw/investor_relations/stock_inquiry","https://www.metaage.com.tw/company_governance/structure"
"6115","鎰勝工業股份有限公司","鎰勝","電子零組件業","－","桃園市龜山區大華里頂湖路50號","	22304288","黃子成","方義雄","高事榮","協理","丁文蓮","03-3282391","1986/11/25","2004/07/19",新台幣                 10.0000元,1876621540,187662154,0,0,合併,每年,股東會,"永豐金証券(股)公司股務代理部","02-23816288","台北市中正區博愛路17號3樓","安永聯合會計師事務所","余倩如","呂倩雯","I-SHENG","50, Tin Hwu Road. Ta Gann Village, Gwal San Hsian 　　Tao Yuang Hsien, Taiwan, R.O.C.　　","03-3284228","dillen@isheng.com.tw","www.isheng.com.tw","高事榮","協理","0332823921","dillen@isheng.com.tw","https://www.isheng.com.tw/esg/page/she-hui-ze-ren.4#li-hai-guan-xi-ren","https://www.isheng.com.tw/esg/page/gong-si-zhi-li.5"
"6116","瀚宇彩晶股份有限公司","彩晶","光電業","－","台北市內湖區行善路168巷15號4樓","	16450500","焦佑麒","陳盛中","邱博興","副總經理","簡宏毅資深處長","02-55550077","1998/06/18","2004/09/06",新台幣                 10.0000元,28586548510,2858654851,0,0,合併,每年,股東會,"瀚宇彩晶股份有限公司股務辦事處","02-27905885","台北市內湖區行善路398號8樓","資誠聯合會計師事務所","廖福銘","林永智","Hannstar　　","4F., No. 15, Ln. 168, Xingshan Rd., Neihu Dist.,Taipei City 114762, Taiwan, R.O.C.　　","02-55525263","ir@hannstar.com","www.hannstar.com","簡宏毅","資深處長","02-55550077","ir@hannstar.com","https://www.hannstar.com/investors/contacts","https://www.hannstar.com/sustainability/governance"
"6117","迎廣科技股份有限公司","迎廣","電腦及週邊設備業","－","桃園市龜山區南上路350巷57號","	09497109","賴文賢","黃國輝","康博興","特助","李淑玲","(03)3229898","1985/12/11","2003/08/25",新台幣                 10.0000元,925454080,92545408,0,0,合併,每年,股東會,"統一綜合證券股份有限公司","(02)2747-8266","台北市東興路8號1樓","安永聯合會計師事務所","張正道","王甯寬","IN WIN","NO 57 LANE 350 NANSHANG ROAD　GUEISHAN HSIANG,TAOYUAN TAIWAN　　","(03)3527808","peter.kan@in-win.com.tw","https://www.in-win.com/","康博興","特助","(03)3229898#1226","peter.kan@in-win.com.tw","https://www.in-win.com/tw/csr/stakeholders-area","https://www.in-win.com/tw/investor/corporate-governance"
"6120","達運精密工業股份有限公司","達運","光電業","－","新竹縣湖口鄉光復北路20-1號","	23504361","蔡國新","黃勝凱","荊國泰","財務長","林婉茹","03-5668000","1989/10/13","2006/09/13",新台幣                 10.0000元,5989996020,598999602,0,0,合併,每年,董事會,"台新證券股務代理部","02-25048125","台北市建國北路一段96號地下一樓","安侯建業聯合會計師事務所","陳政學","陳燕慧","DARWIN","No.20-1, Guangfu N. Rd., Hukou Township,Hsinchu County, Taiwan, R.O.C.","03-5668088","ir@darwinprecisions.com","www.darwinprecisions.com","荊國泰","財務長","03-5668000","ir@darwinprecisions.com","https://www.darwinprecisions.com/zh-tw/responsibility-3.php","https://www.darwinprecisions.com/zh-tw/investors-1-0.php"
"6128","上福全球科技股份有限公司","上福","電腦及週邊設備業","－","台中市梧棲區自強路50號","	56625344","王國印","王瑞麒","黃懷德","執行副總","黃育華","04-26393103","1978/07/12","2003/06/16",新台幣                 10.0000元,1275887400,127588740,0,0,合併,每年,董事會,"凱基證券股份有限公司","02-2389-2999","台北市重慶南路一段2號5樓","安永聯合會計師事務所","黃宇廷","賴書晨","GPI　　","50. Tzu-Chiang Rd.,　　Wu-Chi Town, Taichung City, Taiwan　　","04-26396204","gpico@gpi.com.tw","www.gpi.com.tw","黃裕程","董事室資深管理師","04-26393103","csr@gpi.com.tw","https://www.gpi.com.tw/csr-4.html","https://www.gpi.com.tw/governance.html"
"6133","金橋科技股份有限公司","金橋","電子零組件業","－","新北市深坑區北深路三段270巷6號3樓","	04865462","林麥升","蔣德山","邱建明","財務長兼發言人","暫缺","(02)2662-7300","1976/11/26","2003/08/15",新台幣                 10.0000元,1170062940,117006294,0,0,合併,每年,股東會,"中國信託商業銀行代理部","(02)6636-5566","台北市重慶南路一段83號5樓","安侯建業聯合會計師事務所","余聖河","羅瑞芝","GBE　","3F., NO.6, LANE 270, SEC. 3, BEISHEN RD., SHENKENG DIST.222, NEW TAIPEI CITY,TAIPEI TAIWAN, R.O.C.","(02)2662-0642","james.chiu@gbe.com.tw","www.gbe.com.tw","邱建明","財務長","(02)26627300","james.chiu@gbe.com.tw","http://www.gbe.com.tw/Investor%20Relations.html","－"
"6136","富爾特科技股份有限公司","富爾特","通信網路業","－","新北市新店區寶強路6-3號5樓","	86616791","吳長青","鄭正川","鄭正川","總經理","毛睿烽","(02)8912-4300","1992/04/13","2003/08/25",新台幣                 10.0000元,1155364120,115536412,0,0,合併,每年,董事會,"台新證券股務代理部","(02)2504-8125","台北市建國北路一段96號地下一樓","安永聯合會計師事務所","許新民","余倩如","FTC　　","5F., No.6-3, Baoqiang Rd., Xindian Dist., New Taipei City 23144, TaiwanNew Taipei City , Taiwan, R.O.C　　","02-89124301","ir@fullerton.com.tw","www.fullerton.com.tw","鄭正川","總經理","(02)8912-4300","ir@fullerton.com.tw","https://ir.fullerton.com.tw/stakeholder/1","https://govern.fullerton.com.tw/governance/1"
"6139","亞翔工程股份有限公司","亞翔","其他電子業","－","新北市汐止區大同路一段175號14樓","	12204275","姚祖驤","蔣曉麟","蔣曉麟","總經理","陳淑珍","26919099","1978/12/07","2003/08/25",新台幣                 10.0000元,2355757240,235575724,0,0,合併,每年,股東會,"中國信託商業銀行","02-6636-5566","台北市重慶南路一段83號5樓","資信聯合會計師事務所","戴至柔","陳榮華","L & K　","14F., No.175, Sec. 1, Datong Rd., Xizhi Dist.,New Taipei City, Taiwan, R.O.C.","26907168","FD1300@lkeng.com.tw","www.lkeng.com.tw","陳淑珍","財會處資深副總","02-26919099","FD1300@lkeng.com.tw","www.lkeng.com.tw","https://www.lkeng.com.tw/investors2.php"
"6141","柏承科技股份有限公司","柏承","電子零組件業","－","台北市大安區基隆路二段112號12樓","	23750095","李齊良","洪宗義","張美齡","總經理特助","黃月雲","(03)354-3961","1990/05/20","2003/10/22",新台幣                 10.0000元,1133540050,113354005,0,0,合併,每年,股東會,"富邦綜合證券股務代理部","(02)2361-1300","台北市中正區許昌街17號11樓","正風聯合會計師事務所","林&#21843;平","彭莉真","PLOTECH　","　　12F  NO. 112  SEC. 2, KEE  LUNG  RD　　TAIPEI., TAIWAN","(03)354-3963","finances@plotech.com","https://www.plotech.com","張美齡","總經理特助","(02)2737-5351","may@plotech.com","https://www.plotech.com","https://www.plotech.com"
"6142","友勁科技股份有限公司","友勁","通信網路業","－","台北市內湖區新湖三路275號2F","	22099744","吳宗哲","鄭吉智","鄭吉智","總經理","蘇慧嫈","02-773-63000","1991/03/11","2003/08/04",新台幣                 10.0000元,3307792150,330779215,101100000,0,合併,每年,股東會,"群益金鼎證券股份有限公司","02-2702-3999","台北市大安區敦化南路二段97號B2","安侯建業聯合會計師事務所","辛郁婷","簡思娟","CAMEO","2F., No.275, Xinhu 3rd Rd.Neihu Dist.,Taipei City 114, Taiwan","02-2796-0610","ir@cameo.com.tw","www.cameo.com.tw","鄭吉智","總經理","02-773-63000","Investors@cameo.com.tw","https://www.cameo.com.tw/home-2/esg_main/esg_stakeholders/","https://www.cameo.com.tw/home-2/corporate_governance/"
"6152","百一電子股份有限公司","百一","通信網路業","－","桃園市中壢區自強一路3號","	89549585","許錦輝","許錦輝(董事長兼任)","許錦輝","董事長兼任總經理","黃麗珍","03-4615000","1995/06/12","2009/12/08",新台幣                 10.0000元,1677384630,167738463,0,0,合併,每年,股東會,"永豐金證券股份有限公司","02-23816288","台北市博愛路17號3樓","安永聯合會計師事務所","羅筱靖","陳國帥","PRIME","3, Tze-Chiang 1st Road, Chung-Li Industrial Zone, Chung-Li City,Chung-Li Dist., Taoyuan City, Taiwan.","03-4614000","lilian@pesi.com.tw","www.pesi.com.tw","黃麗珍","財務部 IR經理","03-461-5000 # 305","lilian@pesi.com.tw","http://www.pesi.com.tw/about/§Q?`???Y?H±M°?","https://www.pesi.com.tw/governing"
"6153","嘉聯益科技股份有限公司","嘉聯益","電子零組件業","－","新北市樹林區博愛街248號","	86980046","賴偉珍","張家豪","傅賢基","財務長","簡美琪","02-86868868","1992/11/03","2008/01/21",新台幣                 10.0000元,6361776940,636177694,88826433,0,合併,每年,股東會,"元大證券股份有限公司","(02)2586-5859","106臺北市大安區敦化南路2段67號地下一樓","勤業眾信聯合會計師事務所","彭詩玄","張至誼","Career Tech.　","No.248, Bo-ai St., Shulin Dist., New Taipei City 238, Taiwan (R.O.C.)Taipei, Taiwan","02-86866998","finance@careergroups.com","www.careergroups.com","傅賢基","財務長","02-86868868","finance@careergroups.com","https://www.careergroups.com/ZH/csr/","https://www.careergroups.com/ZH/Investors/shareholderlist.aspx"
"6155","鈞寶電子工業股份有限公司","鈞寶","電子零組件業","－","桃園市平鎮區南豐路269號","	22306130","楊正利","蔡裕江","蔡裕江","總經理","陳震漢","03-4698855","1986/11/29","2006/08/18",新台幣                 10.0000元,880239880,88023988,0,0,合併,每年,股東會,"台新證券股務代理部","02-25048125","台北市建國北路1段96號B1","安永聯合會計師事務所","林政緯","陳國帥","KC　　","No.269, Nanfong Rd. , Pingjhen District , Taoyuan City 324 , R. O. C　　","03-4690127","kc@mail.kingcore.com.tw","www.kingcore.com.tw","蔡裕江","總經理","03-4698855","kc@mail.kingcore.com.tw","https://www.kingcore.com/tw/interested-parties","https://www.kingcore.com/tw/investorarea-65"
"6164","華興電子工業股份有限公司","華興","光電業","－","新北市新店區中正路542-5號5樓","	34168978","劉守雄","劉守雄","蔡尚欣","財會處資深副總經理","待人選確定後公告","(02)22186891","1977/09/06","2008/10/21",新台幣                 10.0000元,800000000,80000000,0,0,合併,每年,董事會,"中國信託商業銀行股份有限公司","(02)6636-5566","台北市中正區重慶南路一段83號5樓","安永聯合會計師事務所","羅筱靖","馬君廷","LEDTECH　","5F.,NO.542-5,ZHONGZHENG  RD.,XINDIAN DIST.,　NEW TAIPEI  CITY , TAIWAN, R.O.C.","(02)22194336","raymond_tsai@ledtech.com.tw","www.ledtech.com","蔡尚欣","財會處資深副總經理","(02)22186891-1500","raymond_tsai@ledtech.com.tw","www.ledtech.com.tw/investor-cn/corporate-governance-cn/","https://www.ledtech.com.tw/investor-cn/corporate-governance-cn/"
"6165","浪凡網路科技股份有限公司","浪凡","數位雲端","－","臺北市士林區中山北路五段506號4樓","	04386575","王亦衡","王亦衡","王亦衡","董事長","陳華滋","(02)2731-0868","1973/04/18","2003/08/04",新台幣                 10.0000元,777526230,77752623,0,0,合併,每年,董事會,"福邦證券(股)公司股務代理部","(02)2383-6888","台北市中正區忠孝西路一段6號6樓","安侯建業聯合會計師事務所","紀孟君","楊樹芝","Lang","4F., No. 506, Sec. 5, Zhongshan N. Rd., Shilin Dist.,Taipei City 111 , Taiwan (R.O.C.)","(02)2731-1508","investor@langinc.com.tw","www.langinc.com.tw","王亦衡","董事長","(02)2731-0868","investor@langinc.com.tw","https://langinc.com.tw/§????H???Y?B?z???f/","https://langinc.com.tw/???q?v?z/"
"6166","凌華科技股份有限公司","凌華","電腦及週邊設備業","－","桃園市龜山區華亞一路66號","	89593343","劉鈞","黃怡暾","陳淑芬","協理","林郁庭","(03)216-5088","1995/08/07","2004/11/08",新台幣                 10.0000元,2176992570,217699257,14707559,0,合併,每年,董事會,"台新證券股務代理部","(02)2504-8125","台北市建國北路一段96號B1","勤業眾信聯合會計師事務所","劉建良","王儀雯","ADLINK　　","No. 66, Huaya 1st Rd., Guishan Dist.,Taoyuan City 333411, Taiwan(R.O.C.)","(03)328-5717","investor@adlinktech.com","www.adlinktech.com","陳淑芬","協理","(03)216-5088","iris.chen@adlinktech.com","https://www.adlinktech.com/tw/investorrelations","https://www.adlinktech.com/tw/Management"
"6168","宏齊科技股份有限公司","宏齊","光電業","－","新竹市中華路五段522巷18號","	89358419","汪秉龍","汪秉龍","蘇育慧","財務部副處長","李佳慈","03-5399889","1995/03/21","2003/08/25",新台幣                 10.0000元,2057618010,205761801,0,0,合併,每年,董事會,"宏遠證券股份有限公司","02-77198899","台北市信義路四段236號3樓","勤業眾信聯合會計師事務所","方蘇立","張雅芸","HARVATEK CORPOR","No.18,Lane 522,Section 5,Chung  Hwa Road, Hsin Chu, Taiwan R.O.C.Hsin Chu, Taiwan R.O.C.　","03-5399237","evasu@harvatek.com.tw","www.harvatek.com","蘇育慧","財務部副處長","03-5399889#1200","evasu@harvatek.com.tw","https://www.harvatek.com.tw/stakeholder","https://www.harvatek.com.tw/board-members"
"6176","瑞儀光電股份有限公司","瑞儀","光電業","－","高雄市前鎮區中六路一號","	22101208","王昱超","王昱超","黃涼","副總經理","顏雯伶","07-8216151","1995/07/24","2007/05/15",新台幣                 10.0000元,4650272630,465027263,0,0,合併,每年,董事會,"宏遠證券股份有限公司股務代理部","02-23268818","台北市大安區信義路四段236號3樓","安侯建業聯合會計師事務所","陳永祥","高鈺倫","ROEC","No. 1, Central 6th Rd., Qianzhen Dist.Kaohsiung Taiwan R.O.C.","07-8154669","roec@radiant.com.tw","www.radiant.com.tw","顏雯伶","經理","07-8216151","ir@radiant.com.tw","http://esg.radiant.com.tw/about_operating","https://www.radiant.com.tw/radiant/xhtml/zh/company04.jsf"
"6177","達麗建設事業股份有限公司","達麗","建材營造","－","台北市中山區建國北路一段96號10樓","	04477420","謝志長","李堯芳","廖政雄","公關法務室副總經理","黃志銘","02-25061966","1977/10/04","2013/08/01",新台幣                 10.0000元,4718914260,471891426,0,0,合併,每年,董事會,"元大證券(股)公司股務代理部","(02)2586-5859","106台北市大安區敦化南路二段67號地下一樓","安侯建業聯合會計師事務所","韓沂璉","陳宗哲","DA-LI CO.,LTD.","10F., No.96, Sec. 1, Jianguo N. Rd., Zhongshan Dist.,Taipei City 10489, Taiwan (R.O.C.)","02-25061989","service.home@da-li.com.tw","http://www.da-li.com.tw","廖政雄","公關法務室副總經理","02-25061966","CH.liao@da-li.com.tw","http://www.da-li.com.tw/contact2.htm","https://www.da-li.com.tw/page/da-li-management/"
"6183","關貿網路股份有限公司","關貿","資訊服務業","－","台北市南港區三重路19-13號6樓","	97162640","張陸生","高國峰","陳雪桃","副總經理","石欣白","02-26551188","1996/08/06","2011/12/01",新台幣                 10.0000元,1500000000,150000000,0,0,合併,每年,股東會,"兆豐證券股份有限公司","02-33930898","(100)臺北市中正區忠孝東路2段95號1樓","安永聯合會計師事務所","張正道","林世寰","TRADE-VAN　　","6FL., No.19-13, Sanchung Road　Taipei, Taiwan,R.O.C.　　","02-26550598","marketing@tradevan.com.tw","http://www.trade-van.com/","陳雪桃","副總經理","02-26551188","grace.chen@tradevan.com.tw","http://www.trade-van.com/investor/index.do?act=stockholder&type=11","https://www.trade-van.com/investor/index.do?act=investor-1&type=5"
"6184","大豐有線電視股份有限公司","大豐電","其他","－","新北市土城區中華路二段207號5樓","	96974228","張銘志","陳宣任","陳宣任","總經理","柯勻婷","(02)8253-8888","1996/03/11","2005/02/15",新台幣                 10.0000元,1582306570,158230657,0,0,合併,每半會計年度,董事會,"宏遠證券股份有限公司","(02)2326-8818","台北市信義路4段236號3樓","資誠聯合會計師事務所","張淑瓊","吳仁杰","Dafeng TV Ltd.","5F., No.207, Sec. 2, Zhonghua Rd.,Tucheng Dist., New Taipei City,Taiwan","(02)2266-1234","lydialiu@dmg.tv","http://www.dafeng.tv","陳宣任","總經理","(02)8253-8888#7600","jameschen@dmg.tv","http://www.dafeng.tv/company/index.php?d=18","https://www.dafeng.tv/about/about#???q?v?z"
"6189","豐藝電子股份有限公司","豐藝","電子通路業","－","臺北市內湖區環山路一段32號4樓","	22151585","陳澄芳","杜懷琪","杜懷琪","總經理","吳麗雪","02-26590303","1986/05/26","2004/05/24",新台幣                 10.0000元,2637796570,263779657,0,0,合併,每年,董事會,"元大證券(股)公司股務代理部","02-2586-5859","臺北市大安區敦化南路2段67號地下一樓","勤業眾信聯合會計師事務所","郭乃華","池瑞全","Promate","4F NO.32 SEC.1 HUAN SHAN RD.,NEI HUTAIPEI 114 TAIWAN R.O.C","02-26590005","jasmine_wu@promate.com.tw","https://www.promate.com.tw/","吳麗雪","財務主管","26590303#1371","jasmine_wu@promate.com.tw","https://www.promate.com.tw/esg/stakeholders/","https://www.promate.com.tw/esg/corporate_governance/"
"6191","精成科技股份有限公司","精成科","電子零組件業","－","新北市新店區民權路48-3號4樓","	81069921","焦佑衡","陶正國/楊建輝","楊建輝","總經理","翁家玉","(02)2910-8800","1973/02/23","2007/10/19",新台幣                 10.0000元,4993030000,499303000,0,0,合併,每年,股東會,"精成科技股份有限公司股務辦事處","(02)27905885","114台北市內湖區行善路398號8樓","勤業眾信聯合會計師事務所","吳恪昌","張至誼","GBM","4F., No.48-3, Minquan Rd., Xindian Dist.,New Taipei City 231, Taiwan R.O.C.","(02)2912-1616","webmaster@gbmgroup.com","www.gbm.com.tw","翁家玉","財務本部協理","02-29108800","webmaster@gbmgroup.com","https://invest.gbm.com.tw/stakeholder-engagement/","https://invest.gbm.com.tw/organizational-chart/"
"6192","巨路國際股份有限公司","巨路","其他電子業","－","台北市南港區園區街3之1號12樓","	14033663","林建國","周行","周行","總經理","馬之駿","(02)27883656","1975/08/16","2004/09/27",新台幣                 10.0000元,961557700,96155770,0,0,合併,每年,董事會,"福邦證券股份有限公司","(02)2371-1658","100台北市中正區忠孝西路一段6號6樓","勤業眾信聯合會計師事務所","劉建良","張麗君","LUMAX","12F,No3-1,Park St.,Nangang District, Taipei 115, Taiwan(NanKang Software Park)Taipei, Taiwan, R.O.C.","(02)26517760","nina_kao@elumax.com","http://www.elumax.com","馬之駿","總經理室協理暨代理發言人","(02)27883656#854","vincent_ma@elumax.com","http://www.elumax.com","https://www.elumax.com/csr/governance/"
"6196","帆宣系統科技股份有限公司","帆宣","其他電子業","－","台北市南港區園區街3-2號6樓","	23145632","高新明","林育業","林育業","總經理","林育業","(02)2655-8899","1988/12/27","2004/05/24",新台幣                 10.0000元,2203295290,220329529,0,0,合併,每年,董事會,"凱基證券股份有限公司","(02)2389-2999","台北市中正區重慶南路一段2號5樓","資誠聯合會計師事務所","謝瑋莉","王菘澤","MIC","6F., No.3-2,Yuancyu St., Nangang DistrictTaipei, Taiwan, R.O.C.","(02)2655-8989","mic@micb2b.com","https://www.micb2b.com","王蕙菁","處長","(02)2655-8899 #10078","mic@micb2b.com","https://www.micb2b.com/stakeholder/","https://www.micb2b.com/govern/board/"
"6197","佳必琪國際股份有限公司","佳必琪","電子零組件業","－","新北市中和區建一路176號9樓","	86701804","張舒眉","張偉三","易瑋鈴","董事長特助兼人資經理","待補","02-82271658","1992/05/07","2004/11/08",新台幣                 10.0000元,1220858820,122085882,0,0,合併,每年,董事會,"凱基證券股份有限公司","02-2389-2999","台北市重慶南路一段2號5樓","資誠聯合會計師事務所","吳仁杰","林雅慧","JPC","9F No.176,  Jian-Yi  Rd.,  235 Chung Ho Dist ,New  Taipei  City , Taiwan  R.O.C","02-82271636","weiling_yi@jpcco.com","www.jpcco.com","易瑋鈴","董事長特助兼人資經理","02-82271658","weiling_yi@jpcco.com","https://www.jpcco.com/lang/tw/investor/stakeholder","https://www.jpcco.com/lang/tw/investor_corporate/organization"
"6201","亞弘電科技股份有限公司","亞弘電","其他電子業","－","台南市安定區中沙里沙崙35號","	73710056","黃晉益","許瑞&#23791;","許瑞&#23791;","總經理","趙智勇","06-5932201","1981/11/25","2004/09/27",新台幣                 10.0000元,892000000,89200000,0,0,合併,每年,董事會,"中國信託商業銀行代理部","02-66365566","100 台北市重慶南路一段83號5樓","安永聯合會計師事務所","胡子仁","姚世傑","YAHORNG","No.35, Shalun, Anding DistTainan City , Taiwan (R.O.C.)","06-5930030","yahorng@yahorng.com","WWW.YAHORNG.COM","趙智勇","財務主管","06-5932201","yahorng@yahorng.com","https://www.yahorng.com/profile.php?kind=5&lang=tchinese","https://www.yahorng.com/download.php?dirId=504&lang=tchinese"
"6202","盛群半導體股份有限公司","盛群","半導體業","－","新竹科學園區新竹市研新二路3號","	16130330","吳啟勇","蔡榮宗","潘建州","副總經理","廖明通","(03)5631999","1998/10/01","2004/09/27",新台幣                 10.0000元,2303882000,230388200,4220000,0,合併,每年,股東會,"永豐金證券(股)公司股務代理部","(02)23816288","台北市博愛路17號3樓","安侯建業聯合會計師事務所","鄭安志","呂倩慧","HOLTEK　","NO.3, CREATION  RD. II, HSINCHU SCIENCE  PARKHSINCHU,  TAIWAN","(03)5631175","ir@holtek.com.tw","www.holtek.com.tw","陳林政","投資人關係專員","(03)5631999ext3573","ir@holtek.com.tw","https://www.holtek.com.tw/page/about_holtek/StakeholdersConcerns/stakeholders_concerns","https://www.holtek.com.tw/page/about_holtek/CorporateGovernance/corporate_governance"
"6205","詮欣股份有限公司","詮欣","電子零組件業","－","新北市汐止區大同路三段188號7樓","	22115625","吳連溪","吳連溪","徐瑋莉","行政本部協理","蘇瓊英","02-86471251","1986/04/24","2008/01/21",新台幣                 10.0000元,822359070,82235907,0,0,合併,每年,董事會,"元大綜合證券股份有限公司","2586-5859","台北市大安區敦化南路二段67號地下一樓","資誠聯合會計師事務所","李燕娜","蔡欣怡","COXOC","6F,No.194,Sec.3,Ta Tung Road,Hsi ChihNew Taipei City, Taiwan","02-86471842","service@coxoc.com.tw","http://www.coxoc.com.tw","徐瑋莉","行政本部協理","02-86471251","winning_hsu@coxoc.com.tw","http://www.coxoc.com.tw/investor_news_content.php?id=2","https://www.coxoc.com.tw/investor/corporate-governance/"
"6206","飛捷科技股份有限公司","飛捷","電腦及週邊設備業","－","台北市內湖區行愛路168號","	21230513","林大成","徐嘉宏","徐嘉宏","總經理","張雅筑","87914988","1984/08/13","2004/08/03",新台幣                 10.0000元,1430623240,143062324,0,0,合併,每年,股東會,"群益金鼎證券股份有限公司","27023999","台北市敦化南路2段97號B2","安侯建業聯合會計師事務所","許詩淳","王勇勝","FLYTECH　","No. 168, Sing-ai Rd.,Neihu District, Taipei City , Taiwan","27914666","publicrelationship@flytech.com","http://www.flytech.com","張雅筑","資深經理","87914988","publicrelationship@flytech.com","https://www.flytech.com.tw/about.php","https://www.flytech.com.tw/investor.php?act=control"
"6209","今國光學工業股份有限公司","今國光","光電業","－","台中市梧棲區向上路九段562巷91號","	56654500","陳慶棋","陳義方","林炳鏻","董事長室特別助理","賴英方","04-26595985","1980/06/19","2004/11/08",新台幣                 10.0000元,1754109210,175410921,0,0,合併,每年,董事會,"福邦證券股份有限公司","02-23711658","台北市中正區忠孝西路一段6號6樓","勤業眾信聯合會計師事務所","吳麗冬","劉力維","KINKO","NO 91,LANE 562, SECTION 9, XINGSHANG  ROADWUGI  DIST, TAICHUNG CITY,  TAIWAN , ROC","04-26595088","linpinglin@kinko-optical.com","www.kinko-optical.com","林炳鏻","董事長室特別助理","04-26595985","linpinglin@kinko-optical.com","http://www.kinko-optical.com/tw_interested.asp?St=B&FFkindno=22","http://www.kinko-optical.com/tw_wealth_data.asp"
"6213","聯茂電子股份有限公司","聯茂","電子零組件業","－","新竹縣新埔鎮內立里大魯閣路17號","	97179403","陳進財","蔡馨(日彗)","蔡馨(日彗)","總經理","周榮燦","03-5887888","1997/04/10","2008/01/21",新台幣                 10.0000元,3634172180,363417218,0,0,合併,每年,董事會,"福邦證券股份有限公司","02-2371-1658","台北市中正區忠孝西路一段6號6樓","安侯建業聯合會計師事務所","唐嘉鍵","楊雲筑","ITEQ","No.17,Daluge Rd., Xinpu Township, Hsinchu County 305, Taiwan R.O.C.Hsinchu,Taiwan, R.O.C　　","03-5892788","ir@iteqcorp.com","www.iteqcorp.com","周榮燦","資深處長","03-5887888","ir@iteqcorp.com","https://www.iteqcorp.com/investor-relations/","https://www.iteqcorp.com/investor-relations/"
"6214","精誠資訊股份有限公司","精誠","資訊服務業","－","台北市內湖區瑞光路318號","	97311466","林隆奮","林隆奮","鍾志&#32675;","財務長暨公司治理主管","程元毅","(02)77201888","1997/01/07","2010/12/30",新台幣                 10.0000元,2722430660,272243066,0,0,合併,每年,董事會,"元大證券股份有限公司","(02)25865859","臺北市大安區敦化南路2段67號地下一樓","勤業眾信聯合會計師事務所","許秀明","黃惠敏","SYSTEX","318,Ruiguang Rd., Neihu District,Taipei,Taiwan,R.O.C","(02)77207666","webmaster@systex.com","www.systex.com","杜錦秀","專案處長","(02)77201888","vivianetu@systex.com","http://tw.systex.com/stakeholders/","https://tw.systex.com/corporate-governance/"
"6215","和椿科技股份有限公司","和椿","其他電子業","－","台北市內湖區洲子街60號1樓","	12304443","程天縱","朱鋑隆","朱鋑隆","總經理","郭冠群","8752-3311","1980/11/18","2007/12/31",新台幣                 10.0000元,827896930,82789693,0,0,合併,每年,董事會,"福邦證券股份有限公司股務代理部","2371-1658","台北市中正區忠孝西路一段6號6樓","資誠聯合會計師事務所","王菘澤","游淑芬","Aurotek","1FL.,No.60,Jhouzih St, Neihu District, Taipei TaiwanTaipei 114, Taiwan","8752-3347","sharehd@aurotek.com","http://www.aurotek.com","陳玉萍","財務主管","8752-3311","sharehd@aurotek.com","https://aurotek.com/esg/stakeholder/","https://aurotek.com/investors/corporate-governance/"
"6216","居易科技股份有限公司","居易","通信網路業","－","新竹縣湖口鄉新竹工業區復興路26號","	16242320","馬鴻方","鄭明德","文長中","執行長","曾淑芬","03-5972727","1997/10/14","2004/09/27",新台幣                 10.0000元,969813870,96981387,0,0,個別,每年,董事會,"台新證券股務代理部","02-25048125","台北市建國北路一段96號地下一樓","資誠聯合會計師事務所","馮敏娟","吳建志","DrayTek Corp.","NO.26,Fu Shin Rd.,HuKou County,Hsin-Chu Industrial ParkHsin-Chu,Taiwan R O C","03-5972121","ir@draytek.com","www.draytek.com","文長中","執行長","03-5972727","ir@draytek.com","https://www.draytek.com/zh/about/stakeholder.html","https://www.draytek.com/zh/investors/corporate-governance/"
"6224","聚鼎科技股份有限公司","聚鼎","電子零組件業","－","新竹科學園區工業東四路24之1號","	16433242","朱復華","朱復華","侯全興","副總經理","邱惠文","03-5643931","1997/12/18","2009/09/17",新台幣                 10.0000元,856453610,85645361,0,0,合併,每年,董事會,"凱基證券股份有限公司","02-23892999","台北市中正區重慶南路一段2號5樓","資誠聯合會計師事務所","李典易","謝智政","PTTC.","NO.24-1 Industry E. RD Ⅳ,Hsinchu Science ParkHsin-Chu,Taiwan,R.O.C","03-5644624","ir@pttc.com.tw","www.pttc.com.tw","侯全興","副總經理","03-5643931","ir@pttc.com.tw","https://www.pttc.com.tw/zh-TW/communicate-with-interested-party","https://www.pttc.com.tw/zh-TW/directorate-directors"
"6225","天瀚科技股份有限公司","天瀚","光電業","－","臺北市松山區中正里長安東路2段215號9樓之一","	16253228","鄭又晉","葉綾蓮","鄭又晉","董事長","陳君玫","02-27771215","1997/10/27","2004/09/27",新台幣                 10.0000元,278000000,27800000,20825395,0,合併,每年,股東會,"凱基證券股份有限公司","02-23148800","臺北市重慶南路一段二號五樓","德昌聯合會計師事務所","李定益","陳秀莉","aiPlex","9F.-1, No. 215, Sec. 2, Chang’an E. Rd., Songshan Dist.Taipei City 10552, Taiwan","02-27771161","contact1@aiptek.com.tw","www.aiptek.com.tw","陳君玫","財務主管","02-27771215","benniechen@aiptek.com.tw","www.aiptek.com.tw","https://www.aiptek.com.tw/web/information/information_resolution.jsp?lang=tw"
"6226","光鼎電子股份有限公司","光鼎","光電業","－","新北市中和區建康路8號11樓","	22601800","馬景鵬","馬景鵬","馬明珺","副總經理","張寶玲","02-22253733","1987/09/23","2008/11/10",新台幣                 10.0000元,1155347890,115534789,0,0,合併,每年,股東會,"富邦綜合證券股份有限公司","(02)23611300","台北市中正區許昌街17號11樓","安侯建業聯合會計師事務所","郭仰倫","謝秋華","Para Light","11F., No.8, Jiankang RdZhonghe Dist., New Taipei City 235,R.O.C","02-22254800","para@para.com.tw","https://www.para.com.tw","馬明珺","副總經理","02-22253733","josephine.ma@para.com.tw","https://www.para.com.tw","https://www.para.com.tw/%e6%8a%95%e8%b3%87%e4%ba%ba%e5%b0%88%e5%8d%80/"
"6230","尼得科超眾科技股份有限公司","尼得科超眾","電腦及週邊設備業","－","新北市三重區中興北街184-3號","	34005476","三好昭宏","無","淺野宜紀","副財務長","林碧雲","02-29952666","1973/12/14","2010/09/16",新台幣                 10.0000元,863433960,86343396,0,0,合併,每年,股東會,"元大證券股份有限公司","(02)2586-5859","臺北市大安區敦化南路2段67號地下一樓","安侯建業聯合會計師事務所","郭欣頤","張肇文","NCCI","No. 184-3, Zhongxing N. St., Sanchong Dist.,New Taipei City 241, Taiwan (R.O.C.)","02-29958258","miss_lin@ccic.com.tw","www.ccic.com.tw","淺野宜紀","副財務長","02-29952666#1320","asano_yoshinori@nidec.com","http://www.ccic.com.tw/upload/doc/csr2.pdf","http://www.ccic.com.tw/investor.php"
"6235","華孚科技股份有限公司","華孚","電腦及週邊設備業","－","台北市南港區南港路一段209號6樓","	35383165","蔡豐賜","甘錦添","甘錦添","總經理","黃詩嵋","02-2652-2088","1954/01/23","2004/08/23",新台幣                 10.0000元,1999063060,199906306,0,0,合併,每年,董事會,"中國信託商業銀行代理部","02-66365566","台北市中正區重慶南路一段83號5樓","勤業眾信聯合會計師事務所","劉建良","王儀雯","Waffer","6F., No. 209, Sec. 1, Nangang Rd., Nangang Dist.,Taipei City 115, Taiwan (R.O.C.)","02-2651-7288","spokesman@waffer.com.tw","www.waffer.com.tw","黃詩嵋","代理發言人","02-2652-2088","annie.huang@waffer.com.tw","https://www.waffer.com.tw/about","https://www.waffer.com.tw/shareholder"
"6239","力成科技股份有限公司","力成","半導體業","－","新竹縣湖口鄉新竹工業區大同路10號","	16082267","蔡篤恭","執行長：謝永達","沈俊宏","財務長","林宥翰","03-5980300","1997/05/15","2004/11/08",新台幣                 10.0000元,7591466340,759146634,0,0,合併,每年,股東會,"康和綜合證券股份有限公司","02-87871888","台北市信義區基隆路一段176號B1","勤業眾信聯合會計師事務所","林政治","方蘇立","PTI","No. 10, Datong Rd., Hsinchu Industrial Park,HuKou Shiang, Hsinchu, Taiwan, R.O.C.","03-5979900","invest@pti.com.tw","https://www.pti.com.tw/","沈俊宏","財務長","03-5980300","invest@pti.com.tw","https://www.pti.com.tw/zh/csr/stakeholder/communication","https://www.pti.com.tw/zh/ir/corporate/corporate"
"6243","迅杰科技股份有限公司","迅杰","半導體業","－","新竹科學工業園區新竹市力行路21號4樓","	16505809","羅時豪","許舒茵","詹筱秦","處長","許舒茵","03-6662888","1998/05/20","2009/12/17",新台幣                 10.0000元,452688410,45268841,8000000,0,個別,每年,股東會,"元大證券股務代理部","02-25865859","106045 台北市大安區敦化南路2段67號B1","安永聯合會計師事務所","黃敏如","楊雨霓","ENE","4F, No.21, Lixing Rd., Hsinchu Science Park.Hsin Chu , Taiwan, R.O.C.","03-6662999","investor@ene.com.tw","www.ene.com.tw","詹筱秦","處長","03-6662888#3217","sharon@ene.com.tw","http://www.ene.com.tw/chinese/csr/detail.php?pid=5","https://www.ene.com.tw/chinese/csr/overview.php"
"6257","矽格股份有限公司","矽格","半導體業","－","新竹縣竹東鎮北興路1段436號","	23218022","黃興陽","葉燦鍊","陳祺昌","資深主計長","吳敏弘","03-5959213","1988/12/15","2003/08/25",新台幣                 10.0000元,4839123250,483912325,0,0,合併,每年,董事會,"凱基證券(股)公司股務代理部","02-23892999","台北市重慶南路一段2號5樓","資誠聯合會計師事務所","李典易","謝智政","SIGURD　　","NO.436,  SEC.  1,  PEI-SHING RD., 　CHU-TUNG, HSIN-CHU, TAIWAN, R.O.C.　　","03-5944495","services@sigurd.com.tw","www.sigurd.com.tw","林汶","人事行政處副協理","03-5959213分機1514","services@sigurd.com.tw","www.sigurd.com.tw","http://www.sigurd.com.tw"
"6269","台郡科技股份有限公司","台郡","電子零組件業","－","高雄市大寮區和發產業園區上發五路1號","	16347324","鄭明智","David Cheng","熊雅士","財務長","廖怡雯","(07)787-1008","1997/12/19","2003/09/23",新台幣                 10.0000元,3238314810,323831481,0,0,合併,每年,董事會,"元大證券股份有限公司","(02)25865859","臺北市大安區敦化南路2段67號地下一樓","資誠聯合會計師事務所","廖阿甚","王駿凱","FLEXIUM","No. 1, Shangfa 5th Rd., Hefa Industrial Park, Daliao Dist.,Kaohsiung City 831132, Taiwan (R.O.C.)","(07)787-7066","ir@flexium.com.tw","https://www.flexium.com.tw","廖怡雯","經理","(07)787-1008轉390303","Eva_liao@flexium.com.tw","https://www.flexium.com.tw/Sustainability/StackHolderEngage?lang=zh-tw","https://www.flexium.com.tw/InvestorSubTwo/Structure?lang=zh-tw"
"6271","同欣電子工業股份有限公司","同欣電","半導體業","－","桃園市八德區和平路1125巷88號","	04226986","陳泰銘","呂紹萍","呂紹萍","總經理","黃嘉麗","03-3625000","1974/08/11","2007/11/16",新台幣                 10.0000元,2090580240,209058024,0,0,合併,每半會計年度,董事會,"凱基證券股份有限公司","02-23892999","台北市100重慶南路一段2號5樓","安侯建業聯合會計師事務所","王怡文","辛郁婷","THEIL","No.88, Lane 1125, Heping Rd., Bade Dist., Taoyuan City 334004, TaiwanTaoyuan-Taiwan","03-3625020","info@theil.com","www.theil.com","沈柏慶","投資人關係","03-3625000*20105","paking.shen@theil.com","www.theil.com","https://www.theil.com/zh-tw/board_of_directors.php"
"6272","驊陞科技股份有限公司","驊陞","電子零組件業","－","(221)新北市汐止區大同路一段237號15樓之1","	23610975","陳宏欽","陳正煌","陳正煌","總經理","胡育瑋","02-26471896","1990/01/13","2025/12/22",新台幣                 10.0000元,817639480,81763948,0,0,合併,每年,董事會,"宏遠證券股份有限公司","(02)7719-8899","(106)台北市信義路4段236號3樓","勤業眾信聯合會計師事務所","翁博仁","褚世蘭","WIESON","15F.-1, NO.237, SEC.1, Datong RD.New Taipei City,Taiwan(R.O.C.)","02-26476342","service@wieson.com","www.wieson.com","陳正煌","總經理","02-26471896","jasonchen@wieson.com","www.wieson.com","－"
"6277","宏正自動科技股份有限公司","宏正","電腦及週邊設備業","－","新北市汐止區大同路二段125號3樓","	12403422","陳尚仲","陳尚仲","田慶威","資深協理","林嘉慧","02-86926789","1979/07/06","2003/10/30",新台幣                 10.0000元,1194711660,119471166,0,0,合併,每季,董事會,"中國信託商業銀行","02-66365566","台北市重慶南路一段83號5樓","安侯建業聯合會計師事務所","黃柏淑","吳仲舜","ATEN","3F., No.125, Sec. 2, Datong Rd.Sijhih District.,New Taipei City,Taiwan","02-86926577","IR@aten.com.tw","http://www.aten.com/tw/zh/","田慶威","資深協理","02-86926789","IR@aten.com.tw","http://www.aten.com/tw/zh/aten-info/csr/page-stakeholders/","https://www.aten.com/tw/zh/aten-info/investor-relations/corporate-governance/chairman-words/"
"6278","台灣表面黏著科技股份有限公司","台表科","光電業","－","桃園市桃園區大樹里桃鶯路437號","	23722471","伍開雲","伍允中","王嘉真","副總","林宏聲","03-2189988","1990/03/24","2010/08/24",新台幣                 10.0000元,2923983530,292398353,0,0,合併,每年,董事會,"中國信託商業銀行代理部","02-66365566","台北市重慶南路一段83號5樓","資誠聯合會計師事務所","林冠宏","王方瑜","TSMT","No.437, Taoying Rd., Taoyuan Dist., Taoyuan City 330, Taiwan (R.O.C.)Taoyuan 330, Taiwan","03-3637131","jane-wang@tsmt.com","www.tsmt.com.tw","王嘉真","副總","03-2189988","jane-wang@tsmt.com","https://www.tsmt.com/communication-channels","https://www.tsmt.com/board-of-directors"
"6281","全國電子股份有限公司","全國電","電子通路業","－","新北市五股區五工六路55號","	22006252","林政&#21234;","林政&#21234;","林奕君","協理","吳鴻淵","(02)22989922","1986/01/11","2005/12/08",新台幣                 10.0000元,991729450,99172945,0,0,個別,每年,董事會,"凱基證券股份有限公司","(02)23892999","臺北市重慶南路1段2號5樓","安侯建業聯合會計師事務所","施威銘","高靚玟","E-LIFE","No.55, Wugong 6th Rd., Wugu Dist., New Taipei City.New Taipei City,Taiwan,R.O.C","(02)22990328","leslielin@elifemall.com.tw","www.elifemall.com.tw","趙怡鈞","財務暨會計處協理","(02)22989922#2701","lori.chao@elifemall.com.tw","https://web.elifemall.com.tw/zh/investors-responsibility.php","https://ec.elifemall.com.tw/web/zh/investors-manage.php"
"6282","康舒科技股份有限公司","康舒","電子零組件業","－","臺北市北投區中央南路2段18號","	12341051","許介立","許介立","薛惠文","副總經理","-","(02)2621-7672","1981/07/29","2003/09/08",新台幣                 10.0000元,8560291250,856029125,0,0,合併,每年,董事會,"中國信託商業銀行代理部","(02)6636-5566","臺北市重慶南路1段83號5樓","安侯建業聯合會計師事務所","簡思娟","郭冠纓","Acbel","No. 18, Sec. 2, Zhongyang S. Rd., Beitou Dist.,Taipei City 112, Taiwan (R.O.C)","(02)2898-1712","spokesperson@acbel.com","http://www.acbel.com","陳忠義","副總經理","(02)2621-7672","spokesperson@acbel.com","https://www.acbel.com/article-page/csr-governance-stakeholder","https://www.acbel.com.tw/governance"
"6283","淳安電子股份有限公司","淳安","其他電子業","－","台北市內湖區新湖二路146巷19號2樓","	89827686","秦榮華","秦榮華","甘芳妮","財務長","蔡鴻德","02-27965628","1996/01/12","2008/01/21",新台幣                 10.0000元,1489813430,148981343,66453000,0,合併,每年,董事會,"福邦證券股份有限公司股務代理部","02-2371-1658","台北市中正區忠孝西路一段6號6樓","資誠聯合會計師事務所","林永智","廖福銘","SOE　","2F, No.19, Lane 146,Xinhu 2nd Rd., Neihu Dist.Taipei City, Taiwan (R.O.C.)","02-27965630","pr.tp@soe-ele.com","www.soe-ele.com","甘芳妮","財務長","02-27965625","www.soe-ele.com","www.soe-ele.com","www.soe-ele.com/tou/gongsizhili/"
"6285","啟碁科技股份有限公司","啟碁","通信網路業","－","新竹科學園區園區二路20號","	97331723","謝宏波","高健榮","宋芬瓊","財務長","林夢如","03-6667799","1996/12/07","2003/09/22",新台幣                 10.0000元,4836637190,483663719,0,0,合併,每年,股東會,"啟碁科技股務室","02-6600-7998","台北市內湖區行善路158號","安侯建業聯合會計師事務所","吳俊源","呂倩慧","　WNC　","20 Park Avenue II, Hsinchu Science Park,Hsinchu 308, Taiwan","03-6667323","spokesman@wnc.com.tw","www.wnc.com.tw","林夢如","代理發言人","03-6667799","molly.lin@wnc.com.tw","http://www.wnc.com.tw/index.php?lang=tw&action=csr&id=9","https://www.wnc.com.tw/investors/corporate-governance/overview"
"6405","悅城科技股份有限公司","悅城","光電業","－","桃園市中壢區北園路18號","	27340208","陳春夏","吳德宏","陳春夏","董事長","吳德宏","(03)4335831","2004/07/13","2013/11/28",新台幣                 10.0000元,658000000,65800000,0,0,個別,每年,董事會,"凱基證券股份有限公司","(02)23892999","台北市重慶南路一段2號5樓","資誠聯合會計師事務所","徐明釧","于智帆","ONANO","No.18, Beiyuan Rd., Zhongli DistTaoyuan City 32063, Taiwan R.O.C.","(03)4335503","public@onano-nm.com","www.onano-nm.com","王清鴻","資深經理","(03)4335831","public@onano-nm.com","www.onano-nm.com/interest.html","www.onano-nm.com/info_2.html"
"6409","旭隼科技股份有限公司","旭隼","其他電子業","－","11494台北市內湖區新湖一路406號","	28865032","謝卓明","謝卓明","王介民","財會經理","王家宜","02-27918296","2008/05/01","2014/03/31",新台幣                 10.0000元,877035660,87703566,0,0,合併,每年,股東會,"元大證券股務代理部","02-2586-5859","106045台北市大安區敦化南路二段67號B1","勤業眾信聯合會計師事務所","虞成全","洪偉倫","VOLTRONIC","No.406, Xinhu 1st Road.,Neihu Dist., Taipei, Taiwan","02-87918216","investor@voltronic.com.tw","https://voltronicpower.com/zh-TW","王介民","經理","02-27918296","investor@voltronic.com.tw","https://voltronicpower.com/zh-TW/Investors/StakeholderEngagement","https://voltronicpower.com/zh-TW/Investors/ESG"
"6412","群光電能科技股份有限公司","群電","電子零組件業","－","新北市三重區光復路二段 69 號30樓","	24284436","呂進宗","曾國華","陳學毅","財務中心副總經理","林曼永","02-66260678","2008/12/24","2013/11/08",新台幣                 10.0000元,4007691260,400769126,0,0,合併,每年,董事會,"華南永昌綜合證券(股)公司","02-27186425","台北市民生東路四段54號4樓","資誠聯合會計師事務所","陳晉昌","廖福銘","Chicony Power","30F, No. 69, Sec. 2, Guangfu Rd., Sanchong Dist.,New Taipei City 241, Taiwan, R.O.C.","02-29958020","public@chiconypower.com","https://www.chiconypower.com/","林曼永","投資人關係資深處長","02-66260678#57220","Pearl_Lin@chiconypower.com","https://www.chiconypower.com/zh-tw/home/CSR","https://www.chiconypower.com/zh-tw/investor/company"
"6414","樺漢科技股份有限公司","樺漢","電腦及週邊設備業","－","(235)新北市中和區建康路10號3至6樓","	70380046","朱復銓","蔡能吉","莊宗憲","財務長","蔡能吉","02-5590-8050","1999/07/12","2014/03/28",新台幣                 10.0000元,1458863970,145886397,0,0,合併,每年,董事會,"福邦證券股份有限公司","02-2371-1658","台北市中正區忠孝西路一段6號6樓","安侯建業聯合會計師事務所","蕭佩如","于紀隆","ENNOCONN","3-6F., No.10, Jiankang Rd., Zhonghe DistNew Taipei City 235, Taiwan (R.O.C.)","02-5590-8051","Stockaffairs@ennoconn.com","https://www.ennoconn.com/tw/","莊宗憲","發言人","02-5590-8050","stockaffairs@ennoconn.com","https://www.ennoconn.com/zh-tw/stakeholder-contacts/","https://www.ennoconn.com/tw/board-of-directors/"
"6415","矽力杰股份有限公司","矽力*-KY","半導體業","KY","新北市中和區板南路653號10樓","	02906023","陳偉","游步東及謝兵","梁翠嫚","經理","周婕","02-22215266","2008/02/07","2013/12/12",新台幣                  2.5000元,971594832,388637933,0,0,合併,每年,董事會,"元大證券股份有限公司","02-2586-5859","台北市大安區敦化南路二段67號B1","勤業眾信聯合會計師事務所","莊碧玉","尤志峰","Silergy","10F., No. 653, Bannan Rd.,Zhonghe Dist., New Taipei City 235, ROC","02-22215778","IR@silergycorp.com","https://www.silergy.com/zh","梁翠嫚","經理","02-22215266","IR@silergycorp.com","https://www.silergy.com/zh","https://www.silergy.com/zh"
"6416","瑞祺電通股份有限公司","瑞祺電通","通信網路業","－","新北市新莊區建國一路308號12樓","	28488592","朱復銓","洪德富","陳衍詳","協理","劉逸欣","02-77275788","2007/04/19","2018/04/16",新台幣                 10.0000元,733484600,73348460,0,0,合併,每年,董事會,"福邦證券股份有限公司股務代理部","(02)2383-6888","台北市中正區忠孝西路一段6號6樓","安侯建業聯合會計師事務所","郭欣頤","張肇文","CASWELL","12F, No.308, Jianguo 1st Rd., Xinzhuang Dist.,New Taipei City 242047,Taiwan","02-77275799","spokesman@cas-well.com","www.cas-well.com","劉逸欣","業務協理","02-77275788","spokesman@cas-well.com","https://www.cas-well.com/about/esg/sustainability/stakeholder/","https://www.cas-well.com/about/esg/governance/bod/members/"
"6426","統新光訊股份有限公司","統新","通信網路業","－","台南市新市區南科三路7號4樓","	13111161","李英坤","魏敬易","李英坤","董事長","魏敬易","(06)5053700","2003/08/01","2021/03/24",新台幣                 10.0000元,385090000,38509000,0,0,合併,每年,股東會,"台新綜合證券股分有限公司","(02)25048125","台北市建國北路1段96號B1","安永聯合會計師事務所","姚世傑","胡子仁","APOGEE","4F, NO.7, NANKE 3RD,SINSHIH DISTRICT, TAINAN CITY, TAIWAN","(06)5053701","accounting@nextapogee.com.tw","http://www.nextapogee.com.tw","李英坤","董事長","(06)5053700","law@nextapogee.com.tw","http://www.nextapogee.com.tw/ch/investors3-9.php","http://www.nextapogee.com.tw/ch/investors1-4.php"
"6431","光麗生技控股股份有限公司","光麗-KY","生技醫療業","KY","臺北市中山區南京東路3段1號5樓","	41181265","TEC INNOVATION CO.,LTD. 代表人：王嘉瑋","王嘉瑋","吳晉賢","協理","沈安家","02-25178779","2012/07/04","2014/12/04",新台幣                 10.0000元,973988350,97398835,46956000,0,合併,每年,股東會,"凱基證券股份有限公司股務代理部","02-23892999","台北市中正區重慶南路一段2號5樓","馬施云大華聯合會計師事務所","趙翊棋","黃俊諺","KL","5 F., No. 1, Sec. 3, Nanjing E. Rd., Zhongshan Dist.,Taipei City 104, Taiwan (R.O.C.)","02-25174559","PR@kl-holdings.com","http://www.kl-holdings.com/","吳晉賢","財務主管","02-25178779","angelshen@kl-holdings.com","https://www.kl-holdings.com/corporate/stakeholder#Investor","https://www.kl-holdings.com/corporate/operate#Investor"
"6438","迅得機械股份有限公司","迅得","其他電子業","－","桃園市中壢區新生路3段255巷99號","	70753397","王年清",".","黃發保","營運長","江明昇","03-4356870","1999/10/28","2021/01/19",新台幣                 10.0000元,822063250,82206325,0,0,合併,每半會計年度,董事會,"台新證券股務代理部","02-25048125","台北市建國北路一段96號地下一樓","勤業眾信聯合會計師事務所","莊文源","龔則立","SAA","No.99 ,Ln.255,Sec.3 ,Xinsheng Rd,Zhongli District, Taoyuan City, Taiwan","03-4356871","Kris.Huang@sac-symtek.com","www.saa-symtek.com","黃發保","營運長","03-4356870#508","Kris.Huang@sac-symtek.com","www.saa-symtek.com","https://www.saa-symtek.com/zh_tw/INVESTOR/investor.html"
"6442","光紅建聖股份有限公司","光聖","通信網路業","－","新北市淡水區中正東路二段27-8號13樓","	97119975","CHEN, STEVE","張英華","莊國安","處長","丁&#32137;娟","(02)2808-6333","1996/09/04","2015/07/14",新台幣                 10.0000元,780732880,78073288,0,0,合併,每年,董事會,"台新綜合證券(股)公司股務代理部","(02)2504-8125","台北市建國北路一段96號B1","勤業眾信聯合會計師事務所","陳俊宏","張正修","EZconn","13F. No. 27-8, Sec. 2, Zhongzheng E. Rd., Tamsui Dist.New Taipei City 25170, Taiwan (R.O.C.)","(02)2809-6161","allen.chuang@ezconn.com","www.ezconn.com","莊國安","處長","02-2808-6333分機8668","allen.chuang@ezconn.com","www.ezconn.com","https://www.ezconn.com/ivgovernance.php"
"6443","元晶太陽能科技股份有限公司","元晶","光電業","－","新北市新店區北新路3段225號8樓","	28997300","偉任投資股份有限公司","余承曄","江郅豪","副總經理","廖偉然","(02)2912-2199","2010/06/24","2015/10/01",新台幣                 10.0000元,5386914660,512796730,0,25894736,合併,每年,股東會,"第一金證券(股)公司股務代理部","(02)2563-5711","台北市大安區安和路一段27號6樓","勤業眾信聯合會計師事務所","虞成全","尤盟貴","TSEC","8F, No. 225, Sec. 3, Beixin Rd., Xindian Dist.New Taipei City 231, Taiwan (R.O.C.)","(02)2917-5399","ir@tsecpv.com","www.tsecpv.com","江郅豪","副總經理","(02)2912-2199","spokesman@tsecpv.com","https://www.tsecpv.com/interested_parties/","https://www.tsecpv.com/governance/"
"6446","藥華醫藥股份有限公司","藥華藥","生技醫療業","－","台北市南港區園區街3號13樓","	70557655","詹青柳","黃正谷","林國鐘","執行長","羅小惠","02-26557688","2000/05/09","2024/01/25",新台幣                 10.0000元,3799093700,379909370,0,0,合併,每年,股東會,"中國信託商業銀行代理部","02-66365566","台北市重慶南路一段83號5樓","安永聯合會計師事務所","呂倩雯","張巧穎","PEC","3 F., No. 3, Park St., Nangang Dist.Taipei City 115603, Taiwan","02-26557626","ir@pharmaessentia.com","http://www.PharmaEssentia.com","投資人關係","投資人關係","(02)26557688","ir@pharmaessentia.com","http://www.pharmaessentia.com","https://www.pharmaessentia-esg.com/"
"6449","鈺邦科技股份有限公司","鈺邦","電子零組件業","－","苗栗縣竹南鎮科東三路2、6號4樓","	28064644","鄭敦仁","林溪東","李佩玲","財務處處長","林溪東","037-777588","2005/12/23","2014/12/09",新台幣                 10.0000元,918860140,91886014,0,0,合併,每年,股東會,"福邦證券股份有限公司股務代理部","(02)23711658","台北市中正區忠孝西路一段6號6樓","安侯建業聯合會計師事務所","吳俊源","鄭安志","APAQ","4F., No.2&6, Kedong 3rd Rd.Miaoli County, Taiwan, R.O.C.","037-777566","estherli@apaq.com.tw","http://www.apaq.com.tw/","李佩玲","財務處處長","037-777588","estherli@apaq.com.tw","https://www.apaq.com.tw/zh-TW/investor-zone/interested-parties.html","https://www.apaq.com.tw/zh-TW/investor-zone/corporate-governance-operations.html"
"6451","訊芯科技控股股份有限公司","訊芯-KY","半導體業","KY","台北市信義區光復南路495號11樓之5","	38649225","蔣尚義","徐文一","王耀偉","處長","羅志華","02-22688368","2008/01/08","2015/01/26",新台幣                 10.0000元,1121679180,112167918,0,0,合併,每年,董事會,"福邦證券股份有限公司股務代理部","(02)2383-6888","台北市忠孝西路一段6號6樓","安侯建業聯合會計師事務所","張純怡","江家齊","ShunSin","11F.-5, No.495, Guangfu S. Rd., Xinyi Dist.Taipei City 110, Taiwan (R.O.C.)","867602338211","sst@shunsintech.com","http://www.shunsintech.com/","王耀偉","處長","02-22688368","sst@shunsintech.com","http://www.shunsintech.com/tw/StakeHolder.html","https://www.shunsintech.com/tw/Manage.html"
"6456","GIS Holding Limited","GIS-KY","光電業","KY","苗栗縣竹南鎮科中路12號8樓(訴訟及非訟代理人聯絡處)","	41420316","周賢穎","徐同炤","林原平","財務長","蔡明宏","037-777939","2011/01/04","2015/06/12",新台幣                 10.0000元,3379398000,337939800,0,0,合併,每年,董事會,"福邦證券股份有限公司","02-2371-1658","台北市中正區忠孝西路一段6號6樓","資誠聯合會計師事務所","胡智華","徐潔如","GIS","8F, No. 12, Kezhong Road, Zhunan TownshipMiaoli County 350401, Taiwan, R.O.C.","037-777633","ir@gis-touch.com","https://www.gis-touch.com","林原平","財務長","037-777939","ir@gis-touch.com","https://esg.gis-touch.com","https://www.gis-touch.com/c/ir_gov_board.php"
"6464","台灣數位光訊科技股份有限公司","台數科","其他","－","台中市西屯區文心路二段201號6樓之6","	28371951","廖紫岑","羅文龍","廖紫岑","董事長","林淑鈴","04-37050000","2006/08/02","2015/12/16",新台幣                 10.0000元,1287815320,128781532,0,0,合併,每半會計年度,股東會,"台新證券股務代理部","02-2504-8125","台北市中山區建國北路一段96號地下一樓","安侯建業聯合會計師事務所","陳燕慧","張字信","top MSO","6F.-6, No.201, Sec. 2, Wenxin Rd., Xitun DistTaichung City 407, Taiwan (R.O.C.)","04-37056418","sandy@topmso.com.tw","www.topmso.com.tw","林淑鈴","財務長","0437050000","6464@topmso.com.tw","https://www.topmso.com.tw/index.php/tw/csr/stakeholder_topIssue","https://www.topmso.com.tw/index.php/tw/investors/governance"
"6472","保瑞藥業股份有限公司","保瑞","生技醫療業","－","台北市內湖區瑞光路26巷36弄2號6樓","	28684877","盛保熙","盛保熙","王錦菊","副總經理","陳荻雅","(02)27901555","2007/06/12","2023/12/19",新台幣                 10.0000元,1277413590,127741359,0,0,合併,每半會計年度,董事會,"台新綜合證券股份有限公司","(02)25048125","104台北市中山區建國北路一段96號B1","安永聯合會計師事務所","胡子仁","姚世傑","Bora","6F., No. 2, Aly. 36, Ln. 26, Ruiguang Rd.Neihu Dist., Taipei City 114, Taiwan","(02)27906595","public01@bora-corp.com","https://bora-corp.com/","陳荻雅","投資人關係資深經理","(02)27901555","public01@bora-corp.com","https://reurl.cc/yAEb5E","https://reurl.cc/XQWrO3"
"6477","安集科技股份有限公司","安集","光電業","－","台南市安南區科技五路19號","	28580346","黃國棟","黃國棟","林婉玲","特別助理","張又菁","06-5105988","2007/02/13","2016/06/21",新台幣                 10.0000元,1237871960,123787196,0,0,合併,每年,董事會,"福邦證券股份有限公司","02-23711658","台北市中正區忠孝西路一段6號6樓","安永聯合會計師事務所","姚世傑","洪國森","Anji","No. 19 Keji 5 Th Rd., Annan DistrictTainan 709, Taiwan","06-5105989","anjitek@anjitek.com","http://www.anjitek.com","林婉玲","特別助理","06-5105988","winnie@anjitek.com","https://www.anjitek.com/stakeholders","https://www.anjitek.com/data-24626"
"6491","晶碩光學股份有限公司","晶碩","生技醫療業","－","桃園市龜山區興業街5號2樓之1","	25021158","郭明棟","楊德勝","王景祥","財會處資深處長","李國安","03-3298808","2009/08/26","2019/10/07",新台幣                 10.0000元,780000000,78000000,0,0,合併,每年,董事會,"凱基證券股份有限公司股務代理部","02-23892999","台北市重慶南路一段2號5樓","安永聯合會計師事務所","張志銘","陳國帥","PEGAVISION","No. 5, Shing Yeh St. Kwei Shan Dist.Taoyuan City 333, Taiwan (R.O.C.)","03-3298897","ir@pegavision.com","http://www.pegavision.com","彭威捷","財會處經理","03-3298808","ir@pegavision.com","https://www.pegavision.com/tw/csr7.php","https://www.pegavision.com/tw/investor1_page03.php"
"6504","南六企業股份有限公司","南六","其他","－","高雄市燕巢區角宿里四林路699號","	75989858","黃清山","黃世鐘","許長成","經理","陳士玄","07-6116616","1978/12/01","2013/05/07",新台幣                 10.0000元,726000000,72600000,0,0,合併,每年,股東會,"元大證券股務代理部","02-25865859","臺北市大安區敦化南路2段67號地下一樓","資誠聯合會計師事務所","林秀珊","田中玉","NAN LIU　　","No.699 Silin Road, Yanchao District,　　KAOHSIUNG,TAIWAN, R.O.C.","07-6168938","charlie_hsu@nanliugroup.com","https://www.nanliugroup.com/","許長成","經理","07-6116616","charlie_hsu@nanliugroup.com","https://www.nanliugroup.com/stakeholder","https://reurl.cc/YY3r9D"
"6505","台塑石化股份有限公司","台塑化","油電燃氣業","－","台北市內湖區南京東路六段380號(A2棟)4樓","	86522210","曹明","林克彥","林克彥","總經理","蔡健堂","(02)2712-2211","1992/04/06","2003/12/26",新台幣                 10.0000元,95259596520,9525959652,0,0,合併,每年,董事會,"本公司股務組","(02)2718-9898","台北市內湖區南京東路六段380號10樓","安永聯合會計師事務所","張正道","黃建澤","FPCC","4F, No. 380, Sec. 6, Nanjing E. Rd., Neihu Dist., Taipei City(A2)TAIPEI TAIWAN","(02)2712-3590","fpccir@fpcc.com.tw","WWW.FPCC.COM.TW","藍筱湄","資深管理師","(02)2712-2211","fpccir@fpcc.com.tw","http://www.fpcc.com.tw/tw/corporate/stakeholder","https://www.fpcc.com.tw/tw/corporate/governace"
"6515","穎崴科技股份有限公司","穎崴","半導體業","－","高雄市楠梓區創意南路68號","	13145774","王嘉煌","王嘉煌","陳紹焜","執行副總經理","李振昆","07-3610999","2001/04/10","2021/01/20",新台幣                 10.0000元,360416420,36041642,0,0,合併,每年,董事會,"元大證券股份有限公司股務代理部","02-2586-5859","臺北市大安區敦化南路二段67號地下一樓","安侯建業聯合會計師事務所","高鈺倫","曾國禓","WinWay","No. 68, Chuangyi S. Rd.Kaohsiung City 81156, Taiwan (R.O.C.)","07-3610099","0","https://www.winwayglobal.com/","余茂","專案經理","07-3610999","mao.yu@winwayglobal.com","https://www.winwayglobal.com/zh-TW","https://www.winwayglobal.com/zh-TW/governance-intro"
"6525","捷敏股份有限公司","捷敏-KY","半導體業","KY","新北市中和區橋安街35號10樓","	49791260","鄭祝良","湯彥鏘","王瑞萍","財務部協理","吳俊璟","02-2248-0680","1998/04/17","2016/04/12",新台幣                 10.0000元,1290473840,129047384,0,0,合併,每年,董事會,"元大證券股份有限公司股務代理部","02-2586-5859","臺北市大安區敦化南路2段67號地下一樓","勤業眾信聯合會計師事務所","張耿禧","尤盟貴","GEM","10F.,NO.35,Qiao'an St.,Zhonghe Dist.,New Taipei City 235, Taiwan (R.O.C.)","02-8245-3100","IR@gemservices.com","www.gemservices.com","王瑞萍","財務部協理","02-2248-0680","IR@gemservices.com","www.gemservices.com","https://www.gemservices.com/zh_TW/corporategovernance.html"
"6526","達發科技股份有限公司","達發","半導體業","－","新竹縣竹北市台元二街12號14樓之1","	12883169","謝清江","謝清江","謝孟翰","執行副總經理","廖益源","(03)6128800","2001/08/14","2023/10/19",新台幣                 10.0000元,1675055540,167505554,0,0,合併,每年,董事會,"中國信託商業銀行代理部","(02)66365566","台北市重慶南路1段83號5樓","安永聯合會計師事務所","胡慎緁","楊雨霓","Airoha","14F.-1, No. 12, Taiyuan 2nd St., Zhubei City,Hsinchu County 302082 , Taiwan (R.O.C.)","(03)6118833","ir@airoha.com","http://www.airoha.com","廖益源","財務協理","(03)6128800","ir@airoha.com","http://www.airoha.com","https://www.airoha.com/zh-TW/about/governance/regulations"
"6531","愛普科技股份有限公司","愛普*","半導體業","－","新竹縣竹北市台元一街一號10樓之一","	53503847","陳文良","洪志勳","林郁昕","財務長","洪志勳","03-560-1558","2011/08/04","2016/05/31",新台幣                  5.0000元,813537660,162707532,0,0,合併,每年,董事會,"凱基證券股份有限公司股務代理部","02-2389-2999","台北市中正區重慶南路一段2號5樓","勤業眾信聯合會計師事務所","莊碧玉","尤志峰","AP Memory","10F-1, No.1, Taiyuan 1st ST.,Zhubei City, Hsinchu County, R.O.C.","03-560-1518","ir@apmemory.com","www.apmemory.com","林郁昕","財務長","03-5601651","ir@apmemory.com","www.apmemory.com","https://www.apmemory.com/tw/investor/governance?investor-tab=management"
"6533","晶心科技股份有限公司","晶心科","半導體業","－","新竹科學園區新竹市力行一路1號3樓A1-4","	27638046","林志明","蘇泓萌","李耿民","董事長特別助理","謝幼齡/謝光宇","03-5726533","2005/03/14","2017/03/14",新台幣                 10.0000元,506509110,50650911,0,0,合併,每年,董事會,"宏遠證券股份有限公司股務代理部","02-2326-8818","台北市信義路四段236號3樓","安永聯合會計師事務所","邱琬茹","許新民","ANDES","A1-4, 3F, NO.1, Li-Hsin First Road, Hsinchu Science ParkHsinchu City 30078, Taiwan","03-5726535","ir@andestech.com","http://www.andestech.com","李耿民","董事長特別助理","03-5726533","ir@andestech.com","http://www.andestech.com/tw/investors-stakeholder.php","https://www.andestech.com/tw/????·|???U?e??·|?????????P???v?d/"
"6534","正瀚生技股份有限公司","正瀚-創","生技醫療業","－","南投縣南投市內興里文獻路89號","	54313303","吳正邦","陳文仁 (暫代)","羅心君","會計部經理","林廷翰","049-7009198","2013/11/29","2023/12/21",新台幣                 10.0000元,1028000000,102800000,0,0,合併,每半會計年度,董事會,"兆豐證券股份有限公司股務代理部","02-33930898","台北市中正區忠孝東路二段95號1樓","安侯建業聯合會計師事務所","陳政學","張字信","CHBIO","No.89, Wenxian Rd., Nantou City,Nantou County 54041, Taiwan","049-2371717","info@chbio.com.tw","www.chbio.com.tw","張尹騰","財會處處長","049-2339555","yintengchang@chbio.com.tw","www.chbio.com.tw","https://www.chbio.com/investor_relation/corporate_governance/corporate_governance_overview/"
"6541","泰福生技股份有限公司","泰福-KY","生技醫療業","KY","P.O. Box 31119, Grand Pavilion, 802 West Bay Rd., KY1-1205","	24797816","盛保熙","Stephen Lam","Stephen Lam","執行長","欒君儀","03-6583899","2013/05/08","2017/10/26",新台幣                 10.0000元,2649863670,264986367,0,0,合併,每年,董事會,"中國信託商業銀行股份有限公司","02-66365566","台北市重慶南路一段83號5樓","資誠聯合會計師事務所","蔡蓓華","梁華玲","Tanvex","6F, No. 12-2, Sec. 2, Shengyi Rd., Zhubei CityHsinchu County, Taiwan (R.O.C.)","03-6589567","contact@tanvex.com","www.tanvex.com","－","－","03-6583899","contact@tanvex.com","?L","https://www.tanvex.com/investor-c.php#sec-2"
"6550","北極星藥業集團股份有限公司","北極星藥業-KY","生技醫療業","KY","P.O. Box 309, Ugland House,Grand Cayman, KY1-1104, Cayman","	24792045","陳賢哲","陳賢哲(暫代)","沈意潔","會計主管暨財務經理","陳靜慧","02-2656-2727","2006/02/09","2022/06/06",新台幣                 10.0000元,8598926880,859892688,396484666,0,合併,每年,股東會,"中國信託商業銀行代理部","02- 6636-5566","台北市重慶南路一段83號5樓","資誠聯合會計師事務所","廖容翎","簡汎亞","PG","7F, NO.298, Ruiguang Rd., Neihu DistTaipei, Taiwan","02-2656-2626","ir@polarispharma.com","www.polarispharma.com","陳靜慧","投資人關係經理","0226562727","ir@polarispharma.com","?L","https://polarispharma.com/investors/"
"6552","易華電子股份有限公司","易華電","半導體業","－","高雄市楠梓區新開發路8號","	76025826","&#28201;文郁","黃梅雪","黃梅雪","總經理","陳嵩州","07-9620668","1973/10/06","2017/01/10",新台幣                 10.0000元,830000000,83000000,0,0,個別,每年,股東會,"永豐金證券股份有限公司","02-23816288","台北市博愛路17號3樓","勤業眾信聯合會計師事務所","王兆群","陳秀雯","JMC","N0. 8, SHINKAIFA ROAD, NANZIH DISTRICT, KAOHSIUNG CITY, TAIWAN (R.O.C.)Kaohsiung. Taiwan, R.O.C.","07-3651181","stock.service@jmct.com.tw","http://www.jmct.com.tw","楊千儀","財會部經理","07-9620668","stock.service@jmct.com.tw","http://www.jmct.com.tw","https://www.jmct.com.tw/tw/investor/governance_operations"
"6558","興能高科技股份有限公司","興能高","其他電子業","－","新竹科學園區新竹市展業一路9號6樓之一、之三","	97430131","陳國鍾","謝祥豪","謝祥豪","總經理","黃逸怡","(03)5643700","1997/03/10","2018/12/05",新台幣                 10.0000元,937888750,93788875,7300000,0,合併,每年,董事會,"統一綜合證券股務代理部","(02)27478266","台北市松山區東興路8號地下一樓","資誠聯合會計師事務所","江采燕","謝智政","SYNergy","6F-1 & 6F-3 ,No.9,Prosperity DR.1,Hsinchu Science ParkHsinchu,Taiwan 30078 R.O.C.","(03)5646767","ir@synst.com.tw","www.synst.com.tw","謝祥豪","總經理","035643700","ir@synst.com.tw","www.synst.com.tw","https://www.synst.com.tw/zh-tw/a4-1206-4670/???q?v?z.html"
"6573","虹揚發展科技股份有限公司","虹揚-KY","半導體業","KY","新北市新店區北新路三段207-5號4樓","	53016234","高桂珍","方欣怡","程御峰","副總經理","龔雅惠","8913-1399","2009/12/11","2017/09/26",新台幣                 10.0000元,804993450,80499345,0,0,合併,每年,股東會,"康和綜合證券股份有限公司","8787-1888","台北市信義區基隆路一段176號","德昌聯合會計師事務所","陳秀莉","陳文彬","HY","4F., No.207-5, Sec. 3, Beixin Rd., Xindian Dist.New Taipei City, Taiwan (R.O.C.)","8913-1388","hytech@hygroup.com.tw","https://www.hygroup.com.tw","王興邦","公關部專員","(02)8913-1399","hytech@hygroup.com.tw","https://www.hygroup.com.tw/tw-ww/csr/editor.aspx?CID=3","https://www.hygroup.com.tw/tw-ww/investors/architecture.aspx"
"6579","研揚科技股份有限公司","研揚","電腦及週邊設備業","－","新北市新店區寶橋路235巷135號5樓","	53113073","莊永順","林建宏","杜昀真","資深協理","莊健群","(02)8919-1234","2010/12/01","2017/08/21",新台幣                 10.0000元,1694512210,169451221,0,0,合併,每年,股東會,"凱基證券股份有限公司股務代理部","(02)2314-8800","台北市重慶南路一段2號5樓","資誠聯合會計師事務所","張淑瓊","謝瑋莉","AAEON","5F., No.135, Ln. 235, Baoqiao Rd.,Xindian Dist., New Taipei City 231, ROC","(02)8919-1053","speaker@aaeon.com.tw","http://www.aaeon.com","杜昀真","資深協理","(02)8919-1234","speaker@aaeon.com.tw","http://www.aaeon.com","https://www.aaeon.com/tw/article/list/corporate-management"
"6581","台灣鋼聯股份有限公司","鋼聯","綠能環保","－","彰化縣伸港鄉彰濱工業區線工北一路36號","	89528054","林才翔","謝宗霖","林琨傑","協理","陳襄瑋","(04)7586136","1995/05/24","2018/01/30",新台幣                 10.0000元,1112708870,111270887,0,0,合併,每年,董事會,"中國信託商業銀行代理部","","臺北市重慶南路一段83號5樓","勤業眾信聯合會計師事務所","許瑞隆","吳少君","TSU","No.36, Siangong N. 1st Rd., Shengang TownshipChanghua County 50953, Taiwan","(04)7586135","csr@tsutw.com.tw","https://www.tsutw.com.tw/","林琨傑","協理","(04)7586136","csr@tsutw.com.tw","https://www.tsutw.com.tw/§????H±M°?/???F?A°?","https://www.tsutw.com.tw/§????H±M°?/???q?v?z"
"6582","申豐特用應材股份有限公司","申豐","橡膠工業","－","屏東縣枋寮鄉太源村中山路三段55號","	85841102","黃鯤雄","曾建稄","曾建稄","總經理","汪承甫","072693345","1979/07/17","2017/06/14",新台幣                 10.0000元,1061741410,106174141,0,0,合併,每年,董事會,"永豐金證券股份有限公司","(02) 23816288","台北市博愛路17號3樓","勤業眾信聯合會計師事務所","許瑞軒","王兆群","Shin Foong","NO.55, SEC. 3, ZHONGSHAN RD., FANGLIAO TOWNSHIP, PINGTUNG COUNTY 940, TAIWANFANGLIAO PINGTUNG ,TAIWAN (R.O.C)","072696395","shinfoong@shinfoong.com.tw","http://www.shinfoong.com.tw","曾建稄","總經理","072693345","shinfoong@shinfoong.com.tw","https://www.shinfoong.com.tw/download.asp?it=9&id=328","https://www.shinfoong.com.tw/download.asp"
"6585","鼎基先進材料股份有限公司","鼎基","其他","－","高雄市小港區北林路8-1號","	81486019","林勳臺","林庚賢","林庚賢","總經理","黃彬禎","07-8070166","1981/03/06","2022/05/20",新台幣                 10.0000元,721335870,72133587,0,0,合併,每年,董事會,"第一金證券股份有限公司","02-25635711","台北市大安區安和路一段27號六樓","資誠聯合會計師事務所","王駿凱","廖阿甚","DingZing","No.8-1, Pei-Lin Road, Hsiao-Kang DistrictKaohsiung 81266 ,Taiwan","07-8071617","info@dingzing.com","http://www.dingzing.com","林庚賢","總經理","07-8070166","info@dingzing.com","http://www.dingzing.com","https://www.dingzing.com/tw/IRCorporate#gsc.tab=0"
"6589","台康生技股份有限公司","台康生技","生技醫療業","－","新北市汐止區康寧街169巷101號","	54150737","劉理成","劉理成","劉理成","董事長兼總經理","張志榮","(02)7708-0123","2012/12/21","2025/07/21",新台幣                 10.0000元,3068613020,306861302,55000000,0,合併,每年,董事會,"凱基證券股份有限公司股務代理部","(02)2389-2999","台北市重慶南路一段2號5樓","資誠聯合會計師事務所","游淑芬","顏裕芳","EirGenix","No.101, Lane 169, Kangning St., Xizhi Dist.New Taipei City 22180, Taiwan (R.O.C.)","(02)7708-1666","IR@eirgenix.com","http://www.eirgenix.com","楊秀權","財務長","(03)620-5088","IR@eirgenix.com","http://www.eirgenix.com","https://zh-tw.eirgenix.com"
"6591","動力科技股份有限公司","動力-KY","電腦及週邊設備業","KY","新北市中和區建一路166號9樓、9樓之一","	42461124","許文昉","許文昉","姚成旻","副總經理","許嘉恆","02-8226-3300","2013/11/28","2017/12/28",新台幣                 10.0000元,411224650,41122465,0,0,合併,每年,董事會,"康和綜合證券股份有限公司","02-8787-1888","台北市基隆路1段176號B1","勤業眾信聯合會計師事務所","謝東儒","張嘉銘","SUN MAX","9F-1、9F No. 166, Jian 1st Rd., Zhonghe Dist.,New Taipei City 235, Taiwan (R.O.C.)","02-8226-3311","spokesman@powerlogic.tw","http://www.sun-max.com.tw","姚成旻","副總經理","02-8226-3300","IR@powerlogic.tw","https://www.sun-max.com.tw/responsibility_tw.php?id=13","https://www.sun-max.com.tw/governance_tw.php?id=4"
"6592","和潤企業股份有限公司","和潤企業","其他","－","台北市內湖區瑞光路605號10樓","	16844548","陳建州","林彥良","楊鎧榮","副總經理","林瑋協理","02-2502-4567","1999/05/25","2019/12/09",新台幣                 10.0000元,7231504930,623150493,0,100000000,合併,每年,董事會,"台新證券股務代理部","02-2504-8125","台北市中山區建國北路一段96號地下一樓","資誠聯合會計師事務所","王方瑜","林佳鴻","HOTAI FINANCE","10F., No. 605, Ruiguang Rd.,Taipei,Taiwan,R.O.C.","02-2501-0095","HFC-INVESTOR@hfcfinance.com.tw","https://www.hfcfinance.com.tw/","楊鎧榮","副總經理","02-2502-4567","HFC-INVESTOR@hfcfinance.com.tw","https://www.hfcfinance.com.tw/zh-tw/investor/129#cms3","https://www.hfcfinance.com.tw/zh-tw/corporate/122"
"6598","Applied BioCode Corporation","ABC-KY","生技醫療業","KY","台北市內湖區行忠路28巷1號6樓","	42545659","李家榮","何重人","何重人","總經理","陳祐寧","02-87916833","2016/04/15","2020/06/09",新台幣                 10.0000元,1028190610,102819061,0,0,合併,每年,股東會,"永豐金證券股份有限公司","02-23816288","台北市中正區博愛路17號3樓","資誠聯合會計師事務所","梁嬋女","簡汎亞","Applied BioCode","6F., No.11, Ln. 28, Xingzhong Rd., Neihu Dist.,Taipei City 114, Taiwan(R.O.C.)","02-87919117","IR@Apbiocode.com","www.ApBioCode.com/tw","陳祐寧","陳祐寧","02-87916833","ychen@apbiocode.com","www.ApBioCode.com/tw","https://www.apbiocode.com/tw/%e6%8a%95%e8%b3%87%e4%ba%ba%e5%b0%88%e5%8d%80/%e5%85%ac%e5%8f%b8%e6%b2%"
"6605","帝寶工業股份有限公司","帝寶","汽車工業","－","彰化縣鹿港鎮頭南里南勢巷20-3號","	59347422","謝&#32137;氣","許 (余又) 銘","呂理豐","經理","胡源隆","(04)772-2311","1980/04/25","2004/03/17",新台幣                 10.0000元,1658163970,165816397,0,0,合併,每年,股東會,"凱基證券股份有限公司","(02)2389-2999","台北市重慶南路一段2號5樓","勤業眾信聯合會計師事務所","蔣淑菁","蘇定堅","DEPO","NO.20-3 , NAN SHIN LANE　　LU KANG CHEN, CHANG HUA SHIEN, TAIWAN 　","(04)771-0725","af010@depoautolamp.com","www.depoautolamp.com","呂理豐","經理","(04)772-2311*5801","edward@depoautolamp.com","https://www.depoautolamp.com/investor_tw_3.php","https://www.depoautolamp.com/investor_tw_2.php"
"6606","建德工業股份有限公司","建德工業","電機機械","－","雲林縣斗六市斗工九路17號","	35309102","李金旆","黃盈璇","黃盈璇","總經理","丁承泰","05-5575356","1966/03/16","2023/03/24",新台幣                 10.0000元,1103037830,110303783,0,0,合併,每年,董事會,"富邦綜合證券股份有限公司","02-23611300","台北市中正區許昌街17號11樓","資誠聯合會計師事務所","林秀珊","吳建志","KENT","No. 17, Dougong 9th Rd.,Douliu City,Yunlin County,Taiwan,R.O.C","05-5575136","ctting@kentind.com","www.kentind.com","丁承泰","經理","05-5575356","ctting@kentind.com","www.kentind.com","https://kentind.com/corporate_governance-2/"
"6614","資拓宏宇國際股份有限公司","資拓宏宇","數位雲端","－","新北市板橋區縣民大道二段7號6樓","	28859051","吳麗秀","王芝和","王芝和","總經理","蕭偉政、毛曉夫、黃科瑋","(02)8969-1969","2008/04/10","2025/11/25",新台幣                 10.0000元,806605210,80660521,0,0,合併,每年,董事會,"富邦綜合證券股務代理部","(02)2361-1300","台北市中正區許昌街17號11樓","資誠聯合會計師事務所","黃世鈞","陳憲正","IISI","6F., N.7, Sec. 2, Xianmin Blvd., Banqiao Dist.,New Taipei City 22041, Taiwan (R.O.C.)","(02)8969-3359","invest@iisigroup.com","https://www.iisigroup.com","王芝和","總經理","(02)2969-6614","invest@iisigroup.com","https://www.iisigroup.com/esg/stakeholders/","https://www.iisigroup.com/investors/corporate-governance/"
"6625","必應創造股份有限公司","必應","其他","－","臺北市內湖區新湖一路370號3樓","	54663862","周佑洋","周佑洋","張瑞娟","財務長","王慧倫","27940259","2014/01/02","2018/02/07",新台幣                 10.0000元,579724880,57972488,0,0,合併,每年,董事會,"凱基證券股份有限公司股務代理部","02-23892999","台北市重慶南路一段2號5樓","勤業眾信聯合會計師事務所","陳怡伶","翁雅玲","Binlive","3F., No.370, Xinhu 1st Rd., Neihu Dist., Taipei City 11494, TaiwanTaiwan","27909644","binspokesman@bin-live.com","http://www.bin-live.com/","張瑞娟","財務長","(02)27940259","IR@bin-live.com","http://www.bin-live.com/","https://www.bin-live.com/#section-INVESTOR"
"6641","基士德科技股份有限公司","基士德-KY","綠能環保","KY","高雄市鼓山區民利街15,17,19號(台灣分公司)","	82703128","謝宏炅","陳世賢","陳世賢","總經理","謝牧君","(07)5528802","2013/10/03","2018/09/21",新台幣                 10.0000元,365000000,36500000,0,0,合併,每年,股東會,"永豐金證券股務代理部","(02)23816288","台北市博愛路17 號3樓","安永聯合會計師事務所","陳政初","謝勝安","GSD-KY","No.15,17,19, Minli St., Gushan Dist.,Kaohsiung City 804, Taiwan (R.O.C.)","(07)5529206","ir@gsd.net.tw","https://www.gsd.net.tw/","陳世賢","總經理","0916856641","ir@gsd.net.tw","https://www.gsd.net.tw/list.php?pid=7","https://www.gsd.net.tw/list.php?pid=5&ty=25"
"6645","金萬林企業股份有限公司","金萬林-創","生技醫療業","－","新北市汐止區新台五路一段97號30樓","	27348877","陳惠娥","楊文明","楊文明","總經理","吳佩珊","(02)26976888","2004/08/06","2023/12/21",新台幣                 10.0000元,608640500,60864050,0,0,合併,每年,股東會,"華南永昌綜合證券股份有限公司","(02)27186425","臺北市松山區民生東路四段54號4樓","資誠聯合會計師事務所","支秉鈞","余正富","KIM FOREST","30F., No.97, Sec. 1, Xintai 5th Rd., Xizhi Dist.,New Taipei City 221, Taiwan (R.O.C.)","(02)26976777","mgt@kimforest.com","www.kimforest.com","楊文明","總經理","(02)26976888","mgt@kimforest.com","http://www.kimforest.com/index.php?action=investors","https://www.kimforest.com/index.php?action=about&nid=61"
"6655","科定企業股份有限公司","科定","其他","－","新北市新莊區福慧路268號15樓","	80214519","曹憲章","曹憲章","林美妏","會計主管","王凱君","02-22963999","2002/07/22","2018/11/28",新台幣                 10.0000元,805718170,80571817,0,0,合併,每半會計年度,董事會,"中國信託商業銀行代理部","02-66365566","台北市中正區重慶南路一段83號5樓","勤業眾信","尤志峰","蔡侑玲","KD","15F., No. 268, Fuhui Rd., Xinzhuang Dist.,New Taipei City 242, Taiwan (R.O.C.)","02-85111216","kdstock@twkd.com","http://www.twkd.com","林美妏","會計主管","02-22963999","ir@twkd.com","https://www.twkd.com/tw/investor_relations.php?act=view&id=1","https://www.twkd.com/tw/investor_relations.php?act=view&id=1"
"6657","華安醫學股份有限公司","華安","生技醫療業","－","台北市瑞光路583巷21號6樓之3","	53726093","陳翰民","江銘燦","江銘燦","總經理","林俊材","(02)2627-0835","2012/08/28","2023/06/12",新台幣                 10.0000元,888080000,88808000,0,0,合併,每年,股東會,"中國信託商業銀行代理部","(02)6636-5566","臺北市中正區重慶南路一段83號5樓","勤業眾信聯合會計師事務所","葉淑娟","黃惠敏","ENERGENESIS","6F.-3, No.21, Ln.583, Ruiguang Rd.,Neihu Dist., Taipei 11492, Taiwan","(02)2627-0836","EB@energenesis-biomedical.com","http://www.energenesis-biomedical.com","江銘燦","總經理","(02)2627-0835","EB@energenesis-biomedical.com","http://www.energenesis-biomedical.com/invest_company.php","https://www.energenesis-biomedical.com/tw/invest/company"
"6658","聯策科技股份有限公司","聯策","其他電子業","－","桃園市中壢區新生路三段255巷168號","	13079649","林文彬","陳識翔","陳識翔","總經理","林鈺婷","03-3690966","2002/04/29","2023/11/02",新台幣                 10.0000元,363700000,36370000,0,0,合併,每年,董事會,"福邦證券股份有限公司股務代理部","02-23836888","台北市中正區忠孝西路一段6號6樓","勤業眾信聯合會計師事務所","施錦川","劉書琳","SynPower","No. 168, Lane 255, Section 3, Xinsheng Road,Zhongli District, Taoyuan City, 320, ROC","03-3690978","spokesman@synpower.com.tw","http://www.synpower.com.tw","陳識翔","總經理","03-3690966","spokesman@synpower.com.tw","http://www.synpower.com.tw","https://www.synpower.com.tw/tw/Corporate/14/%E5%85%AC%E5%8F%B8%E6%B2%BB%E7%90%86"
"6666","羅麗芬控股股份有限公司","羅麗芬-KY","生技醫療業","KY","新北市中和區圓通路301號生醫科技大樓15樓","	82230260","嘉黛國際有限公司(代表人:羅麗芬)","饒煥文","王志富","總經理特助","劉雅媚","(02)87713126","2016/09/21","2018/11/19",新台幣                 10.0000元,473880000,47388000,0,0,合併,每年,股東會,"元大證券股份有限公司","02-2586-5859","台北市敦化南路二段 67號B1","資誠聯合會計師事務所","陳晉昌","廖福銘","LLF-KY","15F, Biomedical Technology Building, No. 301, Yuantong Road, Zhonghe District,New Taipei City,Taiwan","(02)2741-6259","ir@jiawenli.com","www.luolihfen.com/","王志富","IR","(02)87713126","ir@jiawenli.com","http://luolihfen.com/tc/join1-38.html","https://luolifen.com/tc/join1-36.html"
"6668","中揚光電股份有限公司","中揚光","光電業","－","台中市南屯區工業區二十二路21號","	54258218","李榮洲","李榮洲(暫代)","李榮洲","董事長","潘景祥","04-23595993","2013/06/04","2018/12/12",新台幣                 10.0000元,1071160870,107116087,27285000,0,合併,每年,董事會,"元大證券股份有限公司股務代理部","02-25865859","臺北市大安區敦化南路2段67號地下一樓","安侯建業聯合會計師事務所","區耀軍","簡思娟","Zhong Yang","No.21, Gongyequ 22nd Rd.Nantun Dist., Taichung City ,Taiwan","04-23580809","service@zy-tech.com.tw","http://www.jmo-corp.com","潘景祥","資深協理","04-23595993","investor_relations@zy-tech.com.tw","http://www.zy-tech.com.tw/page/about/index.aspx?kind=58","http://www.zy-tech.com.tw/page/about/index.aspx?kind=33"
"6669","緯穎科技服務股份有限公司","緯穎","電腦及週邊設備業","－","新北市汐止區新台五路一段90號8樓","	53687704","洪麗&#23511;","林威遠","陳昌偉","財務長","吳海如","(02)6615-8888","2012/03/03","2019/03/27",新台幣                 10.0000元,1858407910,185840791,0,0,合併,每年,股東會,"元大證券股份有限公司","(02)2586-5859","臺北市大安區敦化南路2段67號地下一樓","安侯建業聯合會計師事務所","陳雅琳","楊雲筑","Wiwynn","8F, 90, Sec.1, Xintai 5th Rd.,Xizhi Dist.,New Taipei City,Taiwan,R.O.C","(02)6615-8999","IR@wiwynn.com","https://www.wiwynn.com","陳昌偉","財務長","(02)6615-8888","IR@wiwynn.com","https://www.wiwynn.com/zh/esg","https://www.wiwynn.com/zh/investors/corporate-governance"
"6670","復盛應用科技股份有限公司","復盛應用","運動休閒","－","台北市中山區南京東路二段172號3樓","	53091900","李亮箴","江慶生","許廷儀","財務長","彭志璋","03-3635370","2010/09/14","2018/12/18",新台幣                 10.0000元,1393869730,139386973,0,0,合併,每年,股東會,"台新證券股務代理部","02-25048125","台北市中山區建國北路一段96號B1","安永聯合會計師事務所","張巧穎","黃子評","FSP","3F.,No.172,Sec.2,Nanking E.Rd.,Zhongshan Dist.,Taipei City,Taiwan (R.O.C)","03-3618026","investor_service@fusheng.com.tw","https://www.fusheng-precision.com/","許廷儀","財務長","03-3635370","investor_service@fusheng.com.tw","https://www.fusheng-precision.com/","https://www.fusheng-precision.com/copy-of-6"
"6671","三能集團控股股份有限公司","三能-KY","居家生活","KY","臺中市大里區工業八路58號","	82517356","張瑞榮","蕭凱峰","蕭凱峰","執行長","張心怡","(04)2492-5850","2015/04/29","2018/12/11",新台幣                 10.0000元,607500000,60750000,0,0,合併,每年,董事會,"兆豐證券股份有限公司","(02)3393-0898","台北市中正區忠孝東路二段95號","勤業眾信聯合會計師事務所","劉力維","何瑞軒","San Neng-KY","No.58, Gongye 8th Rd., Dali Dist.Taichung City, Taiwan (R.O.C.)","(04)2492-2077","SNGIR@sanneng.com.tw","https://www.sannenggroup.com/","蕭凱峰","執行長","0928-135680","SNGIR@sanneng.com.tw","https://sannenggroup.com/investors-2/stakeholders/","https://sannenggroup.com/investors-2/???q?v?z/implementation-of-corporate-governance/"
"6672","騰輝電子國際集團股份有限公司","騰輝電子-KY","電子零組件業","KY","桃園市平鎮區湧豐里工業五路10號","	72952251","Alpha Victor Limited代表人：王有慈","鍾健人","杜喬葦","財務長","李怡瑱","8651268091810","2012/10/16","2019/04/17",新台幣                 10.0000元,714347450,71434745,0,0,合併,每半會計年度,董事會,"元大證券股份有限公司股務代理部","02-2586-5859","台北市大安區敦化南路二段67號地下1樓","勤業眾信聯合會計師事務所","劉怡青","邱政俊","Ventec","No.10, Gongye 5th Rd., Pingzhen Dist.Taoyuan City 324, Taiwan (R.O.C.)","03-4192171","ir@ventec.com.cn","www.ventec-group.com","杜喬葦","財務長","0905119519","ir@ventec.com.cn","http://www.ventec-group.com/cht/investors/stakeholder-engagement/","https://www.ventec-group.com/cht/investors/corporate-governance/"
"6674","鋐寶科技股份有限公司","鋐寶科技","通信網路業","－","新竹縣竹北市台元一街1號13樓之一","	24456541","彭聖華","王昱賀","何振宇","財會暨股務處處長","王昱賀","(03)5600066","2009/08/19","2018/11/28",新台幣                 10.0000元,685506590,68550659,0,0,合併,每年,董事會,"中國信託商業銀行 代理部","(02)66365566","台北市中正區重慶南路一段83 號5 樓","安侯建業聯合會計師事務所","劉振興","郭冠纓","CBN","13F,-1, No.1, Taiyuan 1st St.,Zhubei City, Hsinchu County, Taiwan","(03)5600060","Investor@compalbn.com","http://www.icbn.com.tw/","何振宇","財會暨股務處處長","(03)5600066","Investor@compalbn.com","http://www.icbn.com.tw/","http://www.icbn.com.tw/"
"6689","伊雲谷數位科技股份有限公司","伊雲谷","數位雲端","－","新北市三重區三和路四段111之32號7樓","	54359763","蔡佳宏","林儀(執行長)","林儀","執行長","謝明宏","(02)2280-1777","2013/09/13","2022/09/13",新台幣                 10.0000元,680000000,68000000,0,0,合併,每年,董事會,"凱基證券股份有限公司","(02)2389-2999","台北市中正區重慶南路一段2號5樓","安侯建業聯合會計師事務所","郭柔蘭","吳趙仁","ECV","7F., No. 111-32, Sec. 4, Sanhe Rd., Sanchong Dist.,New Taipei City 241, Taiwan","(02)8287-3730","spokesperson@ecloudvalley.com","http://www.ecloudvalley.com","吳廖荃","IR Manager","(02)2287-6689","spokesperson@ecloudvalley.com","https://www.ecloudvalley.com/esg-zh/p/stakeholder-communication","https://www.ecloudvalley.com/tw/p/investors-corporate-governance#"
"6691","洋基工程股份有限公司","洋基工程","其他電子業","－","新北市林口區文化二路一段266號18樓之3","	30921756","劉士源","林鴻忠","程志豪","財務主管","彭桂芳","02-26001350","1980/07/25","2022/01/03",新台幣                 10.0000元,1214872090,121487209,0,0,合併,每年,董事會,"永豐金證券股份有限公司","02-23816288","台北市中正區博愛路17號3樓","勤業眾信聯合會計師事務所","楊承修","錢奕圻","YANKEY","Rm. 3, 18F., No.266, Sec. 1, Wenhua 2nd Rd., Linkou DistNew Taipei City 244, Taiwan, R.O.C.","02-26003790","yankeyinvestor@yankey.com.tw","www.yankey.com.tw/","程志豪","財務主管","02-26001350","YankeyInvestor@yankey.com.tw","https://www.yankey.com.tw/esg/44/6-1/","https://www.yankey.com.tw/investment/42/3-8/"
"6695","芯鼎科技股份有限公司","芯鼎","半導體業","－","新竹科學園區新竹縣創新一路19-1號","	28112890","羅森洲","許英偉","李長龍","夥伴關係總監","張光佑","03-5641600","2009/12/23","2022/11/04",新台幣                 10.0000元,964596500,96459650,10000000,0,合併,每年,股東會,"福邦證券股份有限公司股務代理部","(02)2371-1658","台北市忠孝西路一段6號6樓","勤業眾信聯合會計師事務所","虞成全","張雅芸","iCatchtek","19-1, Innovation 1st Road,Hsinchu Science Park, Hsinchu ,Taiwan","03-5670528","ir@icatchtek.com","http://www.icatchtek.com/","李長龍","夥伴關係總監","03-5641600","ir@icatchtek.com","http://www.icatchtek.com/","https://www.icatchtek.com/Corporate"
"6698","旭暉應用材料股份有限公司","旭暉應材","其他電子業","－","台南市安南區工業一路36號","	28722767","趙勤孝","王宜凡","黃信貿","財務長","牛潔茹","06-6016388","2007/05/25","2019/11/25",新台幣                 10.0000元,663897530,66389753,0,0,合併,每年,董事會,"兆豐證券股份有限公司","02-33930898","台北巿中正區忠孝東路二段95號1 樓","資誠聯合會計師事務所","葉芳婷","徐惠榆","FINEMAT","No.36,Gongye 1st Rd.,Annan DistrictTainan City,Taiwan","06-3842599","ir@fine-mat.com","www.fine-mat.com","黃信貿","財務長","06-6016388","ir@fine-mat.com","http://www.fine-mat.com/csr/","https://www.fine-mat.com/esg/csr/"
"6706","惠特科技股份有限公司","惠特","光電業","－","台中市西屯區工業區35路3號","	70697332","鎧叡投資有限公司 代表人：賴允晉","徐秋田","許景翔","財務經理","賴允晉","04-23502319","2000/01/25","2019/12/19",新台幣                 10.0000元,785488650,78548865,0,0,合併,每年,董事會,"凱基證券股份有限公司股務代理部","02-23892999","台北市重慶南路一段二號5樓","勤業眾信聯合會計師事務所","謝明忠","呂宜真","FitTech","No.3, Gongyequ 35th Rd., Xitun Dist., Taichung City 40768, Taiwan.TAICHUNG　TAIWAN　R.O.C.","04-23504502","service-investor@fittech.com.tw","http://www.fittech.com.tw/","許景翔","財務經理","04-23502319","service-investor@fittech.com.tw","http://www.fittech.com.tw/","https://zh-tw.fittech.com.tw/corporate_governance"
"6715","嘉基科技股份有限公司","嘉基","電子零組件業","－","新北市中和區建一路166號12樓","	53431627","朱德祥","羅偉仁","涂志翔","業務副總","王臻怡","(02)8226-5880","2011/08/22","2019/12/12",新台幣                 10.0000元,663645050,66364505,0,0,合併,每年,股東會,"中國信託商業銀行代理部","(02)2311-1838","台北市中正區重慶南路一段83號5樓","勤業眾信聯合會計師事務所","莊碧玉","蔡侑玲","Lintes","12F., No. 166, Jian 1st Rd., Zhonghe Dist.New Taipei City 235, Taiwan (R.O.C.)","(02)8226-5882","jenny.wang@lintestech.com","www.lintestech.com","王臻怡","財務協理","(02)8226-5880","IR@lintestech.com","www.lintestech.com","www.lintestech.com/investors/corporate-structure"
"6719","力智電子股份有限公司","力智","半導體業","－","新竹縣竹北市台元一街5號9樓","	27983551","許先越","黃學偉","邱建邦","財務長","戴筱芸","03-5601666","2005/12/23","2022/01/13",新台幣                 10.0000元,1054839890,105483989,21000000,0,合併,每年,股東會,"福邦證券股份有限公司股務代理部","02-23711658","台北市中正區忠孝西路一段6號6樓","資誠聯合會計師事務所","蔡欣怡","白淑蒨","uPI","9F.,No.5,Taiyuan 1st St.,Zhubei City,Hsinchu County,Taiwan,R.O.C","03-5601888","upi_ir@upi-semi.com","www.upi-semi.com","戴筱芸","部經理","03-5601666","upi_ir@upi-semi.com","https://www.upi-semi.com/upi-semi/esg/§Q?`???Y?H±M°?/?lang=zh-hant","https://www.upi-semi.com/§????H???Y/???q?v?z/?lang=zh-hant"
"6722","輝創電子股份有限公司","輝創","其他電子業","－","新北市中和區中正路959號5樓","	20947969","江義行","江世豐","李名正","處長","張世杰","(02)8226-7999","1982/12/16","2026/01/16",新台幣                 10.0000元,884000000,88400000,0,0,合併,每年,股東會,"富邦綜合證券(股)公司股務代理部","(02)2361-1300","台北市許昌街17號11樓","安侯建業聯合會計師事務所","黃海寧","陳燕慧","Whetron","5F., No.959, Jhongjheng Rd., Jhonghe Dist.,New Taipei City 235,Taiwan R.O.C.","(02)8226-7901","IR@whetron.com","www.whetron.com","李名正","處長","(02)8226-7999","IR@whetron.com","www.whetron.com","https://www.whetron.com/board_directors/"
"6742","澤米科技股份有限公司","澤米","光電業","－","苗栗縣竹南鎮和興路330號","	80137437","何昆年(全珩投資股份有限公司代表人)","李振瑞","何昆年","董事長","李振瑞","(037)586-396","2003/02/14","2023/12/05",新台幣                 10.0000元,712679480,71267948,0,0,合併,每年,股東會,"中國信託商業銀行代理部","(02)6636-5566","台北市中正區重慶南路一段83號5樓","勤業眾信聯合會計師事務所","陳培德","劉紋伶","Vti","NO.330, HEXING RD., JHUNAN TOWNSHIP,MIAOLI COUNTY 35048, TAIWAN (R.O.C.)","(037)586-400","invest@vactronics.com.tw","www.vactronics.com.tw","何昆年","董事長","(037)586-396","invest@vactronics.com.tw","https://www.vactronics.com.tw/article/%E5%88%A9%E5%AE%B3%E9%97%9C%E4%BF%82%E4%BA%BA","https://www.vactronics.com.tw/article/%E5%85%AC%E5%8F%B8%E6%B2%BB%E7%90%86"
"6743","安普新股份有限公司","安普新","其他電子業","－","台北市南港區三重路19-3號3樓","	16540496","黃常青","黃常青","許明仁","技術長","林玉鳳","02-26552798","1998/07/02","2020/12/14",新台幣                 10.0000元,1500000000,150000000,0,0,合併,每年,董事會,"中國信託商業銀行代理部","02-66365566","台北市中正區重慶南路一段83號5樓","勤業眾信聯合會計師事務所","王浚宇","劉明賢","AMPACS","3F., No.19-3, Sanchong Rd., Nangang Dist.,Taipei City 115, Taiwan,R.O.C.","02-26551558","Ampacs@ampacscorp.com","http://www.ampacscorp.com/","許明仁","技術長","02-26552798","james.hsu@ampacscorp.com","https://www.ampacscorp.com/zh-tw/csr/CSR","https://www.ampacscorp.com/zh-tw/govern/"
"6753","龍德造船工業股份有限公司","龍德造船","航運業","－","宜蘭縣冬山鄉大興村德興五路15號","	40607762","黃守真","黃守龍","黃守真","董事長","周孟蘋","(03)9901166","1976/05/06","2023/03/10",新台幣                 10.0000元,1172395030,117239503,0,0,個別,每年,股東會,"兆豐證券股份有限公司","02-3393-0898","台北市忠孝東路二段95號1樓","勤業眾信聯合會計師事務所","郭乃華","褚世蘭","LUNGTEH","No. 15, Dexing 5th Rd.Dongshan Township, Yilan County 269, Tw","(03)9905650","IR@lungteh.com","www.lungteh.com","周孟蘋","財務經理","(02)26571830","IR@lungteh.com","https://www.lungteh.com/tc/csr_detail6.htm","https://www.lungteh.com/zh/investor?state=top-board"
"6754","匯僑室內裝修設計股份有限公司","匯僑設計","居家生活","－","台北市松山區南京東路四段75號12樓","	24775812","王秀卿","楊信力","羅月華","財務長","張敏慧","(02)2545-6011","2014/12/09","2020/08/25",新台幣                 10.0000元,660000000,66000000,0,0,合併,每年,董事會,"凱基證券股務代理部","02-2389-2999","台北市重慶南路一段2號5樓","勤業眾信聯合會計師事務所","謝明忠","彭以驊","Rich Honour","12F., No. 75, Sec. 4, Nanjing E. Rd., Songshan Dist.,Taipei City 105, Taiwan (R.O.C.)","(02)2545-2126","IR@richhonour.com","https://www.richhonour.com","羅月華","財務長","(02)2545-6011","IR@richhonour.com","https://www.richhonour.com","https://www.richhonour.com/tw/sustainability.html"
"6756","威鋒電子股份有限公司","威鋒電子","半導體業","－","新北市新店區中正路529-1號7樓","	29125676","陳文琦","林志峰","林志峰","總經理","陳鴻文","8862-22181838","2008/07/07","2020/12/24",新台幣                 10.0000元,699480000,69948000,0,0,合併,每年,董事會,"中國信託商業銀行代理部","8862-66365566","台北市中正區重慶南路一段83號5樓","勤業眾信聯合會計師事務所","王攀發","劉書琳","VLI","7F, 529-1, Zhongzheng Rd., Xindian Dist.New Taipei City 231, Taiwan","8862-22182553","investor@via-labs.com","https://www.via-labs.com","陳鴻文","營運長","8862-22181838","investor@via-labs.com","https://www.via-labs.com/investor_stakeholder.php","https://www.via-labs.com/investor_corp.php"
"6757","台灣虎航股份有限公司","台灣虎航","航運業","－","台北市松山區敦化北路405巷123弄3號","	54381049","黃世惠","邱彰信","許致遠","商務長","于煥永","02-7735-6988","2014/04/21","2023/08/15",新台幣                 10.0000元,4595300000,459530000,0,0,個別,每年,董事會,"台新證券股務代理部","02-2504-8125","台北市中山區建國北路一段96號B1","安侯建業聯合會計師事務所","楊樹芝","紀孟君","TTW","No. 3, Aly. 123, Ln. 405, Dunhua N. Rd., Songshan Dist.,Taipei City,Taiwan R.O.C","02-2547-5235","pr@tigerairtw.com","https://www.tigerairtw.com","賈瑋中","財務長","0905-207858","ttwstock@tigerairtw.com","https://www.tigerairtw.com","https://www.tigerairtw.com/zh-TW/about-tigerair/about-us"
"6768","志強國際企業股份有限公司","志強-KY","運動休閒","KY","台中市西屯區市政北五路266號3樓","	88173202","陳維家","馬世正","麥班達","董事長特助","古富昇","(04)22585388","2017/03/28","2021/04/22",新台幣                 10.0000元,2000950610,200095061,0,0,合併,每年,股東會,"元大證券股份有限公司股務代理部","(02)25865859","臺北市大安區敦化南路2段67號地下一樓","勤業眾信聯合會計師事務所","蔣淑菁","吳少君","SPG-KY","3F., NO.266, SHIZHENG N. 5TH RD., XITUN DIST.,TAICHUNG CITY 40756, TAIWAN (ROC)","(04)22589088","SPG.IR@spg-sportsgear.com","http://www.sportsgear.com.tw/","麥班達","董事長特助","(04)22585388","SPG.IR@spg-sportsgear.com","http://www.sportsgear.com.tw/stakeholders.html","https://www.sportsgear.com.tw/corporate-governance.html"
"6770","力晶積成電子製造股份有限公司","力積電","半導體業","－","新竹科學園區新竹市力行一路18號","	28112667","黃崇仁","朱憲國","譚仲民","副總經理","邵章榮","03-5795000","2008/04/17","2021/12/06",新台幣                 10.0000元,42438037150,4243803715,0,0,合併,每半會計年度,董事會,"群益金鼎證券(股)公司股務代理部","(02)27023999","106台北市大安區敦化南路二段97號地下二樓","勤業眾信聯合會計師事務所","鍾鳴遠","蔡美貞","PSMC","No.18, Li-Hsin Rd.1, Hsinchu Science ParkHsinchu, Taiwan, 300-78 R.O.C.","03-6687809","IR@powerchip.com","www.powerchip.com","葉姿吟","專案副理","(03)5795000 ext.2340","IR@powerchip.com","www.powerchip.com","https://esg.powerchip.com/zh-tw/governance/corporate-governance"
"6771","平和環保科技股份有限公司","平和環保-創","綠能環保","－","高雄市岡山區本工路6號","	28371018","吳明陽","黃弘傑","陳義生","協理","劉靜怡","07-6233690","2006/08/01","2024/05/17",新台幣                 10.0000元,311795000,31179500,0,0,合併,每年,董事會,"福邦證券股份有限公司","02-23711658","台北市中正區忠孝西路一段6號6樓","安永聯合會計師事務所","洪國森","陳政初","PHET","No.6, Bengong Rd.Gangshan Dist., Kaohsiung City Taiwan","07-6233726","sam.ph@pinghounion.com.tw","http://www.pinghounion.com.tw","陳義生","協理","07-6233690","sam.ph@pinghounion.com.tw","http://www.pinghounion.com.tw","https://www.pinghounion.com.tw/page/about/index.aspx?kind=53&lang=TW"
"6776","展碁國際股份有限公司","展碁國際","電子通路業","－","台北市南港區南港路三段9號10-12樓","	20773257","林佳璋","林佳璋","鄭明琪","資深副總經理","王淑錦","(02)23716000","1977/12/22","2021/03/31",新台幣                 10.0000元,915814300,91581430,0,0,合併,每年,董事會,"永豐金證券股務代理部","(02)2381-6288","台北市中正區博愛路17號3樓","安侯建業聯合會計師事務所","江家齊","張純怡","Weblink","10-12F, No.9, Sec. 3 Nangang Rd., Nangang Dist., Taipei City, Taiwan (R.O.C.)Taipei Taiwan R. O. C.","(02)23717750","investor.relations@weblink.com.tw","www.weblink.com.tw","王淑錦","資深經理","(02)23716000","investor.relations@weblink.com.tw","https://www.weblink.com.tw/investor-detail111.htm","https://www.weblink.com.tw/investor3-16.htm"
"6781","AES Holding Co., Ltd.","AES-KY","電子零組件業","KY","新竹縣湖口鄉湖口村八德路二段656號5樓","	87546197","宋福祥","宋維哲","宋維哲","總經理","陳淑娟","(03)5695916","2020/01/09","2021/03/22",新台幣                 10.0000元,854187800,85418780,0,0,合併,每年,股東會,"台新證券股務代理部","(02)25048125","臺北市中山區建國北路一段96號B1","勤業眾信聯合會計師事務所","方蘇立","施錦川","AES-KY","5F,No.656, Sec.2,Bade Rd.,Hukou TownShip,Hsinchu County 303104,Taiwn(ROC)","(03)5696115","Aes-ir@advancedenergysolution.com.tw","http://www.advancedenergysolution.com.tw/","宋維哲","總經理","035695916","Aes-ir@advancedenergysolution.com.tw","http://www.advancedenergysolution.com.tw/contacts.html","https://www.advancedenergysolution.com.tw/article.php?lang=tw&tb=3&cid=28&ot=all"
"6782","視陽光學股份有限公司","視陽","生技醫療業","－","桃園市龜山區興業街1號","	16693062","李重儀","李重儀","吳滄松","副總經理","鄭佩青","03-3596868","1998/11/09","2022/11/28",新台幣                 10.0000元,630000000,63000000,0,0,合併,每半會計年度,董事會,"台新證券股務代理部","(02)2504-8125","台北市建國北路一段96號地下一樓","安侯建業聯合會計師事務所","高靚玟","許詩淳","VISCO","No.1, Xingye St. Guishan Dist.Taoyuan City 33341, Taiwan (R.O.C.)","03-3490202","ir@viscovision.com.tw","www.viscovision.com.tw","鄭佩青","代理發言人","03-3596868","ir@viscovision.com.tw","www.viscovision.com.tw/tw/csr_employee.html","https://www.viscovision.com.tw/tw/investors_company.html"
"6789","采鈺科技股份有限公司","采鈺","半導體業","－","新竹科學園區新竹市篤行一路12號","	80601119","關欣","關欣","邱建俊","副處長","吳明珊","03-6668788","2003/12/01","2022/06/30",新台幣                 10.0000元,3182991190,318299119,0,0,個別,每年,股東會,"中國信託商業銀行代理部","02-66365566","台北市中正區重慶南路一段83號5樓","勤業眾信聯合會計師事務所","陳彥君","吳世宗","VisEra","No. 12, Duxing 1st Rd., East Dist., Hsinchu Science Park,Hsinchu City 300, Taiwan (R.O.C.)","03-6662858","invest@viseratech.com","http://www.viseratech.com","吳明珊","資深經理","03-6668788","invest@viseratech.com","http://www.viseratech.com","https://www.viseratech.com/tw/governance-detail/BoardofDirectors/"
"6790","永豐餘消費品實業股份有限公司","永豐實","造紙工業","－","臺北市中正區重慶南路2段51號16樓","	22327037","何奕達","陳亭蓁","陳佩雯","財務長","顏靜雯","02-21921022","1986/10/29","2021/09/29",新台幣                 10.0000元,2671290210,267129021,0,0,合併,每年,股東會,"永豐金證券股份有限公司","02-23816288","台北市博愛路17號3樓","勤業眾信聯合會計師事務所","葉淑娟","陳怡伶","YFYCPG","16F,51,Sec.2,Chung Ching South RoadTaipei,Taiwan,R.O.C.","02-23224981","ir.cpg@yfycpg.com","https://www.yfycpg.com/","原靖婷","副理","02-21921022#623","ir.cpg@yfycpg.com","https://www.yfycpg.com/zh-TW/esg/stakeholder","https://www.yfycpg.com/zh-TW/investor/corporate-governance"
"6792","詠業科技股份有限公司","詠業","通信網路業","－","新竹縣關西鎮大同里水坑41號","	22864367","蘇開建","張鳴助","李瑞榮","策略長","鄭世偉","03-4072728","1988/04/08","2021/12/08",新台幣                 10.0000元,478753250,47875325,0,0,合併,每年,董事會,"台新證券股務代理部","02-25048125","台北市中山區建國北路一段96號B1","安侯建業聯合會計師事務所","許詩淳","唐慈杰","Unictron","No.41 Shuei-Keng, Guan-SiHsin-Chu 30648 Taiwan (R.O.C)","03-4072738","investor@unictron.com","https://www.unictron.com/","鄭世偉","財務處長","03-4072728","investor@unictron.com","https://www.unictron.com/integrity","https://www.unictron.com/corporategovernance"
"6794","向榮生醫科技股份有限公司","向榮生技","生技醫療業","－","臺北市內湖區民權東路6段13之20號5樓","	50753953","蔡意文","洪懿珮","洪懿珮","總經理","劉孟婷","(02)2792-2699","2018/03/28","2024/05/21",新台幣                 10.0000元,636370000,63637000,15200000,0,個別,每年,股東會,"宏遠證券股份有限公司股務代理部","(02)2326-8818","臺北市信義路四段236號3樓","資誠聯合會計師事務所","林冠宏","王方瑜","UnicoCell","5 F., No. 13-20, Sec. 6, Minquan E. Rd., Neihu Dist.,TAIPEI CITY 11494, TAIWAN (R.O.C.)","(02)2792-7890","info@unicocell.com","https://www.unicocell.com","洪懿珮","總經理","(02)2792-2699","info@unicocell.com","https://www.unicocell.com","https://www.unicocell.com/intro/detail/101"
"6796","晉弘科技股份有限公司","晉弘","生技醫療業","－","新竹科學園區新竹市東區工業東四路24-2號3樓","	28113005","鄭竹明","鄭竹明","鄭竹明","總經理","陳永振","03-5798860","2010/08/05","2022/06/01",新台幣                 10.0000元,402339700,40233970,0,0,合併,每年,股東會,"凱基證券股務代理部","02-23892999","10044台北市中正區重慶南路一段2號5樓","資誠聯合會計師事務所","江采燕","劉倩瑜","MiiS","3F, No.24-2, Industry E. Rd. IV, Hsinchu Science Park,Hsinchu, Taiwan 30077, R.O.C.","03-5798011","ir@miis.com.tw","https://www.miis.com.tw","陳永振","處長","03-5798860","ir@miis.com.tw","https://www.miis.com.tw/csr_1.php?lang=tw&cid=135&id=46","https://www.miis.com.tw/csr_1.php?lang=tw&cid=135&id=29"
"6799","來頡科技股份有限公司","來頡","半導體業","－","臺北市內湖區瑞光路358巷38弄36號9樓","	53089904","愛普科技股份有限公司","吳仁猛","吳仁猛","總經理","林佳欣","02-2656-0961","2010/09/07","2022/05/12",新台幣                 10.0000元,436521930,43652193,0,0,合併,每季,董事會,"元大證券股份有限公司","02-2586-3117","10682臺北市大安區敦化南路2段67號B1","勤業眾信聯合會計師事務所","尤志峰","莊碧玉","M3TEK","9F., No. 36, Aly. 38, Ln. 358, Ruiguang Rd., Neihu Dist.,Taipei City, Taiwan (R.O.C.)","02-2656-0963","ir@m3tekic.com","www.m3tekic.com","林佳欣","財會資深協理","02-2656-0961","ir@m3tekic.com","www.m3tekic.com","https://www.m3tekic.com/?action=finance-report&cid=2&cid2=24"
"6805","富世達股份有限公司","富世達","電子零組件業","－","新北市新莊區五權二路24號8樓之4","	12871564","黃祖模","徐安賜","邱稚育","財會協理","賴文慧","02-22996388","2001/06/11","2023/11/09",新台幣                 10.0000元,685538960,68553896,0,0,合併,每年,董事會,"台新證券股務代理部","02-25048125","台北市建國北路一段96號B1","安永聯合會計師事務所","洪國森","黃子評","Fositek","8F.-4,No.24,Wuquan 2nd Rd.,Xinzhuang Dist., New Taipei City ,Taiwan","02-22995580","ir@fositek.com","www.fositek.com","邱稚育","財會協理","02-22996388","ir@fositek.com","www.fositek.com","www.fositek.com"
"6806","森崴能源股份有限公司","森崴能源","綠能環保","－","新北市土城區中央路四段49號","	28653781","郭台強","林坤煌","李心美","財務長","缺額待補","(02)2269-9888","2007/04/27","2021/11/15",新台幣                 10.0000元,2746429020,274642902,0,0,合併,每年,股東會,"福邦證券股份有限公司股務代理部","(02)2371-1658","台北市中正區忠孝西路一段6號6樓","資誠聯合會計師事務所","周筱姿","陳&#21843;東","SHINFOX ENERGY","No.49, Sec.4,Zhongyang Rd., Tucheng Dist.,New Taipei City, Taiwan","02-22699815","-","http://www.shinfox.com.tw","李心美","財務長","(02)2269-9888","angelalee@shinfox.com.tw","https://www.shinfox.com.tw/esg_stakeholder.html","https://www.shinfox.com.tw/report_governance.html"
"6807","峰源集團股份有限公司","峰源-KY","居家生活","KY","The Grand Pavilion Commercial Centre, Oleander Way, 802 West","	91616069","蔡文達","蔡文達","朱明偉","財務長","陳子雯","02-2773-8877","2019/07/12","2022/04/25",新台幣                 10.0000元,540000000,54000000,0,0,合併,每年,董事會,"永豐金證券股份有限公司","02-2381-6288","台北市博愛路17號3樓","資誠聯合會計師事務所","廖福銘","林一帆","FY-KY","Oleander Way, 802 West Bay Road, P.O. Box 32052,Grand Cayman KY1-1208, Cayman Islands","02-2773-8801","ir01@fy-grp.com","www.fy-grp.com","朱明偉","財務長","02-2773-8877","ir01@fy-grp.com","www.fy-grp.com/touzirenguanxijixinwenlianxiren","www.fy-grp.com/dongshihui"
"6830","汎銓科技股份有限公司","汎銓","其他電子業","－","新竹市埔頂路27號1樓","	27853425","柳紀綸","柳紀綸","宋建宏","總經理特助","徐家欣","03-666-3298","2005/07/27","2022/08/31",新台幣                 10.0000元,517818460,51781846,0,0,合併,每年,董事會,"台新證券股務代理部","02-2504-8125","台北市中山區建國北路一段96號B1","勤業眾信聯合會計師事務所","陳重成","劉力維","MSS","1F., No. 27, Puding Rd., East Dist.Hsinchu City, Taiwan (R.O.C.)","03-666-3190","ir@msscorps.com","www.msscorps.com","宋建宏","總經理特助","(03)666-3298","ir@msscorps.com","www.msscorps.com","www.msscorps.com"
"6831","邁&#33834;科技股份有限公司","邁科","電腦及週邊設備業","－","新北市中和區中正路788號11樓","	80294132","趙元山","林俊宏","林仕文","協理","陳建亨","(02)8226-8518","2002/11/08","2025/11/25",新台幣                 10.0000元,675000000,67500000,0,0,合併,每年,董事會,"宏遠證券股份有限公司股務代理部","(02)2326-8818","台北市信義路四段236號3樓","安侯建業聯合會計師事務所","黃泳華","余聖河","MICROLOOPS","11F., No. 788, Zhongzheng Rd., Zhonghe Dist.,New Taipei City 235601,Taiwan(R.O.C.)","(02)8226-8521","IR＠microloops.com","www.microloops.com","林仕文","協理","(02)8226-8518","IR@microloops.com","www.microloops.com","－"
"6834","天二科技股份有限公司","天二科技","電子零組件業","－","高雄市前鎮區南四路3號","	83360971","廖震益","黃弘傑","黃弘傑","總經理","歐春福","07-8116611","1970/02/16","2022/09/01",新台幣                 10.0000元,884710820,88471082,0,0,合併,每年,股東會,"台新證券股務代理部","02-25048125","台北市建國北路一段96號B1","勤業眾信聯合會計師事務所","王騰葦","許凱甯","EVEROHMS","NO.3,South 4th Road,K.E.P.Z.Kaohsiung City 80681 Taiwan(R.O.C.)","07-8115533","service-1@everohms.com","http://www.everohms.com","黃弘傑","總經理","07-8116611#701","jay.huang@everohms.com","http://www.everohms.com","https://www.everohms.com/zh-tw/governance"
"6835","圓裕企業股份有限公司","圓裕","電子零組件業","－","新北市新店區民權路130巷4號4樓","	34417836","張志中","杜淑敏","蘇福龍","董事長特別助理","曹馨文","(02)22184523","1980/06/23","2022/11/10",新台幣                 10.0000元,661722970,66172297,0,0,合併,每年,董事會,"福邦證券股份有限公司股務代理部","(02)2383-6888","台北市中正區忠孝西路一段6號6樓","安侯建業聯合會計師事務所","楊樹芝","許明芳","CMI","4F., No. 4, Ln. 130,Minquan Rd.,Xindian Dist.,New Taipei City 231 , Taiwan (R.O.C.)","(02)22182221","http://www.cmi.com.tw","http://www.cmi.com.tw","曹馨文","財務長","(02)22184523","info@cmi.com.tw","https://www.cmi.com.tw/csr/stakeholder/","https://www.cmi.com.tw/investor-relations/"
"6838","台新藥股份有限公司","台新藥","生技醫療業","－","台北市復興北路57號8樓之6","	53273211","程正禹","許力克","魏景成","商務暨策略長","曹乃賢","(02)27557659","2010/12/06","2024/08/13",新台幣                 10.0000元,1509771000,150977100,0,0,合併,每年,股東會,"凱基證券(股)公司股務代理部","(02)23892999","台北市中正區重慶南路一段2號5樓","資誠聯合會計師事務所","顏裕芳","鄧聖偉","FRMSP","8F-6, No. 57, Fuxing N. Rd.,Taipei City","(02)27553023","ir@formosapharma.com","www.formosapharma.com","魏景成","商務暨策略長","(02)27557659","ir@formosapharma.com","www.formosapharma.com","www.formosapharma.com/zh/???q?v?z/"
"6854","PlayNitride Inc.","錼創科技-KY創","半導體業","KY","苗栗縣竹南鎮科中路13號8樓","	91663750","李允立","李允立","陳銘章","營運長","陳培欣","(037)586610","2014/02/25","2022/08/18",新台幣                 10.0000元,1176786220,117678622,0,0,合併,每年,股東會,"元大證券股份有限公司股務代理部","(02)2586-5859","106臺北市大安區敦化南路2段67號地下一樓","安侯建業聯合會計師事務所","鄭安志","黃海寧","PlayNitride","8F No.13, Kezhong Rd., Zhunan Township,Miaoli County 350401, Taiwan","(037)584989","spokesperson@playnitride.com","https://www.playnitride.com/","陳培欣","智財法務處處長","(037)586610","ir@playnitride.com","https://www.playnitride.com/%e4%bc%81%e6%a5%ad%e6%b0%b8%e7%ba%8c%e7%99%bc%e5%b1%95-corporate-esg/","https://www.playnitride.com/"
"6861","睿生光電股份有限公司","睿生光電","生技醫療業","－","南部科學園區臺南市新市區環西路二段2號B室","	69764396","潘泰吉","李志聖","李志聖","總經理","程嘉杏","(06)700-7238","2019/04/02","2023/03/27",新台幣                 10.0000元,415992500,41599250,0,0,合併,每年,股東會,"福邦證券股份有限公司","(02)2371-1658","台北市中正區忠孝西路一段6號6樓","勤業眾信聯合會計師事務所","黃惠敏","辛宥呈","INCX","Room B, No.2, Sec. 2, Huansi Rd., Xinshi Dist., Southern Taiwan Science ParkTainan City, Taiwan","(06)700-7238","IR@innocare-x.com","http://www.innocare-x.com","程嘉杏","經理","(06)700-7238","IR@innocare-x.com","http://www.innocare-x.com","https://www.innocare-x.com/investor-relations/"
"6862","三集瑞科技國際集團股份有限公司","三集瑞-KY","電子零組件業","KY","新北市中和區連城路268號14樓之9","	91363753","林伙利","林伙利","王中儒","業務副總經理","曹雲嫿","0282279268","2021/07/13","2024/10/23",新台幣                 10.0000元,500000000,50000000,0,0,合併,每年,股東會,"康和綜合證券股份有限公司","0287871888","臺北市信義區基隆路一段176號B1","勤業眾信聯合會計師事務所","許晉銘會計師","洪國田會計師","TRIO-KY","14F-9, No. 268, Lienchiang Rd., Zhonghe Dist.,New Taipei City 235, Taiwan","0282279269","IR@trio.com.tw","www.trio.com.tw","曹雲嫿","財務長","0282279268","IR@trio.com.tw","https://zh-tw.trio.com.tw/investors.htm","https://zh-tw.trio.com.tw/corporate-governance.htm"
"6863","Arizon RFID Technology","永道-KY","通信網路業","KY","P.O. Box 32052, Grand Cayman KY1-1208, Cayman Islands.","	91908050","何奕達","林秉毅","張淑芬","財務長","林秉毅","02-23224824","2021/10/21","2023/03/21",新台幣                 10.0000元,748880000,74888000,0,0,合併,每年,股東會,"永豐金證券公司股務代理部","02-23816288","台北市中正區博愛路17號3樓","勤業眾信聯合會計師事務所","林淑婉","邵志明","Arizon RFID","17F., No. 51, Sec. 2, Chongqing S. Rd. Zhongzheng Dist.,Taipei City 100, Taiwan (R.O.C.)","02-23222451","investor@arizonrfid.com","https://www.arizonrfid.com/zh_TW","張淑芬","財務長","02-23916863","investor@arizonrfid.com","https://www.arizonrfid.com/zh_TW/stakeholders","https://www.arizonrfid.com/zh_TW/corporate-governance"
"6869","雲豹能源科技股份有限公司","雲豹能源","綠能環保","－","台北市內湖區基湖路1號4樓之1","	42852207","廖福生","趙書閔","張建偉","發言人","王文璇","(02)2657-0355","2016/02/15","2023/03/14",新台幣                 10.0000元,1378300410,137830041,0,0,合併,每年,董事會,"富邦綜合證券股份有限公司","02-2361-1300","台北市中正區許昌街17號11樓","安侯建業聯合會計師事務所","洪士剛","傅泓文","J&V Energy","4F.-1, No. 1, Jihu Rd. Neihu Dist.Taipei City , Taiwan","(02)2657-0356","IR@jv-holding.com","http://www.jv-holding.com/","王文璇","經理","(02)2657-0355","IR@jv-holding.com","-","https://www.jv-holding.com/administration.aspx"
"6873","泓德能源科技股份有限公司","泓德能源","綠能環保","－","臺北市士林區德行西路35號5樓","	45877096","謝源一","周仕昌","周仕昌","總經理","廖彥凱","(02)28328057","2016/05/16","2024/09/26",新台幣                 10.0000元,1426490990,142649099,4284654,0,合併,每年,董事會,"元大證券股份有限公司股務代理部","(02)25865859","臺北市大安區敦化南路二段67號地下一樓","安侯建業聯合會計師事務所","呂倩慧","吳俊源","HDRE","5F, No. 35, Dexing W. Rd., Shilin Dist.,Taipei City, Taiwan","(02)28328059","hd.ir@hdrenewables.com","https://www.hdrenewables.com/","廖彥凱","財務長","(02)28328057","hd.ir@hdrenewables.com","https://www.hdrenewables.com/esg/stakeholders","https://www.hdrenewables.com/corporate-governance"
"6885","全福生物科技股份有限公司","全福生技","生技醫療業","－","台北市內湖區瑞光路358巷30弄1號8樓","	54346233","林&#32675;","徐文祺","郭美慧","營運長","顏佳霓","02-26598586","2013/07/31","2024/12/16",新台幣                 10.0000元,1330190000,133019000,0,0,個別,每年,股東會,"永豐金證券股份有限公司","02-23816288","台北市中正區博愛路17號3樓","資誠聯合會計師事務所","王銘義","黃珮娟","BRIM","8F, NO.1, Alley 30, Lane358, Ruiguang Rd., Neihu Dist.,Taipei 11492, Taiwan","02-26598779","ir@brimbiotech.com","https://www.brimbiotech.com/","郭美慧","營運長","02-26598586","ir@brimbiotech.com","https://www.brimbiotech.com/","https://www.brimbiotech.com/"
"6887","寶綠特資源再生工程股份有限公司","寶綠特-KY","綠能環保","KY","台南市柳營區工六路2號","	00339082","歐晢文","歐晢文","林昱君","會計主管","歐逸風","(06)6233306","2013/04/08","2025/03/10",新台幣                 10.0000元,741515120,74151512,0,0,合併,每年,股東會,"台新證券股務代理部","(02)2504-8125","台北市建國北路一段96號B1","資誠聯合會計師事務所","徐明釧","田中玉","BORETECH-KY","No. 2, Gong 6th Rd., Liuying Dist.Tainan City, Taiwan (R.O.C.)","(06)6231792","investor@bo-re-tech.com","https://bo-re-tech.group/","林昱君","會計主管","(06)6233306","investor@bo-re-tech.com","https://bo-re-tech.group/corporate-social-responsibility/interested-party/","https://bo-re-tech.group/corporate-governance/"
"6890","來億興業股份有限公司","來億-KY","運動休閒","KY","臺中市大雅區雅潭路四段370巷13號","	80047713","鐘德禮","林昌永","許松竹","資訊長","黃裕文","(04)25688746","2021/06/16","2024/06/12",新台幣                 10.0000元,2494000000,249400000,0,0,合併,每年,股東會,"中國信託商業銀行代理部","(02)66365566","臺北市中正區重慶南路1段83號5樓","資誠聯合會計師事務所","賴志維","吳松源","Lai Yih","NO.13,LN. 370,SEC.4,YATAN RD.,DAYA DIST.,TAICHUNG CITY 42854, TAIWAN (R.O.C.)","(04)25606551","ir@laiyih.com.tw","http://laiyih.com/","黃裕文","稽核室協理","(04)25688746","ir2@laiyih.com.tw","https://www.laiyih.com/stakeholders","https://www.laiyih.com/resolutions"
"6901","鑽石生技投資股份有限公司","鑽石投資","其他","－","台北市中正區忠孝西路一段66號35樓","	53663724","楊泮池","吳友梅","吳友梅","總經理","王麗綸","02-27031338","2013/01/09","2023/09/19",新台幣                 10.0000元,8528600000,852860000,0,0,個別,每年,股東會,"兆豐證券股份有限公司股務代理部","02-33930898","台北市中正區忠孝東路二段95號1樓","勤業眾信聯合會計師事務所","鄭欽宗","邱盟捷","DIAMOND BIOFUND","35F, No. 66, Sec. 1, Zhongxiao W. Rd., Zhongzheng Dist.Taipei City 100507, Taiwan (R.O.C.)","02-27031506","IR@diamondbiofund.com","http://www.diamondbiofund.com","王麗綸","副理","02-27031068","IR@diamondbiofund.com","http://www.diamondbiofund.com","https://www.diamondbiofund.com/investor-relations/corporate-governance/boss/"
"6902","走著瞧股份有限公司","GOGOLOOK","數位雲端","－","臺北市大安區敦化南路2段319號6樓","	53755364","鄭勝丰","郭建甫","郭建甫","執行長","黃鈺文","02-2365-8099","2012/04/12","2023/07/13",新台幣                 10.0000元,353589480,35358948,0,0,合併,每年,董事會,"元大證券股份有限公司股務代理部","02-2586-5859","臺北市大安區敦化南路2段67號地下一樓","資誠聯合會計師事務所","吳尚燉","郭柏如","Gogolook","6 F., No. 319, Sec. 2, Dunhua S. Rd., Da’an Dist.Taipei City 106033, Taiwan (R.O.C.)","02-2368-2999","ir@gogolook.com","www.gogolook.com","黃鈺文","財務副總","02-2365-8099","ir@gogolook.com","https://www.gogolook.com/zh-tw/investors/overview","https://www.gogolook.com/zh-tw/investors/overview"
"6906","現觀科技股份有限公司","現觀科","數位雲端","－","台北市中山區中山北路二段42號2樓","	85017777","邱大剛","邱大剛","張宇寬","副總經理","許富強","(02)8369-1018","2019/09/12","2024/01/15",新台幣                 10.0000元,335374000,33537400,0,0,合併,每年,股東會,"元大證券股份有限公司股務代理部","(02)2586-5859","臺北市大安區敦化南路2段67號地下一樓","安侯建業聯合會計師事務所","黃泳華","余聖河","Groundhog","2nd Floor, No. 42, Section 2, Zhongshan North Road, Zhongshan DistrictTaipei City, Taiwan","(02)2361-7627","ir@ghtinc.com","www.ghtinc.com","許富強","財務長","(02)8369-1018","ir@ghtinc.com","http://www.ghtinc.com/tw/esg-tw/stakeholders/","http://www.ghtinc.com/tw/esg-tw/governance/"
"6908","宏碁遊戲股份有限公司","宏碁遊戲-創","電子通路業","－","新北市汐止區新台五路一段84號15樓","	83178333","高樹國","徐挺洋","徐挺洋","總經理","游姿妤","(02)26960068","2020/07/31","2026/03/25",新台幣                 10.0000元,371800000,37180000,0,0,合併,每年,董事會,"富邦證券股務代理部","(02)2361-1300","台北市中正區許昌街17號11樓","安侯建業聯合會計師事務所","施威銘","張純怡","AGM","15F., No. 84, Sec. 1, Xintai 5th Rd.,New Taipei City 22142 , Taiwan ( R.O.C.)","N/A","IR.AGM@acergaming.com","https:// www.acergaming.com","游姿妤","財務長","(02)26960068","IR.AGM@acergaming.com","https:// www.acergaming.com","https:// www.acergaming.com"
"6909","創控科技股份有限公司","創控","半導體業","－","新北市中和區中正路866-8號17樓","	24496001","王禮鵬","王禮鵬","呂秀孺","副總經理","李爵君","02-2223-0707","2010/01/15","2025/05/21",新台幣                 10.0000元,672222000,67222200,0,0,個別,每年,董事會,"群益金鼎證券股份有限公司","(02)2702-3999","臺北市大安區敦化南路二段97號B2","資誠聯合會計師事務所","顏裕芳","林一帆","tCt","17F, No. 866-8, Zhongzheng Rd., Zhonghe Dist.New Taipei City, Taiwan","02-2223-0123","tct-ir@tricorntech.com","https://www.tricorntech.com/","李爵君","副理","02-2223-0707","tct-ir@tricorntech.com","https://www.tricorntech.com/investor/","https://www.tricorntech.com/investor/"
"6914","阜爾運通股份有限公司","阜爾運通","其他","－","新北市土城區三民路2號7樓之8","	12681939","楊文杰","潘壕新","潘壕新","總經理","林昆賢","02-2248-8958","2001/01/19","2024/05/03",新台幣                 10.0000元,662260000,66226000,0,0,合併,每年,董事會,"元大證券股份有限公司股務代理部","02-2586-5859","臺北市大安區敦化南路2段67號地下一樓","勤業眾信聯合會計師事務所","陳彥君","陳建瑋","PSS","7F.-8, No. 2, Sanmin Rd., Tucheng Dist.New Taipei City  , Taiwan","02-2248-8938","IR@pss-group.com","www.pss-group.com","林昆賢","財務副總","02-2248-8958","IR@pss-group.com","https://www.pss-group.com/stakeholder1.php","https://www.pss-group.com/investor1.php"
"6916","華凌光電股份有限公司","華凌","光電業","－","台中市大雅區秀山里科雅路43號2樓","	16527682","廖育斌","廖育斌","黃信福","財務協理","林俊杰","04-25689987","1998/06/16","2023/12/05",新台幣                 10.0000元,675000000,67500000,0,0,合併,每年,股東會,"元大證券股份有限公司股務代理部","(02)2586-5859","臺北市大安區敦化南路二段67號地下一樓","勤業眾信聯合會計師事務所","劉力維","蘇定堅","WINSTAR","2F., No. 43, Keya Rd., Daya Dist.Taichung City, 428, Taiwan (R.O.C.)","04-25687763","finance@winstar.com.tw","https://www.winstar.com.tw","黃信福","財務協理","04-25689987","finance@winstar.com.tw","https://www.winstar.com.tw/zh-tw/stakeholder-zone","https://www.winstar.com.tw/zh-tw/corporate-governance"
"6918","愛派司生技股份有限公司","愛派司","生技醫療業","－","新北市中和區橋和路21號3樓","	24461404","李泗銘","羅翔煒","羅翔煒","總經理","柯佩君","02-2249-9222","2009/09/04","2025/06/10",新台幣                 10.0000元,345710000,34571000,0,0,合併,每年,董事會,"中國信託商業銀行代理部","02-6636-5566","台北市中正區重慶南路一段83號5樓","資誠聯合會計師事務所","黃金連","徐明釧","A Plus Biotech","3F.,No.21 Qiaohe Rd.Zhonghe Dist.,New Taipei City ,Taiwan, R.O.C.","02-2243-7711","admin@aplusbio.com","https://www.aplusbio.com/","柯佩君","總管理處處長","02-2249-9222","admin@aplusbio.com","https://www.aplusbio.com/tw/investor/governance/stakesArea","－"
"6919","康霈生技股份有限公司","康霈*","生技醫療業","－","新北市汐止區新台五路一段99號32樓之9","	53942917","徐坴暉","凌玉芳","張慧敏","財會處長","凌玉芳","02-2697-1355","2012/10/22","2024/10/02",新台幣                  0.5000元,778633930,1557267860,0,0,合併,每季,股東會,"元大證券股份有限公司股務代理部","02-25865859","台北市大安區敦化南路二段67號B1","安侯建業聯合會計師事務所","傅泓文會計師","洪士剛會計師","Caliway","32F-9, No.99, Sec. 1, Xintai 5th Rd., Xizhi Dist.,New Taipei City, Taiwan","02-2697-2508","IR@caliwaybiopharma.com","www.caliwaybiopharma.com","張慧敏","財會處長","02-2697-1355","IR@caliwaybiopharma.com","www.caliwaybiopharma.com","https://www.caliwaybiopharma.com/investor-detail/48/"
"6921","嘉雨思科技股份有限公司","嘉雨思-創","半導體業","－","新北市中和區連城路268號5樓之2","	83494520","朱德祥","高妙斌","高妙斌","總經理","陳月卿","(02)8227-8678","2020/01/02","2025/12/23",新台幣                 10.0000元,318369410,31836941,0,0,個別,每年,股東會,"中國信託商業銀行代理部","(02)6636-5566","台北市中正區重慶南路一段83號5樓","安侯建業聯合會計師事務所","蔡佩汝","李逢暉","LeRain","5F.-2,No.268,Liancheng Rd.,New Taipei City 235,Taiwan(R.O.C.)","(02)8227-3505","IR@leraintech.com","https://www.leraintech.com","陳月卿","財務長","(02)8227-8678","IR@leraintech.com","https://www.leraintech.com","－"
"6923","中台資源科技股份有限公司","中台","綠能環保","－","桃園市觀音區大潭里環科路328號","	12862116","鄭光傑","張&#21843;達","張&#21843;達","總經理","石修瑋","02-23975801","2001/05/09","2024/09/25",新台幣                 10.0000元,914880000,91488000,0,0,合併,每年,股東會,"元大證券股份有限公司","02 -25865859","臺北市大安區敦化南路2段67號地下一樓","勤業眾信聯合會計師事務所","邱鏞銘","黃毅民","ctrt","No. 328, Huanke Rd., Guanyin DistTaoyuan City 328451, Taiwan (R.O.C.)","02-23975268","ctrt6923@chinalab.com.tw","https://www.chinalab.com.tw/index.html","石修瑋","財務長","02-23975801","tedhshih@chinalab.com.tw","https://www.chinalab.com.tw/investor-stakeholder.html","https://www.chinalab.com.tw/investor-contact.html"
"6924","榮惠集團(開曼)股份有限公司","榮惠-KY創","電子零組件業","KY","台北市內湖區瑞光路102號3樓","	00532122","劉世璘","許銘哲","吳建芳","財務長","許銘哲","02-27918859","2015/10/12","2024/12/03",新台幣                 10.0000元,206240000,20624000,0,0,合併,每年,董事會,"中國信託商業銀行代理部","02-6636-5566","台北市中正區重慶南路一段83號5樓","資誠聯合會計師事務所","陳&#21843;東","賴宗羲","EIKEI-KY","3F, No. 102, Ruiguang Road, Neihu DistTaipei City 114, Taiwan","02-27918779","eikei-info@ei-kei.com","https://www.ei-kei.com","吳建芳","財務長","02-27918779","Investors@ei-kei.com","https://www.ei-kei.com/sustainable-development","https://www.ei-kei.com/corporate-Governance"
"6928","攸泰科技股份有限公司","攸泰科技","電腦及週邊設備業","－","台北市內湖區陽光街 300 號 4 樓","	53347451","簡民智","謝彥鵬","黃堅真","永續長","謝國材","(02)8751-6008","2011/06/10","2024/05/16",新台幣                 10.0000元,860000000,86000000,0,0,合併,每年,股東會,"福邦證券股份有限公司股務代理部","(02)2371-1658","台北市中正區忠孝西路一段6號6樓","資誠聯合會計師事務所","張淑瓊","林柏全","UTI","4F., No.300, Yangguang St., Neihu Dist., Taipei City 11491Taiwan","(02)8797-6535","UTI-Spokesperson@ubiqconn.com","https://www.ubiqconn.com","鍾佳卉","經理","(02)8751-6008","uti-ir@ubiqconn.com","https://www.ubiqconn.com/tw/esg/stakeholder-engagement/related-party-information","https://www.ubiqconn.com/tw/investor-relation/corporate-governance/board-of-directors"
"6931","青松健康股份有限公司","青松健康","生技醫療業","－","台中市大里區中投西路三段217號","	28659672","陳謀","周孟賢","周孟賢","總經理","林育儀","04-2406-0333","2007/05/07","2025/01/15",新台幣                 10.0000元,661521600,66152160,0,0,合併,每季,董事會,"福邦證券股份有限公司股務代理部","02-2371-1658","台北市忠孝西路一段6號6樓","安侯建業聯合會計師事務所","王勇勝","陳政學","Qing Song","No. 217, Section 3, Zhongtou West RoadDali District, Taichung City, Taiwan","04-2418-1555","ir@qingsong.com.tw","https://www.qingsong.com.tw/","周孟賢","總經理","04-2406-0333#188","ir@qingsong.com.tw","https://www.qingsong.com.tw/investor/stakeholder-engagement","https://www.qingsong.com.tw/investor/government/material/timeline"
"6933","艾瑪斯科技控股股份有限公司","AMAX-KY","電腦及週邊設備業","KY","Suite102,Cannon Place,North Sound Rd.,George Town,Cayman","	92778956","倪小菁","倪小菁","倪小菁","董事長兼總經理","衛婉倩","(02)77519856","2022/01/04","2023/11/08",新台幣                 10.0000元,423848000,42384800,0,0,合併,每年,股東會,"中國信託商業銀行代理部","(02)66365566","台北市重慶南路一段83號5樓","資誠聯合會計師事務所","郭加龍","鄭裕仁","AMAX","14F., No. 137, Sec. 2, Nanjing E. Rd., Zhongshan DistTaipei ,Taiwan (R.O.C.)","(02)77519856","Investors@amax.com","https://www.amax.tw/","林志韋","財務總監","(02)77519856","Investors@amax.com","https://www.amax.tw/stakeholder.php?act=view&id=1","www.amax.tw/governance.php"
"6934","心誠鎂行動醫電股份有限公司","心誠鎂","生技醫療業","－","台北市大安區敦化南路二段319號10樓","	24754176","鄭傑升","鄭傑升","杜維誠","財務長","陳瑞穗","02-27326596","2014/10/06","2026/02/02",新台幣                 10.0000元,359727620,35972762,0,0,合併,每年,股東會,"元大證券(股)公司股務代理部","02-2586-5859","106臺北市大安區敦化南路2段67號地下一樓","資誠聯合會計師事務所","林冠宏","鄧聖偉","HCMED","10F., No.319, Sec.2, Dunhua S RdTaipei City 10669, Taiwan","02-27322709","IR@hcmed-inno.com","www.hcmed-inno.com","杜維誠","財務長","02-27326596","IR@hcmed-inno.com","?L","－"
"6936","永鴻國際生技股份有限公司","永鴻生技","生技醫療業","－","新竹縣新豐鄉中崙村中崙290-3號","	53703063","鍾威凱","鍾威凱","鍾威凱","董事長","陳怡芬","03-6216688","2012/05/09","2025/04/28",新台幣                 10.0000元,728040000,72804000,0,0,個別,每年,股東會,"凱基證券股份有限公司","02-23892999","台北市中正區重慶南路一段2號5樓","安侯建業聯合會計師事務所","趙敏如","吳佳翰","Vetnostrum","No. 290-3, Chung Lun Village, HsinfengHsinchu County 30422, Taiwan","03-6216660","IR@vetnostrum.com","https://www.vetnostrum.com/","鍾威凱","董事長","03-6216688","IR@vetnostrum.com","https://www.vetnostrum.com/tw/ir","https://www.vetnostrum.com/tw/corp/organization"
"6937","天虹科技股份有限公司","天虹","半導體業","－","新竹縣竹北市嘉政一街1號6樓","	80211920","黃見駱","黃見駱","黃見駱","董事長","易錦良","03-6673055","2002/07/17","2023/12/12",新台幣                 10.0000元,676552630,67655263,0,0,合併,每年,董事會,"元大證券股份有限公司股務代理部","02-25865859","臺北市大安區敦化南路2段67號地下一樓","資誠聯合會計師事務所","白淑蒨","謝智政","Skytech","6F., No.1, Jiazheng 1st St., Zhubei City, Hsinchu County 302, TaiwanHsinchu,Taiwan","03-6673056","ir@Skytech.com.tw","http://www.skytech.com.tw","林柔君","秘書","036673055","ir@Skytech.com.tw","https://www.skytech.com.tw/operate_tw_1.php","https://www.skytech.com.tw/governance_tw.php?id=20"
"6944","兆聯實業股份有限公司","兆聯實業","綠能環保","－","桃園市桃園區桃鶯路439-3號","	27585625","林國清","周志銘","金保華","財會處協理","周湘菱","03-3620101","2004/12/29","2025/05/28",新台幣                 10.0000元,766879120,76687912,0,0,合併,每年,股東會,"富邦綜合證券股務代理部","02-2361-1300","台北市中正區許昌街17號11樓","資誠聯合會計師事務所","蔡蓓華","廖福銘","Mega Union","1F., No.439-3, Taoying Rd.,Taoyuan City, Taoyuan County Taiwan","03-216-6868","GM@megaunion.com.tw","http://www.megaunion-tw.com/","彭藍智","股務暨投資人關係","03-3620101","IR@megaunion.com.tw","http://www.megaunion-tw.com/","－"
"6949","沛爾生技醫藥股份有限公司","沛爾生醫-創","生技醫療業","－","臺北市內湖區新湖二路87號4樓","	59229683","林成龍","林成龍","宋明潭","幕僚長","劉家琪","(02)8791-1789","2017/03/30","2024/03/08",新台幣                 10.0000元,649125500,64912550,0,0,合併,每年,董事會,"凱基證券股份有限公司股務代理部","(02)2389-2999","臺北市重慶南路一段2號5樓","資誠聯合會計師事務所","林秀珊","鄧聖偉","PELL BMT","4F.,No.87,Xinhu 2nd Rd.,Neihu Dist.,Taipei City ,Taiwan","(02)8791-1795","pell-service@pellbmt.com","https://www.pellbmt.com","陳志賢","會計主管","02-87911789","pell-service@pellbmt.com","https://www.pellbmt.com","https://www.pellbmt.com/social.asp?id=9"
"6951","青新環境工程股份有限公司","青新-創","綠能環保","－","雲林縣莿桐鄉延平路58-1號","	16952840","張芳正","張財榮","張驥","財務經理","張財榮","05-5529255","1999/07/02","2024/06/18",新台幣                 10.0000元,460000000,46000000,0,0,合併,每年,董事會,"福邦證券股務代理部","(02)2371-1658","100台北市中正區忠孝西路一段6號6樓","資誠聯合會計師事務所","黃金連","李秀玲","CHIN HSIN","No.58-1, Yanping Rd., Citong Township,Yunlin County 647008, Taiwan (R.O.C.)","05-5848282","CH16952840@mail.chin-hsin.com.tw","https://www.chin-hsin.com.tw/","張驥","財務經理","05-5529255","CH16952840@mail.chin-hsin.com.tw","https://www.chin-hsin.com.tw/","https://www.chin-hsin.com.tw/CorporateGovernance/GovernancePreface"
"6952","大武山牧場科技股份有限公司","大武山","其他","－","屏東縣新埤鄉萬隆村平山路68-30號","	28554142","林鳳春","魏尚將","魏毓恆","營運長","魏尚將","08-7871888","2007/01/04","2024/06/13",新台幣                 10.0000元,683450000,68345000,0,0,合併,每年,董事會,"凱基證券股份有限公司股務代理部","02-23892999","台北市中正區重慶南路一段2號5樓","資誠聯合會計師事務所","廖阿甚","吳建志","DWS","No. 68-30, Pingshan Rd., Xinpi TownshipPingtung County, Taiwan (R.O.C.)","08-7871953","ir@dawushan.com.tw","https://www.dawushan.com.tw/","魏毓恆","營運長","08-7871888","ir@dawushan.com.tw","https://www.dawushan.com.tw/","https://www.dawushan.com.tw/governance"
"6955","邦睿生技股份有限公司","邦睿生技-創","生技醫療業","－","台中市大里區工業九路118號4樓","	42686138","徐振騰","徐振騰","楊佩&#30494;","財會行政處副總經理","楊婉嫈","(04)2491-2385","2016/01/12","2024/12/06",新台幣                 10.0000元,248007850,24800785,0,0,合併,每年,董事會,"第一金證券股務代理部","(02)2563-5711","台北市大安區安和路一段27號6樓","資誠聯合會計師事務所","王玉娟","劉美蘭","BONRAYBIO","4F., No. 118, Gongye 9th Rd., Dali Dist.Taichung City, Taiwan","(04)2491-2885","ir@bonraybio.com","https://www.bonraybio.com","楊佩&#30494;","財會行政處副總經理","(04)2491-2385","ir@bonraybio.com","https://www.bonraybio.com","https://www.bonraybio.com/tw/csr/30"
"6957","裕慶金屬股份有限公司","裕慶-KY","其他","KY","南投縣南投市永豐里成功三路 122 號","	54965803","廖昭宜","廖昭宜","林義唐","財務長","簡子超","049-2257598","2018/06/15","2024/06/25",新台幣                 10.0000元,555129500,55512950,0,0,合併,每年,董事會,"中國信託商業銀行股務代理部","02-66365566","台北市中正區重慶南路一段83號5樓","資誠聯合會計師事務所","文雅芳","梁益彰","Horizon","No. 122, Chenggong 3rd Rd., Nantou CityNantou County 54002 ,Taiwan (R.O.C.)","049-2257836","hz-sp@hzfixtures.com","https://www.hzfixtures.com/","林義唐","財務長","049-2250557","hz-sp@hzfixtures.com","https://www.hzfixtures.com/new-page-2","https://www.hzfixtures.com/board-members"
"6958","日盛台駿國際租賃股份有限公司","日盛台駿","其他","－","台北市中山區松江路68號7樓","	20896434","朱志威","楊恢禹","汪光遠","副總經理","鐘悅綺","02-25219898","1981/08/10","2024/08/20",新台幣                 10.0000元,4432893600,403289360,0,40000000,合併,每年,股東會,"群益金鼎證券(股)公司股務代理部","02-27023999","台北市大安區敦化南路二段97號地下二樓","勤業眾信聯合會計師事務所","謝東儒","楊承修","INFINITE","7F., No.68, Songjiang Rd, Zhongshan Dist.,Taipei, Taiwan","02-25716769","ir@inftfinance.com.tw","http://www.inftfinance.com","汪光遠","副總經理","02-25219898","ir@inftfinance.com.tw","https://www.inftfinance.com/tw/StakeholdersContactUs/ugC_StakeholdersContactUs.aspx","https://www.inftfinance.com/tw/Governance/ugC_Governance.aspx"
"6962","ITH Corporation","奕力-KY","半導體業","KY","新竹縣竹北市台元二街1號10樓之1","	95168979","梁公偉","陳泰元","林冠宇","財務長","林昭汝","03-5600099","2019/01/10","2024/11/26",新台幣                 10.0000元,4923965650,492396565,0,0,合併,每年,股東會,"永豐金證券股份有限公司","02-23816288","臺北市中正區博愛路17號3樓","勤業眾信聯合會計師事務所","胡家熀","陳俊宏","ITH-KY","10F-1., No. 1, Taiyuan 2nd St.,Zhubei City, Hsinchu County 302 , Taiwan","03-5600055","IR@ITH.LTD","http://www.ilitekholding.com/","林昭汝","投資人關係部專案經理","0965516962","IR@ITH.LTD","http://www.ilitekholding.com/","http://www.ilitekholding.com/corporate-Organization.html"
"6965","中傑投資控股股份有限公司","中傑-KY","運動休閒","KY","台中市大雅區中清路四段628號","	00533086","劉安哲","劉佑軒","陳榮松","公司治理主管","蔡玉萱","(04)25661116","2018/12/20","2025/03/07",新台幣                 10.0000元,1563360000,156336000,0,0,合併,每年,董事會,"中國信託商業銀行代理部","(02)66365566","台北市重慶南路一段83號5樓","勤業眾信聯合會計師事務所","張青霞","邱盟捷","CJ","No. 628, Sec. 4, Zhongqing Rd., Daya Dist.,Taichung City 428008, Taiwan (R.O.C.)","(04)25693261","ir@chungjye.com.tw","http://www.chungjye.com","陳榮松","公司治理主管","0978916965","ir@chungjye.com.tw","http://www.chungjye.com.tw/?page_id=1678","http://www.chungjye.com.tw/?page_id=1662"
"6969","成信實業股份有限公司","成信實業*-創","綠能環保","－","台南市柳營區環園東路一段23號","	85031237","陳鵬","謝雅敏","謝雅敏","總經理","詹子瑩","06-6233293","2019/10/30","2024/09/09",無面額,709197208,43857189,0,0,合併,每年,董事會,"群益金鼎證券(股)公司股務代理部","02-27023999","10601台北市大安區敦化南路二段97號地下二樓","資誠聯合會計師事務所","徐潔如","田中玉","Transcene","No. 23, Sec. 1, Huanyuan E. Rd., Liuying DistTainan City 736006, Taiwan","06-6233297","transcene@transcene.com.tw","https://www.transcene.com.tw","詹子瑩","財務副總","06-6233293","transcene@transcene.com.tw","https://www.transcene.com.tw","https://www.transcene.com.tw/governance/zh_TW"
"6988","威力暘電子股份有限公司","威力暘-創","汽車工業","－","新竹縣竹北市台元二街12號11樓之8","	28950255","劉一郎","劉一郎","劉一郎","總經理","黃祺雯","03-5601601","2008/03/26","2024/10/23",新台幣                 10.0000元,476000000,47600000,0,0,合併,每年,董事會,"兆豐證券(股)公司股務代理部","(02)3393-0898","臺北市中正區忠孝東路二段95號1樓","資誠聯合會計師事務所","李典易","蔡欣怡","WELLYSUN","Rm. 8, 11F., No. 12, Taiyuan 2nd St., Zhubei CityHsinchu County 302082, Taiwan (R.O.C.)","03-5601602","ir@wellysun.com.tw","https://www.wellysun.com.tw/","黃祺雯","處長","03-5601601","ir@wellysun.com.tw","https://www.wellysun.com.tw/autopage/3/36","https://www.wellysun.com.tw/autopage/3/31"
"6994","富威電力股份有限公司","富威電力","綠能環保","－","新北市土城區中央路四段49號","	82921412","郭守富","郝遐鵬","許冠華","主任","楊允仁","(02)2269-9888","2019/06/28","2025/01/15",新台幣                 10.0000元,741620710,74162071,0,0,合併,每年,董事會,"福邦證券股份有限公司股務代理部","(02)2371-1658","台北市中正區忠孝西路一段6號6樓","資誠聯合會計師事務所","陳&#21843;東","周筱姿","FWP","No.49,Sec.4,Zhongyang Rd.,Tucheng Dist.New Taipei City 236040,Taiwan(R.O.C.)","(02)2269-9888","ir@fwp.com.tw","https://www.fwp.com.tw","許冠華","主任","(02)2269-9888","ir@fwp.com.tw","https://www.fwp.com.tw","https://www.fwp.com.tw/Investor/Governance"
"7610","聯友金屬科技股份有限公司","聯友金屬-創","綠能環保","－","屏東縣枋寮鄉太源村中山路三段103號","	50802223","顏文良","吳永中","吳永中","總經理","廖佩芬","08-8661018","2018/05/29","2025/09/09",新台幣                 10.0000元,485854560,48585456,0,0,合併,每年,股東會,"福邦證券股份有限公司股務代理部","02-23711658","台北市中正區忠孝西路一段6號6樓","資誠聯合會計師事務所","林秀珊","廖阿甚","LIANYOU METALS","pingnan lndustrial Park,No.103,Section 3,hongshan Road,Fangliao TownshipPingtung County.Taiwan","08-8661028","contact@lianyoucorp.com","www.lianyoucorp.com","廖佩芬","財務主管","08-8661018","ir@lianyoucorp.com","https://www.lianyoucorp.com/article.php?lang=tw&tb=4&cid=33","－"
"7631","聚賢研發股份有限公司","聚賢研發-創","其他電子業","－","新竹市東區林森路231號9樓","	59075364","曾國強","鄭惠芸","鄭惠芸","總經理","徐&#29687;宗","03-5336381","2018/01/23","2025/03/13",新台幣                 10.0000元,201420000,20142000,0,0,合併,每季,董事會,"宏遠證券股份有限公司","(02)23268818","台北市大安區信義路四段236號3樓","安永聯合會計師事務所","黃靖雅","羅文振","GENIIDEAS","9F, No. 231, Linsen Rd., East Dist.,Hsinchu City , ROC","03-5336391","service@geniideas.com.tw","https://www.geniideas.com.tw/","鄭惠芸","總經理","0966-447631","IR@geniideas.com.tw","https://www.geniideas.com.tw/Shareholder","https://www.geniideas.com.tw/governance"
"7705","三商餐飲股份有限公司","三商餐飲","觀光餐旅","－","台北市中山區建國北路二段145號5樓","	97301707","陳翔玢","陳翔玢","趙惠玲","財會處協理","洪以倩","(02)2503-8111","1996/12/07","2024/11/26",新台幣                 10.0000元,660673040,66067304,0,0,合併,每年,股東會,"宏遠證券股份有限公司股務代理部","(02)2326-8818","台北市大安區信義路四段236號3樓","安侯建業聯合會計師事務所","周寶蓮","于紀隆","Mercuries F&B","5F., No. 145, Sec. 2, Jianguo N. Rd.,Taipei City , Taiwan, R.O.C","(02)2515-4729","IR@mfb.com.tw","https://www.mfb.com.tw/","趙惠玲","財會處協理","(02)2503-8111","IR@mfb.com.tw","https://www.mfb.com.tw/","https://www.mfb.com.tw/corporate-governance/"
"7711","永擎電子股份有限公司","永擎","電腦及週邊設備業","－","台北市北投區中央南路二段37號4樓","	54161333","許隆倫","沙韋旭","洪培雅","高級經理","林盈潔","(02)5559-9600","2013/01/29","2025/11/19",新台幣                 10.0000元,717341950,71734195,0,0,合併,每年,董事會,"凱基證券股份有限公司","(02)2389-2999","台北市重慶南路一段2號5樓","安永聯合會計師事務所","王甯寬","張巧穎","ASROCK RACK","4F ., NO. 37 , Sec.2 , Jhongyang S. Rd ., Beitou DistrictTaipei City , Taiwan ( R. O. C )","(02)2893-1337","Asrockrack_Investor@asrockrack.com","https://www.asrockrack.com","洪培雅","高級經理","(02)5559-9600","Asrockrack_Investor@asrockrack.com","https://www.asrockrack.com/general/about.tw.asp?cat=csr","https://www.asrockrack.com/general/Investor.tw.asp"
"7721","微程式資訊股份有限公司","微程式","數位雲端","－","台中市西屯區市政路402號6樓之2","	89798198","吳騰彥","吳騰彥","劉育成","協理","周秀潔","04-23692699","1995/12/04","2025/07/29",新台幣                 10.0000元,553700000,55370000,5000000,0,合併,每年,董事會,"富邦綜合證券股份有限公司","02-2361-1300","臺北市中正區許昌街17號11樓","安侯建業聯合會計師事務所","張字信","陳政學","MICROPROGRAM","6F.-2, No.402, Shizheng Rd, Xitun DistTaichung City .,Taiwan","04-22588577","grace@program.com.tw","https://www.program.com.tw/","劉育成","協理","04-23692699#171","robertliou@program.com.tw","https://www.program.com.tw/","－"
"7722","連加網路商業股份有限公司","LINEPAY","數位雲端","－","臺北市南港區經貿二路121號18樓","	24941093","丁雄注","丁雄注","張希雯","資深副總經理","洪宇萱","02-35187600","2015/03/03","2024/12/05",新台幣                 10.0000元,680000000,68000000,0,0,合併,每年,董事會,"富邦綜合證券股份有限公司","02-23611300","台北市中正區許昌街17號11樓","勤業眾信聯合會計師事務所","陳薔旬","虞成全","LINEPAY","18th Floor, No. 121, Jingmao 2nd Road,Nangang District, Taipei City, Taiwan","02-25329228","lptwir@linecorp.com","https://pay.line.me/portal/tw/main","投資人關係部","投資人關係部","02-35187600 分機2809","lptwir@linecorp.com","https://pay.line.me/portal/tw/main","https://pay.line.me/portal/tw/ipo/governance?ipoType=ARTICLES"
"7730","暉盛科技股份有限公司","暉盛-創","半導體業","－","臺南市安南區科技五路100號","	79979184","宋俊毅","許嘉元","邱冠陸","行銷部部經理","蔡郁仁","(06)291-5500","2002/06/11","2025/11/04",新台幣                 10.0000元,367967310,36796731,0,0,合併,每年,董事會,"福邦證券股份有限公司股務代理部","(02)2371-1658","台北市中正區忠孝西路一段6號6樓","國富浩華聯合會計師事務所","李國銘","郭怡伶","NEMS","No.100,Keji 5th Rd.,Annan Dist.,Tainan Technology Industrial ParkTainan City ,Taiwan Country","(06)384-5808","nems_service@nemstek.com.tw","www.nemstek.com.tw","邱冠陸","行銷部部經理","06-2915500","klchiu@nemstek.com.tw","www.nemstek.com.tw","－"
"7732","金興精密工業股份有限公司","金興精密","汽車工業","－","桃園市平鎮區工業一路3號","	23230525","施春景","施春景","何詩俊","財務長","施孟謹","03-4195988","1989/03/28","2025/01/14",新台幣                 10.0000元,646800000,64680000,0,0,合併,每年,董事會,"福邦證券股份有限公司股務代理部","(02)2371-1658","台&#63843;市中正區忠孝西&#63799;一段6號6&#63820;","資誠聯合會計師事務所","陳&#21843;東","林佳鴻","KING SHING","No. 3, Gongye 1st Rd., Yongfeng Vil., Pingzhen Dist.,Taoyuan City 32461, Taiwan (R.O.C.)","03-4195405","ir@kingshing.com","https://www.kingshing.com","何詩俊","財務長","03-4195988","ir@kingshing.com","https://www.kingshing.com/stakeholdersedit_tw.php","https://www.kingshing.com/governances_tw.php?id=32"
"7736","虎山實業股份有限公司","虎山","汽車工業","－","新北市瑞芳區頂坪路瑞芳工業區3號","	34556891","陳映志","陳映志","蘇家慧","會計經理","賴紫晴","(02)2496-5566","1983/01/10","2025/03/18",新台幣                 10.0000元,760000000,76000000,0,0,合併,每年,董事會,"元大證券股份有限公司股務代理部","(02)2586-5859","台北市大安區敦化南路2段67號地下一樓","勤業眾信聯合會計師事務所","辛宥呈","翁雅玲","HUSHAN","No. 3, Ruifang Industrial Park, Dingping Rd.,Ruifang Dist.,New Taipei City  , Taiwan (R.O.C.)","(02)2496-7899","investor@hushan.com.tw","http://www.huhandle.com/","賴紫晴","副發言人","(02)2496-5566","investor@hushan.com.tw","http://www.huhandle.com/","https://www.huhandle.com/zh/pages/directors"
"7740","熙特爾新能源股份有限公司","熙特爾-創","綠能環保","－","臺北市松山區南京東路5段89號12樓","	55118186","林聖澤","陳伯勳","張雅怡","財務長","周呂熙龍","02-86655650","2017/09/13","2025/06/16",新台幣                 10.0000元,532000000,53200000,0,0,合併,每年,股東會,"宏遠證券股份有限公司股務代理部","02-23268818","台北市信義路4段236號3樓","勤業眾信聯合會計師事務所","劉怡青","邱政俊","SEETEL","12F., No. 89, Sec. 5, Nanjing E. Rd., Songshan Dist.,Taipei City , Taiwan","02-86655651","service@seetel-energy.com","https://www.seetel-energy.com/","張雅怡","財務長","02-86655650","ir@seetel-energy.com","https://www.seetel-energy.com/","－"
"7749","意騰科技股份有限公司","意騰-KY","半導體業","KY","新竹縣竹北市復興三路二段168號11樓之3","	60204448","顏志展","顏志展","許維新","副總經理","洪仕達","03-6029928","2016/05/27","2025/06/13",新台幣                 10.0000元,464857280,46485728,0,0,合併,每年,股東會,"中國信託商業銀行代理部","02-66365566","臺北市中正區重慶南路一段83號5樓","安永聯合會計師事務所","胡慎緁","邱琬茹","iGo-KY","11F-3, No.168, Sec.2, Fuxing 3rd Rd.Zhubei City, Hsinchu County, Taiwan","03-6029938","spokesperson@intelli-go.com","http://www.intelli-go.com","林孟學","副總經理","03-6029928","ir@intelli-go.com","https://www.intelli-go.com/zh-tw/investor-area/investor-2","－"
"7750","新代科技股份有限公司","新代","電機機械","－","新竹科學園區新竹市研發二路25號","	89660813","蔡尤鏗","蔡尤鏗","林東旭","財務長","刁秉濠","03-6663553","1995/08/03","2025/09/17",新台幣                 10.0000元,718430000,71843000,0,0,合併,每年,董事會,"台新綜合證券(股)公司股務代理部","(02)2504-8125","台北市中山區建國北路一段96號B1","安永聯合會計師事務所","邱琬茹","胡慎緁","Syntec","No. 25, Yanfa 2nd Rd., Hsinchu Science Park,Hsinchu City 30076, Taiwan","03-6663505","ir@syntecclub.com.tw","https://www.syntecclub.com","林東旭","財務長","03-6663553","ir@syntecclub.com.tw","https://www.syntecclub.com","－"
"7760","享溫馨企業股份有限公司","享溫馨","觀光餐旅","－","高雄市苓雅區建國一路175之15號","	29004693","李東和","李奇霖","李奇霖","總經理","林威亞","(07)224-2999","2008/10/02","2026/04/28",新台幣                 10.0000元,660480000,66048000,0,0,個別,每年,董事會,"中國信託商業銀行股務代理部","(02)6636-5566","台北市中正區重慶南路一段83號5樓","勤業眾信&#63895;合會計師事務所","許凱甯","劉承翰","ENJOY","No. 175-15, Jianguo 1st Rd., Lingya Dist.,Kaohsiung City, Taiwan","(07)224-1919","ir@swsktv.com.tw","https://www.sws.com.tw/","林威亞","財務長","(07)224-2999","ir@swsktv.com.tw","https://www.sws.com.tw/investors/governance.html","https://www.sws.com.tw/investors/stakeholders.html"
"7765","中華資安國際股份有限公司","中華資安","數位雲端","－","台北市中正區杭州南路一段26號8樓","	55765649","陳明仕","洪進福","洪進福","總經理","&#28201;雅茹","(02)2343-1628","2017/12/14","2025/09/08",新台幣                 10.0000元,406810000,40681000,0,0,個別,每年,股東會,"台新綜合證券股務代理部","(02)2504-8125","台北市中山區建國北路一段96號B1","勤業眾信聯合會計師事務所","高逸欣","江美艷","CHT Security","8F., No. 26, Sec. 1, Hangzhou S. Rd., Zhongzheng DistTaipei City 100019 , Taiwan (R.O.C.)","(02)2396-5158","chts_ir@chtsecurity.com","https://www.chtsecurity.com/","&#28201;雅茹","代理發言人","(02)2343-2483","chts_ir@chtsecurity.com","https://www.chtsecurity.com/stakeholder","https://www.chtsecurity.com/investor/governance?tab=organization"
"7768","頌勝科技材料股份有限公司","頌勝科技","半導體業","－","臺中市西屯區協和里工業區十四路2號","	22231552","朱明癸","施文昌","林順陽","副總經理暨財務長","唐宏揚","04-23550168","1986/07/25","2026/05/07",新台幣                 10.0000元,622650000,62265000,0,0,合併,每年,股東會,"元大證券股份有限公司股務代理部","02-25865859","臺北市大安區敦化南路2段67號地下一樓","資誠聯合會計師事務所","王玉娟","劉美蘭","PVI","NO.2,14 Rd.,TAICHUNG INDUSTRIAL PARK, Xitun Dist.Taichung,Taiwan,R.O.C.","04-23509985","IR@ pvichem.com.tw","https://www.pvichem.com.tw/","林順陽","副總經理暨財務長","04-23550168","IR@ pvichem.com.tw","https://www.pvichem.com.tw/","－"
"7769","鴻勁精密股份有限公司","鴻勁","半導體業","－","臺中市大雅區中清路三段758巷11號","	54884366","謝旼達","張簡榮力","翁德奎","資深副總經理","趙振明","04-25608752","2015/04/23","2025/11/27",新台幣                 10.0000元,1799300000,179930000,0,0,合併,每年,股東會,"元大證券股份有限公司股務代理部","(02)25865859","臺北市大安區敦化南路2段67號地下一樓","勤業眾信聯合會計師事務所","黃惠敏","邵志明","HON","NO.11,LN.758,SEC.3,ZHONGQING RD.,DAYA DISTTAICHUNG CITY ,TAIWAN(R.O.C.)","04-25608755","ir@honprec.com","https://www.honprec.com/","林書瑀","投資人關係室副理","04-25608752#5888","ir@honprec.com","https://www.honprec.com/esg/#stakeholder","https://www.honprec.com/governance/"
"7780","大研生醫國際股份有限公司","大研生醫*","食品工業","－","臺北市大安區羅斯福路三段37號12樓","	50784323","林東慶","林東慶","林東慶","董事長","洪子珺","02-23651380","2018/06/20","2025/09/09",新台幣                  1.0000元,810024170,810024170,0,0,合併,每季,董事會,"凱基證券股份有限公司股務代理部","02-23892999","台北市中正區重慶南路一段2號5樓","資誠聯合會計師事務所","徐潔如","胡智華","DAIKEN","12F., No.37, Sec. 3, Roosevelt Rd., Da-an DistrictTaipei City 106, Taiwan (R.O.C.)","02-23680058","ir@daiken.co","https://www.daikenshop.com","陳俐君","經理","02-23651380#2203","ir@daiken.co","https://www.daikenshop.com/stakeholder.php","－"
"7786","東方風能科技股份有限公司","東方風能","綠能環保","－","臺中市西屯區市政路386號19樓之1","	82964333","陳柏霖","陳柏霖","陳柏霖","執行長","陳芷寧","04-22546965","2019/07/29","2025/11/18",新台幣                 10.0000元,1759539440,175953944,0,0,合併,每年,董事會,"永豐金證券股務代理部","02-23816288","台北市中正區博愛路17號3樓","資誠聯合會計師事務所","王菘澤","吳仁杰","DFO","19F.-1, No. 386, Shizheng Rd., Xitun Dist.,Taichung City 407667, Taiwan (R.O.C.)","04-22546911","investors.relations@dfo.com.tw","https://www.dfo.com.tw/","陳芷寧","法務長兼營運協理","04-22546965","investors.relations@dfo.com.tw","https://www.dfo.com.tw/investor/Stakeholders/","https://www.dfo.com.tw/investor"
"7788","松川精密股份有限公司","松川精密","電子零組件業","－","新北市樹林區中華路377號","	33923363","王傳世","吳頌仁","吳頌仁","總經理","鍾莉芳","02-86845332","1974/07/20","2025/10/16",新台幣                 10.0000元,797459930,79745993,0,0,合併,每年,董事會,"元大證券股份有限公司股務代理部","02-25865859","106臺北市大安區敦化南路2段67號地下一樓","安侯建業聯合會計師事務所","郭柔蘭","吳趙仁","SONG CHUAN","No. 377, Zhonghua Rd., Shulin Dist.New Taipei City, Taiwan","02-86867379","ir@songchuan.com.tw","https://www.songchuan.com/sc/","劉明和","協理","02-86845332","ir@songchuan.com.tw","https://www.songchuan.com/sc/","https://www.songchuan.com/sc/"
"7791","皇家可口股份有限公司","皇家可口","食品工業","－","台北市大同區重慶北路3段338號4樓","	22265497","周明芬","高長慶","周明芬","董事長","林詩芸","02-25351084","1986/08/28","2025/10/28",新台幣                 10.0000元,800000000,80000000,0,0,合併,每年,股東會,"凱基證券股務代理部","02-23892999","台北市中正區重慶南路１段２號５樓","安侯建業聯合會計師事務所","吳仲舜","吳麟","LUCKY ROYAL","4F., No. 338, Sec. 3, Chongqing N. Rd.Datong Dist., Taipei City 103250, Taiwan","02-25352497","lucky.royal@duroyal.com","https://luckyroyal.com.tw/","周明芬","發言人","02-25351084","elly@duroyal.com","https://luckyroyal.com.tw/esg/stakeholder/","https://luckyroyal.com.tw/investor/company-profile-area/"
"7795","長廣精機股份有限公司","長廣","電子零組件業","－","高雄市大寮區裕民街30號","	90078176","廖恒寧","岩田和敏","吳志軒","副理","李曉盈","(07)7879007","2022/10/21","2026/01/16",新台幣                 10.0000元,788285000,78828500,0,0,合併,每年,董事會,"統一綜合證券股份有限公司","02-27463797","台北市松山區東興路8號B1","勤業眾信聯合會計師事務所","王兆群","陳秀雯","EPM","No. 30, YUMIN STREET,KAOHSIUNG, TAIWAN","(07)7879005","epm@eternal-epm.com","https://www.eternal-epm.com","吳志軒","副理","07-7879007","epm@eternal-epm.com","https://www.eternal-epm.com/%e5%88%a9%e5%ae%b3%e9%97%9c%e4%bf%82%e4%ba%ba/","－"
"7799","禾榮科技股份有限公司","禾榮科","生技醫療業","－","新竹科學園區新竹縣竹北市生醫五路66之2號","	56914371","許金榮","沈孝廉","王文振","財務長","林正崧","03-5619366","2017/08/08","2025/09/15",新台幣                 10.0000元,1579955000,157995500,0,0,合併,每年,股東會,"富邦綜合證券 股務代理部","02-23611300","台北市許昌街17號11樓","資誠聯合會計師事務所","李典易","白淑蒨","HNMC","66-2, Shengyi 5th Rd.,Zhubei City,Hsinchu County,Taiwan(R.O.C)","03-6581820","ir@heron-neutron.com","https://www.heron-neutron.com/","王文振","財務長","03-5619366","ir@heron-neutron.com","https://www.heron-neutron.com/","－"
"7803","雲象科技股份有限公司","雲象科技-創","生技醫療業","－","台北市南港區忠孝東路7段508號15樓、15樓之1","	83470105","葉肇元","葉肇元","葉肇元","總經理","顏睿甫","02-27856892","2020/02/06","2026/05/20",新台幣                 10.0000元,944128880,94412888,0,0,合併,每年,股東會,"元大證券股份有限公司股務代理部","(02)2586-5859","臺北市大安區敦化南路2段67號地下一樓","資誠聯合會計師事務所","林冠宏","周筱姿","aetherAI","15F & 15F-1, No. 508, Sec. 7, Zhongxiao E. Rd., Nangang Dist.,Taipei, Taiwan","02-77137997","pr@aetherai.com","https://www.aetherai.com/","顏睿甫","客戶解決方案部總監","02-27856892","pr@aetherai.com","https://www.aetherai.com/","－"
"7818","溢泰實業股份有限公司","溢泰實業","綠能環保","－","屏東縣屏東市環東街3號","	90765596","林慶雄","林于鈞","林于鈞","集團執行長","林卉娟","08-7524736","1981/06/13","2026/05/18",新台幣                 10.0000元,1679460000,167946000,0,0,合併,每年,董事會,"中國信託商業銀行股份有限公司","02-66365566","台北市中正區重慶南路一段 83 號 5 樓","勤業眾信聯合會計師事務所","王兆群","郭麗園","KEMFLO","No. 3, Huandong St.Pingtung City, Pingtung County 900509","08-7551584","kemflogroup@kemflointernational.com.tw","https://www.kemflogroup.com","劉家華","經理","08-7524736","ir@kemflointernational.com.tw","https://www.kemflogroup.com","－"
"7821","神達數位股份有限公司","神數","汽車工業","－","新竹科學園區新竹縣寶山鄉研發二路1號4樓","	69704320","何繼武","張樂&#32675;","張樂&#32675;","總經理","鄭筱雯","(03)577-9968","2017/09/01","2026/04/20",新台幣                 10.0000元,1219133000,121913300,0,0,合併,每年,董事會,"元大證券股份有限公司股務代理部","(02)2586-5859","台北市大安區敦化南路二段67號B1","資誠聯合會計師事務所","劉倩瑜","蔣承翰","MDT","4F, NO. 1, R&D RD. II, HSINCHU SCIENCE PARKHSINCHU, TAIWAN, R.O.C.","(03)577-5298","stock@mitacmdt.com","https://www.mitacmdt.com","投資人關係","投資人關係","(03)396-1888","stock@mitacmdt.com","https://www.mitacmdt.com/tw/discover-mdt/esg/stakeholders/","https://www.mitacmdt.com/tw/investors/corporate-governance/board-of-directors/"
"7822","倍利科技股份有限公司","倍利科","半導體業","－","新竹科學園區新竹市力行三&#63799;7號5樓","	54807093","林坤禧","黃建中","黃建中","總經理","林麗慧","03-6233089","2014/04/25","2026/03/30",新台幣                 10.0000元,455607630,45560763,0,0,合併,每年,董事會,"凱基證券股份有限公司股務代理部","02-2389-2999","台北市中正區重慶南路1段2號5樓","安永聯合會計師事務所","邱琬茹","許新民","V5 TECHNOLOGIES","5F., No. 7, Li-Hsin 3rd Road., Science Industrial Park, East DistrictHsinchu City 30078, Taiwan (R.O.C.)","03-5781255","IR@v5.com.tw","https://www.v5.com.tw/","林麗慧","資深經理","03-6233089","IR@v5.com.tw","https://www.v5.com.tw/","https://www.v5.com.tw/"
"7823","奧義賽博科技股份有限公司","奧義賽博-KY創","數位雲端","KY","新北市板橋區遠東路1號6樓","	61334996","吳明蔚","吳明蔚","吳明蔚","執行長","黃文傑","02-7739-0077","2017/08/24","2026/02/05",新台幣                 10.0000元,334908900,33490890,0,0,合併,每年,董事會,"元大證券股份有限公司","02 -25865859","臺北市大安區敦化南路2段67號地下一樓","勤業眾信會計師聯合事務所","曾建銘","王攀發","CyCraft-KY","6 F., No. 1, Yuandong Rd., Banqiao Dist.,New Taipei City 220056, Taiwan (R.O.C)","02-7739-0079","investor.relations@cycraft.com","www.cycraft.com","黃文傑","財務長","02-7739-0077","investor.relations@cycraft.com","www.cycraft.com","www.cycraft.com"
"8011","台通光電股份有限公司","台通","通信網路業","－","新北市新莊區福慧路219號9樓","	12362365","李慶煌","李宜娟","鄭鈺穎","財務部協理","李宜娟","(02)2299-1066","1981/12/21","2011/09/19",新台幣                 10.0000元,1659218910,165921891,0,0,合併,每年,股東會,"富邦綜合證券(股)公 司","(02)2361-1300","台北市100中正區許昌街17號11樓","勤業眾信聯合會計師事務所","謝東儒","李冠豪","TTCC","9th Floor, No. 219, Fuhui RdXinzhuang District, New Taipei City ,ROC","(02)2299-3958","adm@ttcc.com.tw","www.ttcc.com.tw","鄭鈺穎","財務部協理","(02)2299-1066","mandy@ttcc.com.tw","https://www.ttcc.com.tw/investor-relation/stakeholder","https://www.ttcc.com.tw/investor-relation/corporate-governance"
"8016","矽創電子股份有限公司","矽創","半導體業","－","新竹縣竹北市台元一街5號11樓之1","	86735240","毛穎文","劉孟煌","黃英記","處長","孫偉業","03-5526500","1992/07/09","2003/12/25",新台幣                 10.0000元,1201368760,120136876,0,0,合併,每年,董事會,"台新綜合證券(股)公司股務代理部","02-25048125","台北市建國北路一段96號地下一樓","勤業眾信聯合會計師事務所","張雅芸","蔡美貞","Sitronix　　","11F-1, No.5, Taiyuan 1st St.,Zhubei City, Hsinchu County 302, Taiwan","03-5526501","ir@sitronix.com.tw","http://www.sitronix.com.tw","黃英記","處長","02-26591276#2255","ir@sitronix.com.tw","http://www.sitronix.com.tw","https://www.sitronix.com.tw/tw/investor-relations/corporate-principles/"
"8021","尖點科技股份有限公司","尖點","其他電子業","－","新北市樹林區佳園路三段203號","	96912835","林序庭","林若萍","張家齊","管理中心協理","柯梨青","(02)26805868","1996/04/12","2008/01/21",新台幣                 10.0000元,1450424670,145042467,0,0,合併,每年,董事會,"福邦證券股份有限公司","(02)2371-1658","10041台北市中正區忠孝西路一段6號6樓","勤業眾信聯合會計師事務所","廖婉怡","梁盛泰","Topoint　　","No.203,Sec.3,Jiayuan Rd.,Shulin District,New Taipei City,Taiwan,R.O.C.　　","(02)26807588","IR@topoint.tw","http://www.topoint.tw/","張家齊","管理中心協理","(02)26805868","IR@topoint.tw","http://www.topoint.tw/tw/contact3/","https://www.topoint.tw/tw/corporate/"
"8028","昇陽國際半導體股份有限公司","昇陽半導體","半導體業","－","新竹科學園區新竹市力行路6號","	84149884","梁明成","蔡幸川","黃豐年","資深副總經理","張軒瑋","03-5641888","1997/03/03","2018/07/10",新台幣                 10.0000元,1752830860,175283086,0,0,個別,每年,董事會,"福邦證券股份有限公司股務代理部","(02)2371-1658","台北市中正區忠孝西路一段6號6樓","資誠聯合會計師事務所","劉倩瑜","李典易","PSI　　","No.6, Li-Hsin Road, Science- Park.Hsinchu 300 Taiwan, R.O.C.","03-5670888","spokesman@psi.com.tw","www.psi.com.tw","張軒瑋","專案課長","03-5641888#5511","ir@psi.com.tw","www.psi.com.tw","https://www.psi.com.tw/csr1-2.asp"
"8033","雷虎科技股份有限公司","雷虎","其他","－","台中巿工業區六路七號","	52541175","陳冠如","蘇聖傑","卓宜儒","協理","楊富森","04-23591616","1979/10/02","2007/06/21",新台幣                 10.0000元,1526297750,152629775,7672502,0,合併,每年,股東會,"福邦證券股份有限公司","02-2371-5618","台北市中正區忠孝西路一段6號6樓","國富浩華聯合會計師事務所","蘇子云","蔡淑滿","TT","NO.7, 6TH ROAD INDUSTRY PARK TAICHUNGTAICHUNG, TAIWAN R.O.C. 40755","04-23591902","tt@thundertiger.com","www.thundertiger.com","卓宜儒","協理","04-23591616","megan@thundertiger.com","https://ttg.thundertiger.com/stock/Stakeholder_Engagement.html","https://ttg.thundertiger.com/stock/company.html"
"8039","台虹科技股份有限公司","台虹","電子零組件業","－","高雄市前鎮區環區三路一號","	16198345","陳永恒","江宗翰","潘祈愿","財務長","蘇玫嫺","07-8139989","1997/08/16","2009/12/17",新台幣                 10.0000元,2636689940,263668994,0,0,合併,每年,董事會,"元大證券股份有限公司","02-25865859","台北市大安區敦化南路2段67號地下一樓","安永聯合會計師事務所","洪國森","鄭清標","TAIFLEX　","No.1, Huanqu 3rd Rd., Cianjhen Dist.,Kaohsiung City, Taiwan","07-8159463","ir_contact@taiflex.com.tw","www.taiflex.com.tw","潘祈愿","財務長兼發言人","07-8139989","ir_contact@taiflex.com.tw","http://www.taiflex.com.tw/c/csr_area.php","https://www.taiflex.com.tw/cg.html"
"8045","達運光電股份有限公司","達運光電","通信網路業","－","新北市新北產業園區五工六路41號","	86880449","陳碧霜","戴國源","戴國源","總經理","蔡美珮","22990666","1992/10/15","2024/12/11",新台幣                 10.0000元,950418150,95041815,0,0,合併,每年,董事會,"富邦綜合證券股份有限公司","02-2361-1300","台北市中正區許昌街17號11樓","資誠聯合會計師事務所","余正富","葉翠苗","TWOWAY","41 Wu Kung 6 Rd.,New Taipei Industry Park,New Taipei City, 248,Taiwan,R.O.C.","22990667","ir@twoway.com.tw","www.twoway.com.tw","蔡美珮","財會處處長","0222990666","ir@twoway.com.tw","https://www.twoway.com.tw/stakeholder","https://www.twoway.com.tw/corporate-governance"
"8046","南亞電路板股份有限公司","南電","電子零組件業","－","桃園市蘆竹區南崁路一段338號","	16096804","鄒明仁","呂連瑞","呂連瑞","總經理","江文楓","03-3223751","1997/10/28","2006/04/07",新台幣                 10.0000元,6461654870,646165487,0,0,合併,每年,董事會,"本公司股務組","02-27189898","台北市內湖區南京東路六段380號10樓","安侯建業聯合會計師事務所","郭欣頤","張肇文","N.P.C","No. 338,Sec.1 Nankan Rd.,Luchu Dist., Taoyuan City, Taiwan","03-3218470","nanya@nanyapcb.com.tw","https://www.nanyapcb.com.tw/nypcb/Chinese/index","呂連瑞","總經理","03-3223751","nanya@nanyapcb.com.tw","https://www.nanyapcb.com.tw/nypcb/chinese/Contact/ContactUs","https://www.nanyapcb.com.tw/nypcb/chinese/InvestorRelations/CorGovernanceOrg"
"8070","長華電材股份有限公司","長華*","電子通路業","－","高雄市楠梓區東七街16號6樓","	23307811","洪全成","黃俊&#21234;","陳明軒","業務副總經理","李洵穎","07-3622663","1989/05/13","2007/12/31",新台幣                  1.0000元,725648455,725648455,0,0,合併,每半會計年度,董事會,"永豐金證券股份有限公司","02-23816288","臺北市中正區博愛路17號3樓","勤業眾信聯合會計師事務所","許瑞軒","郭麗園","CHANG WAH","6F, NO.16, East 7th Street, Nanzi Dist.　Kaohsiung City, Taiwan (R.O.C.)","07-3684393","cwe-ir@cwei.com.tw","www.cwei.com.tw","陳明軒","業務副總經理","07-3622663","cwe-ir@cwei.com.tw","https://www.cwei.com.tw/investor-service","https://www.cwei.com.tw/corporate-overview"
"8072","陞泰科技股份有限公司","陞泰","電子通路業","－","台北市南港區三重路19-11號E棟10樓","	97092770","陳世忠","陳純平","陳純平","總經理","林敏慧","2655-3866","1996/06/26","2005/08/19",新台幣                 10.0000元,800000000,80000000,0,0,合併,每年,董事會,"中國信託商業銀行","02-66365566","台北市重慶南路一段83號6樓","勤業眾信會計師事務所","蔡侑玲","劉建良","AV TECH　","10F,E BUILDING,NO.19-11,SAN CHUNG RD.,NANKANG, TAIPEI ,115,TAIWAN,R.O.C","5581-3499","lydia.lin@avtech.com.tw","www.avtechgroup.com.tw","林敏慧","代理發言人","02-26553866","lydia.lin@avtech.com.tw","https://www.avtechgroup.com.tw/Investors_tw.aspx","https://www.avtechgroup.com.tw/Governance_tw.aspx"
"8081","致新科技股份有限公司","致新","半導體業","－","新竹市科學園區工業東三路2號","	84149723","吳錦川","謝其昌、楊人仰","吳錦川","董事長","唐漢光","03-5788833","1996/07/03","2008/12/30",新台幣                 10.0000元,861720720,86172072,0,0,合併,每年,董事會,"台新綜合證券股務代理部","02-25048125","台北市建國北路一段96號B1","資誠聯合會計師事務所","江采燕","謝智政","GMT","No 2,Industry E. RD. III, Hsinchu Science  ParkHsinchu, 300 Taiwan, R.O.C.","03-5784289","ir@gmt.com.tw","http://www.gmt.com.tw","唐漢光","經理","02-82273608#178","ir@gmt.com.tw","http://www.gmt.com.tw/tw/company/contacts.php","http://www.gmt.com.tw/tw/investors/major_internal_policies.php"
"8101","華冠通訊股份有限公司","華冠","通信網路業","－","台北市內湖區瑞光路258巷2號7樓","	70747852","李森田","何文魁","何文魁","總經理","吳樹永","02-26587718","1999/08/24","2004/07/01",新台幣                 10.0000元,521662160,52166216,39078012,0,合併,每年,股東會,"福邦證券股務代理部","(02)2371-1658","台北市中正區忠孝西路一段6號6樓","信永中和聯合會計師事務所","郭鎮宇","陳光慧","Arima Comm.　　","7F., No. 2, Lin. 258, Ruiguang Rd., Neihu Dist.,Taipei  City 11494,Taiwan","02-26589916","public@arimacomm.com.tw　　","www.arimacomm.com.tw","何文魁","總經理","02-26587718","kevinho@arimacomm.com.tw","www.arimacomm.com.tw","http://www.arimacomm.com.tw/investor-12.php"
"8103","瀚荃股份有限公司","瀚荃","電子零組件業","－","新北市淡水區中正東路一段3巷9號9樓","	23632274","楊超群","執行長:楊奕康","王霈蓮","經理","雷舜貽","26201000","1990/03/16","2009/09/29",新台幣                 10.0000元,784366710,78436671,0,0,合併,每年,董事會,"華南永昌綜合證券(股)公司","27186425","台北巿民生東路四段54號4樓","安侯建業聯合會計師事務所","唐嘉鍵","黃明宏","CviLux","9F.,No.9,Lane 3,Sec.1,Chung-Cheng East Road,Tamshui,New Taipei City, Taiwan","26282333","apple.lei@cvilux.com","www.cvilux-group.com","王霈蓮","經理","26201000","maggie.wang@cvilux.com","www.cvilux-group.com/zh-cht/social-responsibility/stakeholders","https://esg.cvilux-group.com/organization/a53b8046b1170a081b36e1cfdb2184f1"
"8104","錸寶科技股份有限公司","錸寶","光電業","－","新竹縣湖口鄉新竹工業區光復北路12號","	70766576","葉垂景","陳康","王鼎章","執行長","陳康","03-5989999","2000/03/13","2019/01/17",新台幣                 10.0000元,1040581920,104058192,0,0,合併,每年,董事會,"台新證券股務代理部","02-25048125","104台北市建國北路一段96號B1","安永聯合會計師事務所","陳國帥","張志銘","RiTdisplay","No. 12,Kuanfu N. Road, Hsin Chu Industrial Park,Hsin Chu County, Taiwan 30351","03-5989688","invest@ritdisplay.com","http://www.ritdisplay.com","王鼎章","執行長","03-5989999#2824","Invest@ritdisplay.com","http://www.ritdisplay.com","https://www.ritdisplay.com/investor_relations3"
"8105","凌巨科技股份有限公司","凌巨","光電業","－","苗栗縣頭份市蘆竹里4鄰工業路15號","	16432742","田村隆幸","杉本克己","陳力文","副處長","劉德齊","(037)611611","1997/12/15","2006/12/27",新台幣                 10.0000元,4415448510,441544851,152981757,0,合併,每年,董事會,"元大證券股份有限公司股務代理部","(02)2586-5859","106臺北市大安區敦化南路2段67號地下一樓","勤業眾信聯合會計師事務所","薛峻泯","姚勝雄","GiantPlus","No.15, Gongye Rd., Lu-Chu Li, Toufen CityMiaoli County, Taiwan, R.O.C.","(037)625622","ir@giantplus.com","www.giantplus.com","陳力文","副處長","(03) 3679978 #12108","ir@giantplus.com","https://www.giantplus.com/stakeholders","https://www.giantplus.com/investors/directorate"
"8110","華東科技股份有限公司","華東","半導體業","－","高雄市前鎮區北一路18號","	22101116","焦佑衡","于鴻祺","黃靖窈","協理","蘇琨發","07-8111330","1995/04/06","2007/10/31",新台幣                 10.0000元,5177398760,517739876,0,0,合併,每年,股東會,"華東科技股份有限公司股務辦事處","02-27905885","台北市內湖區行善路398號8樓","勤業眾信會計師事務所","許瑞軒","劉裕祥","WALTON　","18, North 1st Rd.,Qianzhen Dist.,Kaohsiung, Taiwan, R.O.C.","07-8111889","waltonir@walton.com.tw","www.walton.com.tw","黃靖窈","協理","07-8111330","waltonir@walton.com.tw","www.walton.com.tw/modules.php?name=Walton&op=interested&file=ms&item=investor","www.walton.com.tw/modules.php?name=investors&file=corporate_governance&lang=zh-TW"
"8112","至上電子股份有限公司","至上","電子通路業","－","台北市內湖區港墘路189號7樓","	22368959","葛均","葛均","楊閎軒","業務協理","羅育宗","02-26578809","1987/03/05","2007/12/31",新台幣                 10.0000元,5552916980,525291698,0,30000000,合併,每年,董事會,"群益金鼎證券股份有限公司","02-2702-3999","台北市大安區敦化南路二段97號地下二樓","安侯建業聯合會計師事務所","黃泳華","鄭安志","Supreme　　","7 F, No. 189, Kangchien Rd., Nei-Hu,　Taipei, Taiwan","02-26572209","wayne@supreme.com.tw","https://www.supreme.com.tw/","張家瑋","資深業務副總","2657-8809","wayne@supreme.com.tw","https://www.supreme.com.tw/WP/WP0049.aspx","https://www.supreme.com.tw/WP/WP0033.aspx"
"8114","振樺電子股份有限公司","振樺電","電腦及週邊設備業","－","新北市土城區大同街23號","	12514341","郭劍成","陳茂強","郭育聞","財務長","顏佳怡","02-2268-5577","1984/08/11","2012/11/26",新台幣                 10.0000元,1075719190,76418772,0,31153147,合併,每年,股東會,"元大證券股務代理部","02-2586-5859","臺北市大安區敦化南路2段67號地下一樓","安侯建業聯合會計師事務所","于紀隆","陳蓓琪","POSIFLEX","No.23, Datong St., Tucheng Dist.New Taipei City 236, Taiwan (R.O.C.)","02-2268-5388","ir@posiflex.com.tw","https://www.posiflex.com/tw/","郭育聞","財務長","02-2268-5577","ir@posiflex.com.tw","https://www.posiflex.com/tw/investor/stakeholder/","https://www.posiflex.com/tw/investor/CorporateGovernance/"
"8131","福懋科技股份有限公司","福懋科","半導體業","－","雲林縣斗六市榴中里河南街329號","	23826736","蘇林慶","張憲正","張憲正","總經理","陳文才","05-5574888","1990/09/11","2007/11/29",新台幣                 10.0000元,4422222230,442222223,0,0,個別,每年,董事會,"福懋科技股份有限公司股務科","02-27189898","台北市內湖區南京東路六段380號10樓","安侯建業聯合會計師事務所","寇惠植","郭欣頤","　　FATC","NO.329,Ho-Nan St.　Toulin, Taiwan, R.O.C.","05-5574638","y0222@fatc.com.tw","https://www.fatc.com.tw/","林辛容","經理","05-5574888轉8821","u500683@fatc.com.tw","https://www.fatc.com.tw/esg/about4.php","https://www.fatc.com.tw/"
"8150","南茂科技股份有限公司","南茂","半導體業","－","新竹科學園區新竹縣研發一路一號","	16130042","鄭世杰","鄭世杰","黃國樑","資深副總經理","蘇郁姣","03-5770055","1997/07/28","2014/04/11",新台幣                 10.0000元,7045231260,704523126,0,0,合併,每年,股東會,"凱基證券股份有限公司股務代理部","02-23892999","(100)臺北市重慶南路一段2號5樓","資誠聯合會計師事務所","林佳鴻","王方瑜","ChipMOS　　","No.1 R&D Rd.1,Hsinchu Science Park　Hsinchu,Taiwan, R.O.C　","03-5668970","FIN@chipmos.com","www.chipmos.com","黃國樑","資深副總經理","03-5770055","IR@chipmos.com","https://www.chipmos.com/chinese/csr/overview.aspx","https://www.chipmos.com/chinese/csr/editor.aspx?CCID=70"
"8162","微矽電子股份有限公司","微矽電子-創","半導體業","－","新竹縣竹東鎮沿河街395號","	22579547","張秉堂","張秉堂","王志成","副總經理","吳柏賢","037-587222","1987/08/11","2024/03/07",新台幣                 10.0000元,687020000,68702000,0,0,個別,每年,董事會,"華南永昌綜合證券股份有限公司","02-27186425","台北巿民生東路四段54號4樓","資誠聯合會計師事務所","李典易","白淑蒨","MSEC　","No. 230, Youyi Rd.,Zhunan Township, Miaoli County, Taiwan","037-584447","msec_spokesman@msec.com.tw","www.msec.com.tw","吳柏賢","資深經理","037-587222","msec_investor@msec.com.tw","www.msec.com.tw","https://esg.msec.com.tw/"
"8163","達方電子股份有限公司","達方","電腦及週邊設備業","－","桃園市龜山區山鶯路167-1號","	16081507","蘇開建","蔡耀坤","林豐正","副總經理","蘇柏翰","03-2508800","1997/05/08","2007/11/28",新台幣                 10.0000元,2800000010,280000001,0,0,合併,每年,董事會,"台新證券股務代理部","(02)25048125","臺北市建國北路一段96號B1","安侯建業聯合會計師事務所","許詩淳","高靚玟","DARFON","167-1 Shan-ying Road, GueishanTaoyuan 333, Taiwan, R.O.C.","03-3592291","Investor@Darfon.com","WWW.DARFON.COM.TW","蘇柏翰","處長","03-2508800","Investor@Darfon.com","https://www.darfon.com.tw/tw/integrity","https://www.darfon.com/tw/directors"
"8201","無敵科技股份有限公司","無敵","其他電子業","－","台北市北投區北投路二段13號4樓之1","	23163259","楊人捷","李圍正","李圍正","總經理","張悅芬","02-77265111","1989/02/17","2007/10/29",新台幣                 10.0000元,623662750,62366275,0,0,合併,每年,董事會,"台新證券(股)公司股務代理部","02-25048125","台北市建國北路一段96號B1","安侯建業聯合會計師事務所","陳盈如","郭柔蘭","BESTA　　","Rm. 1,&#160; 4F., No. 13, Sec. 2, Beitou Rd., Beitou Dist.,Taipei,Taiwan, R.O.C 　　","02-77267766","lilycheng@besta.com.tw","http://www.besta.com.tw","張悅芬","經理","02-77265111#1303","Fenchang@besta.com.tw","http://besta.com.tw/zh-tw/Page/stakeholder","https://www.besta.com.tw/zh-tw/FinancialPage/combine_income"
"8210","勤誠興業股份有限公司","勤誠","電腦及週邊設備業","－","新北市新莊區中原路558號18樓","	05143647","陳美琪","陳亞男","陳亞男","執行長兼總經理","蔡沛穎","(02)8226-5500","1983/12/05","2011/12/01",新台幣                 10.0000元,1253191460,125319146,0,0,合併,每年,股東會,"元大證券股份有限公司","(02)2586-5859","106045臺北市大安區敦化南路2段67號地下一樓","資誠聯合會計師事務所","黃珮娟","廖福銘","CHENBRO　","18F., No.558,Zhongyuan Rd.,Xinzhuang Dist, New Taipei City Taiwan","(02)8226-5395","ir@chenbro.com","www.chenbro.com","蔡沛穎","投資人關係","(02)8226-5500","ir@chenbro.com","https://www.chenbro.com/zh-TW/stakeholder-engagement","https://www.chenbro.com/zh-TW/corporate-governance"
"8213","志超科技股份有限公司","志超","電子零組件業","－","桃園市平鎮區工業二路１２號","	70801378","李明熹","李明熹","胡秀杏","財務處副總","劉菊珍","03-4698860","1998/04/21","2009/12/25",新台幣                 10.0000元,2712424880,271242488,0,0,合併,每年,董事會,"凱基證券(股)公司股務代理部","02-23892999","台北市重慶南路一段２號５樓","安侯建業聯合會計師事務所","陳宜君","江曉苓","tpt","No. 12, Gongye 2nd Rd., Pingzhen Dist.,Taoyuan City 32461, Taiwan (R.O.C.)","03-4698277","ir@tpt-pcb.com.tw","https://tpt-pcb.com.tw/","胡秀杏","財務處副總","03-4698860 #402","ir@tpt-pcb.com.tw","https://tpt-pcb.com.tw/sustainable.html","https://tpt-pcb.com.tw/governan.htm"
"8215","明基材料股份有限公司","明基材","光電業","－","桃園市龜山區建國東路29號","	16549778","陳建志","劉家瑞","王勝興","財務長","暫缺","(03)3748800","1998/07/16","2010/11/12",新台幣                 10.0000元,3206745140,320674514,0,0,合併,每年,董事會,"台新證券股務代理部","(02)2504-8125","台北市建國北路一段96號B1","安侯建業聯合會計師事務所","高靚玟","施威銘","BMC","29  Jianguo E. Road, GueishanTaoyuan 333, Taiwan, R.O.C.　","(03)3748884","IR@benqmaterials.com","www.benqmaterials.com","王勝興","財務長","(03)3748800","IR@benqmaterials.com","https://esg.benqmaterials.com/sustainability-strategy/stakeholder-negotiation-and-collaboration","https://www.benqmaterials.com/tw/investors/link/corporate/"
"8222","寶一科技股份有限公司","寶一","電機機械","－","台南市新營區新工路13巷1號","	04431804","曾國浩","曾國浩","胡淑賢","副總經理","林宜禎","06-6535001","1974/10/05","2015/01/27",新台幣                 10.0000元,685735000,68573500,0,0,個別,每年,股東會,"台新證券股務代理部","02-25048125","10489 台北市建國北路一段96號地下一樓","勤業眾信聯合會計師事務所","王騰葦","廖鴻儒","Aero Win","NO. 1, LN. 13, XINGONG  RD                                    　　XINYING DIST., TAINAN CITY, ROC 730","06-6535057","finance-1@aerowin.com","www.aerowin.com?@?@","胡淑賢","副總經理","06-6535001","susan@aerowin.com","http://www.aerowin.com/Content_Layout.php?Id=p6-1?@","http://www.aerowin.com/index.php"
"8249","菱光科技股份有限公司","菱光","電子零組件業","－","台北市內湖區南京東路六段501號9樓","	16596646","黃育仁","魏耀明","魏耀明","總經理","陳淑惠","(02)89121289","1998/06/15","2005/05/17",新台幣                 10.0000元,1378245000,137824500,23475000,0,合併,每半會計年度,董事會,"元大證券(股)公司股務代理部","(02)2586-5859","台北市大安區敦化南路2段67號地下1樓","資誠聯合會計師事務所","林柏全","林永智","CSI　　","9th Floor, No. 501, Section 6 Nanjing East Road,Neihu District ,Taipei City, Taiwan","(02)89121111","spokesperson@csi-sensor.com.tw","www.csi-sensor.com.tw","魏耀明","總經理","89121289","spokesperson@csi-sensor.com.tw","http://www.csi-sensor.com.tw/interested_parties.html","http://www.csi-sensor.com.tw/index.html"
"8261","富鼎先進電子股份有限公司","富鼎","半導體業","－","新竹縣竹北市台元一街5號12樓之1及12樓之2","	16550923","陳泰銘","張嘉帥","張嘉帥","總經理","譚梅英","26971299","1998/07/17","2009/12/11",新台幣                 10.0000元,1188783930,118878393,35000000,0,合併,每年,股東會,"元大證券股份有限公司","25865859","臺北市大安區敦化南路2段67號地下一樓","勤業眾信聯合會計師事務所","劉紋伶","尤志峰","　　APEC","12F, No.5, Taiyuan 1st St., Zhubei CityHsinchu County, Taiwan, R.O.C.　","26971266","investinfo@a-power.com.tw","https://www.a-power.com.tw","洪偉祥","管理師","26971299","investinfo@a-power.com.tw","https://www.a-power.com.tw/tw/corporate/item/csr-stakeholders","https://www.a-power.com.tw/tw/corporate/item/corporate-governance-operations"
"8271","宇瞻科技股份有限公司","宇瞻","半導體業","－","新北市土城區大安里忠承路32號1樓","	97444368","陳益世","執行長:張家騉","賴孜玟","財務長","張家騉","(02)22678000","1997/04/16","2010/12/29",新台幣                 10.0000元,1296142660,129614266,6041000,0,合併,每年,董事會,"凱基證券(股)公司股務代理部","(02)2389-2999","台北市重慶南路1段2號5樓","安侯建業聯合會計師事務所","尹元聖","施威銘","Apacer","1F,No.32,Zhongcheng Rd.Tucheng Dist.,New Taipei City 236,Taiwan","(02)22673410","public@apacer.com","www.apacer.com","林筱玫","經理","(02)22678000","public@apacer.com","https://www.apacer.com/zh/Csr/Interested","https://www.apacer.com/zh-tw/esgoverview/esg-overview"
"8341","日友環保科技股份有限公司","日友","綠能環保","－","雲林縣元長鄉元東路1之20號","	89922041","張芳正","張芳正","謝明宏","協理","張永典","05-7885788","1994/11/29","2015/03/23",新台幣                 10.0000元,1300000000,130000000,0,0,合併,每年,董事會,"福邦證券股份有限公司","(02)2371-1658","台北市中正區忠孝西路一段六號六樓","資誠聯合會計師事務所","黃金連","于智帆","SF　　","NO.1-20,YUN-DUNG RD.,YUN-CHANG HSIANG　　YUNLIN HSIEN,TAIWAN,R.O.C　　","05-7887933","sf@mail.sunnyfriend.com.tw","http://www.sunnyfriend.com.tw/","謝明宏","協理","0225795580#307","sf@mail.sunnyfriend.com.tw","http://www.sunnyfriend.com.tw/SunnyFriend/InterestedParty/IP01.html","https://www.sunnyfriend.com.tw/CorporateGovernance/GovernancePreface"
"8367","建新國際股份有限公司","建新國際","航運業","－","台中市梧棲區臺灣大道十段一號","	23250583","陳彥銘","柯勝鐘","柯勝鐘","總經理","陳秀寶","0426399666","1989/04/25","2018/09/12",新台幣                 10.0000元,921720310,92172031,0,0,合併,每年,董事會,"凱基證券股份有限公司","02-23892999","台北市重慶南路一段2號5樓","勤業眾信聯合會計師事務所","郭乃華","李麗凰","CS　","No.68, Sec. 3, Lingang Rd., Wuqi Dist.,Taichung City 435, Taiwan  R.O.C.　　","0426399555","cs-spokesman@chienshing.com.tw","www.chienshing.com.tw","柯勝鐘","總經理","0426399666","cs-spokesman@chienshing.com.tw","www.chienshing.com.tw","https://www.chienshing.com.tw/company01-1"
"8374","羅昇企業股份有限公司","羅昇","電機機械","－","新北市新莊區中原路558號12樓","	12486062","曾文興","李長堅","陳國美","財務長","黃映婷","02-2995-8400","1984/03/31","2008/12/25",新台幣                 10.0000元,1122504870,112250487,23000000,0,合併,每年,董事會,"台新綜合證券(股)公司股務代理部","(02)2504-8125","台北市建國北路一段96號地下一樓","安侯建業聯合會計師事務所","高靚玟","張惠貞","ACE PILLAR","12F., No. 558, Zhongyuan Rd., Xinzhuang Dist.,New Taipei City , Taiwan","02-2999-3775","denise_chen@acepillar.com.tw","www.acepillar.com","陳國美","資深處長","29958400#1130","denise_chen@acepillar.com.tw","https://www.acepillar.com/About/investor","https://www.acepillar.com/About/investor"
"8404","百和興業股份有限公司(開曼)","百和興業-KY","其他","KY","P.O.BOX 32052, Grand Cayman KY1-1208, Cayman Islands.","	26829193","鄭國火因","鄭新隆","張玉敏","經理","黃舒瓴","04-7561340","2006/11/06","2011/05/18",新台幣                 10.0000元,4199338840,419933884,0,0,合併,每年,董事會,"中國信託商業銀行代理部","02-6636-5566","臺北市重慶南路一段83號5樓","勤業眾信聯合會計師事務所","吳麗冬","吳少君","PAIHO  SHIH","NO.575 HO KANG RD, HO MEI TOWNCHANG HUA COUNTY, ROC","04-7570670","f182@paiho.com","http://www.kypaiho.com/","張玉敏","經理","04-7561340","f182@paiho.com","http://www.kypaiho.com/","http://www.kypaiho.com/"
"8411","福貞控股股份有限公司","福貞-KY","其他","KY","The Grand Pavilion Commercial Centre, Oleander Way, 802 West","	10913602","李榮福","莊素貞","李毓嵐","執行副總經理","藍建中","0937-841198","2009/08/26","2011/11/01",新台幣                 10.0000元,2184043190,218404319,0,0,合併,每季,董事會,"永豐金證券股份有限公司","02-2381-6288","台北市博愛路17號3樓","資誠聯合會計師事務所","劉美蘭","王玉娟","KINGCAN","The Grand Pavilion Commercial Centre, Oleander Way, 802 West Bay Road, P.O. BoCayman Islands","04-23291439","spokesman@kchld.com","www.kingcanholdings.com","李毓嵐","發言人","0937-841198","spokesman@kchld.com","www.kingcanholdings.com","http://tw.kingcan.net/%E5%85%AC%E5%8F%B8%E6%B2%BB%E7%90%86/"
"8422","可寧衛股份有限公司","可寧衛*","綠能環保","－","高雄市岡山區中山南路308號1樓","	16908140","楊慶祥","楊永發","陳聰田","營運長","洪秉承","07-6228422","1999/05/04","2011/10/05",新台幣                  1.0000元,1357391830,1357391830,0,0,合併,每年,董事會,"台新綜合證券(股)公司股務代理部","02-25048125","台北市建國北路一段96號地下一樓","勤業眾信聯合會計師事務所","施錦川","邱鏞銘","Cleanaway","1F., No.308, Zhongshan S. Rd., Gangshan Dist.,Kaohsiung City 820, Taiwan (R.O.C.)","07-6235977","8422@cleanaway.tw","http://www.cleanaway.tw","李香樺","投資人關係","0905268422","li.zooey@cleanaway.tw","https://www.cleanaway.tw/investor-stakeholder.html","https://www.cleanaway.tw/investor-manage.html"
"8429","金麗集團控股有限公司","金麗-KY","貿易百貨","KY","高雄市三民區博愛一路189號11樓(台灣辦事處)","	36986397","庄春龍","陳泓霖","庄春龍","董事長","潘哲倫","07-3223642","2010/12/15","2012/12/20",新台幣                 10.0000元,1857471510,185747151,0,0,合併,每年,股東會,"永豐金證券股務代理部","02-2381-6288","台北市博愛路17號3樓","信永中和聯合會計師事務所","郭鎮宇","陳光慧","Jinli","11F., No. 189, Bo'ai 1st Rd., Sanmin Dist.Kaohsiung City 807, Taiwan (R.O.C.)","07-3223642","poonchitlun@yahoo.com.hk","www.jinligroup.com.tw","潘哲倫","財務主管","07-3223642","poonchitlun@yahoo.com.hk","www.jinligroup.com.tw","http://www.jinligroup.com.tw/zh_TW/faq"
"8438","昶昕實業股份有限公司","昶昕","綠能環保","－","33759 桃園市大園區大工路19號","	23509611","陳國金","陳彥亨","陳彥亨","總經理","黃育賢","033860601","1989/10/23","2022/03/11",新台幣                 10.0000元,699430000,69943000,0,0,合併,每年,股東會,"中國信託商業銀行-代理部","0266365566","台北市重慶南路一段83號5樓","勤業眾信聯合會計師事務所","曾建銘","王攀發","AMIA","No.19, Dagong Rd., Dayuan Dist.Taoyuan City, Taiwan","033843385","more.huang@persee.com.tw","https://www.persee.com.tw","黃育賢","副總經理","033860601","more.huang@persee.com.tw","https://www.persee.com.tw/","https://www.persee.com.tw/???q?v?z-2-2/"
"8442","威宏控股股份有限公司","威宏-KY","其他","KY","P. O. Box 31119 Grand Pavilion, Hibiscus Way, 802 West Bay R","	50684485","洪維謙","許新居","許新居","總經理","王棠楷","(02)2298-2927","2009/11/27","2016/11/08",新台幣                 10.0000元,701697640,70169764,0,0,合併,每年,董事會,"永豐金證券股份有限公司","(02)2381-6288","台北市中正區博愛路17號3樓","安侯建業聯合會計師事務所","周寶蓮","李(禾方)儀","WW","P. O. Box 31119 Grand Pavilion, Hibiscus Way, 802 West Bay RoadGrand Cayman, KY1 - 1205 Cayman Islands","(02)2298-3159","IR@ww-holding.com.tw","http://www.ww-holding.com.tw/","王棠楷","財會副總","(02)2298-2927","alexwang@ww-holding.com.tw","http://www.ww-holding.com.tw/","https://www.ww-holding.com.tw/esg-%e5%b0%88%e5%8d%80/"
"8443","阿瘦實業股份有限公司","阿瘦","貿易百貨","－","(104)台北市中山區松江路168號6樓","	80511709","羅榮岳","羅榮岳暫代","羅麗玲","副總經理","劉瑞翔","(02)6618-9999","2003/08/25","2014/09/15",新台幣                 10.0000元,668000000,66800000,0,0,合併,每季,董事會,"凱基證券股份有限公司股務代理部","(02)2389-2999","台北市重慶南路一段2號5樓","安侯建業聯合會計師事務所","陳蓓琪","于紀隆","ASO","6F., No.168, Songjiang Rd., Jhongshan DistrictTaipei City, Taiwan","(02)6618-1333","IR@mail.aso.com.tw","www.asogroup.com.tw","羅麗玲","副總經理","02-66189999","IR@mail.aso.com.tw","www.asogroup.com.tw","http://www.asogroup.com.tw/companyInfo08.aspx"
"8454","富邦媒體科技股份有限公司","富邦媒","數位雲端","－","台北市內湖區洲子街96號4樓","	27365925","蔡明忠","谷元宏","谷元宏","總經理","呂鈺萍","(02)2162-6688","2004/09/27","2014/12/19",新台幣                 10.0000元,2649752750,264975275,0,0,合併,每年,股東會,"富邦綜合證券股份有限公司","(02)2361-1300","台北市中正區許昌街17號11樓","勤業眾信聯合會計師事務所","陳俊宏","劉紋伶","momo","4F.,No.96,Zhouzi St.,Neihu Dist.,Taipei City 11493Taiwan(R.O.C)","(02)2162-6696","spokesperson@fmt.com.tw","https://corp.momo.com.tw/","呂鈺萍","財會處副總經理","886-2-2162-6688","ir@fmt.com.tw","https://corp.momo.com.tw/stakeholder/stakeholderComm","https://corp.momo.com.tw/investor/director"
"8462","柏文健康事業股份有限公司","柏文","運動休閒","－","高雄市左營區博愛四路238號8樓","	27693238","陳尚義","林洵賢","繆尚志","財務長暨公司治理主管","吳幸樺","07-3488000","2005/10/04","2019/03/15",新台幣                 10.0000元,792920630,79292063,0,0,合併,每年,董事會,"永豐金證券股份有限公司","02-23816288","台北市中正區博愛路17號3樓","安永聯合會計師事務所","陳政初","洪國森","Power Wind","8F., No. 238, Bo-ai 4th Rd., Zuoying Dist.Kaohsiung City, Taiwan(R.O.C.)","07-3487000","service@pwind.com.tw","www.powerwindhealth.com.tw","繆尚志","財務長暨公司治理主管","07-3488000","finance@pwind.com.tw","https://www.powerwindhealth.com.tw/tw/esg/stakeholders","https://www.powerwindhealth.com.tw/tw/esg/governance"
"8463","潤泰精密材料股份有限公司","潤泰材","其他","－","台北市八德路2段308號10F","	86871981","莫惟瀚","林依潔","林依潔","總經理","吳博翀","81619989","1992/09/23","2015/07/13",新台幣                 10.0000元,1500000000,150000000,0,0,合併,每年,股東會,"元大證券股份有限公司","25865859","台北市大安區敦化南路二段67號地下1層、69號地下、65號10樓","資誠聯合會計師事務所","黃金連","張淑瓊","RTM","10/F,No.308,Sec.2,Bade  RoadTaipei , Taiwan , R.O.C.","81617968","cmc@mail.ruentex.com.tw","http://www.rtm.com.tw","吳博翀","協理","81619989","Rt020496@mail.ruentex.com.tw","http://www.rtm.com.tw/chinese/ir/overview.php","https://www.rtm.com.tw/chinese/ir/company.php"
"8464","億豐綜合工業股份有限公司","億豐","居家生活","－","臺中市西屯區市政北七路98號26樓之1","	28696894","粘耿豪","粘肇紘","祝宗偉","財務長","廖偉志","(04)3600-0999","2007/07/26","2015/12/22",新台幣                 10.0000元,2930202000,293020200,0,0,合併,每年,董事會,"富邦綜合證券(股)公司股務代理部","(02)2361-1300","台北市中正區許昌街17號11樓","安永聯合會計師事務所","陳明宏","&#20931;清淵","Nien Made","26F.-1, No. 98, Shizheng N. 7th Rd., Xitun Dist.,Taichung City 407, Taiwan (R.O.C.)","(04)3601-9100","inquiry.nm@nienmade.com.tw","http://www.nienmade.com.tw/","廖偉志","特助","(04)3600-0999","ESG@nienmade.com.tw","http://www.nienmade.com.tw/","https://www.nienmade.com.tw/ESG.aspx"
"8466","美吉吉國際股份有限公司","美吉吉-KY","其他","KY","The Grand Pavilion Commercial Centre, Oleander Way, 802 West","	50640945","陳本源","吳建輝","黃建&#21414;","經理","陳怡秀","0222684666","2010/10/08","2016/11/01",新台幣                 10.0000元,798256280,79825628,0,0,合併,每年,董事會,"中國信託商業銀行股份有限公司","0266365566","台北市中正區重慶南路一段83號5樓","勤業眾信聯合會計師事務所","梁盛泰","陳招美","M.J.","No.126 Danuan Rd., Tucheng Dist.New Taipei City 23676, Taiwan","0222684115","IR@mjig.com","www.mjig.com","黃建&#21414;","經理","0222684666","IR@mjig.com","www.mjig.com","http://www.mjig.com/ch/investor.php"
"8467","波力環球企業股份有限公司","波力-KY","運動休閒","KY","PO Box 309, Ugland House, Grand Cayman, KY1-1104, Cayman Isl","	47442040","洪芳蘭","洪進山","戴珮君","財會處處長","待董事會聘任","(04)2537-6022","2013/07/10","2015/12/15",新台幣                 10.0000元,483735750,48373575,0,0,合併,每季,董事會,"永豐金證券股份有限公司","(02)2381-6288","台北市博愛路17號3樓","安永聯合會計師事務所","羅文振","陳明宏","BONNY","No.15, Ln. 64, Minsheng St., Tanzi DistTaichung City 427, Taiwan","(04)2536-5842","bonnyir@bonnysports.com","http://bonnyworldwide.com/","戴珮君","財會處處長","(04)2537-6022","bonnyir@bonnysports.com","http://bonnyworldwide.com/","https://www.bonnyworldwide.com/tw/governance/index.aspx?num=14&kind=18"
"8473","山林水環境工程股份有限公司","山林水","綠能環保","－","台北市吉林路99號3樓","	27329077","郭又綺","吳人傑","楊欣紋","資深經理","黃雅卿","02-2100-2195","2004/06/10","2016/09/08",新台幣                 10.0000元,1811984460,181198446,10676119,0,合併,每年,董事會,"兆豐證券股份有限公司股務代理部","02-3393-0898","台北市忠孝東路二段95號1樓","安侯建業聯合會計師事務所","張淑瑩","潘俊名","FOREST WATER","3F, No99, Jilin Rd., Zhongshan Dist.,Taipei City, Taiwan(R.O.C)","02-2100-2196","carly@mfw.com.tw","www.mfw.com.tw","林明志","公司治理主管","02-2100-2288 #5249","jefflin@rhd.com.tw","http://www.mfw.com.tw/responsibility.html","http://www.mfw.com.tw/responsibility.html"
"8476","台境企業股份有限公司","台境*","綠能環保","－","高雄市苓雅區中正二路175號30樓之1","	80369745","郭人豪","林睿達","龔信愷","財務長","林宇茂","(07)222-9115","2003/12/23","2023/10/31",新台幣                  5.0000元,831131790,166226358,0,0,合併,每年,董事會,"凱基證券股份有限公司","(02)2389-2999","10044台北市中正區重慶南路一段2號5樓","安侯建業聯合會計師事務所","潘俊名","高鈺倫","TESC","30F-1, No. 175, Zhongzheng 2nd Rd., Lingya Dist.,Kaohsiung City 802, Taiwan (R.O.C.)","(07)222-9338","ko.yao.chih@tesc.com.tw","www.tesc.com.tw","龔信愷","財務長","(07)222-9115","kungcfo@tesc.com.tw","www.tesc.com.tw/corporate_equity_structure.html","http://www.tesc.com.tw/corporate_governance.html"
"8478","東哥企業股份有限公司","東哥遊艇","運動休閒","－","高雄市前鎮區金福路1號","	85798816","闕慶承","曾雄威","曾雄威","總經理","呂宜澄","07-8314126","1978/01/23","2017/12/11",新台幣                 10.0000元,939722760,93972276,0,0,合併,每年,股東會,"凱基證券股份有限公司","(02)2389-2999","台北市重慶南路一段2號5樓","勤業眾信聯合會計師事務所","劉承翰","劉裕祥","Ocean Alexander","No.1, Jin-Fu Rd., Qian-Zhen Dist.806 Kaohsiung City, Taiwan, R.O.C.","07-8219495","ir@oceanalexander.com.tw","https://oceanalexander.com/zh-hans/","呂宜澄","經理","07-8314126","ir@oceanalexander.com.tw","https://oceanalexander.com.tw/?????g??/§Q?`???Y?H/","https://oceanalexander.com.tw/§????H???Y/???q?v?z/????·|/"
"8481","政伸企業股份有限公司","政伸","其他","－","台中市西屯區工業區十二路六號","	22396792","洪招儀","李煜培","洪國智","董事長室特別助理","張耀元","04-23593687","1987/02/23","2017/02/24",新台幣                 10.0000元,666018660,66601866,0,0,合併,每年,董事會,"第一金證券股份有限公司","02-25635711","台北市大安區安和路一段27號6樓","安侯建業聯合會計師事務所","張字信","陳燕慧","Transart","No.6, The 12th Road, Taichung Ind.Park,Taichung 407, TAIWAN","04-23591243","public@transart.com.tw","http://www.transart.com.tw/","梁碧君","股務人員","(04)2359-3687 #633","judy@transart.com.tw","http://www.transart.com.tw/","https://www.transart.com.tw/investor/index/5"
"8482","商億全球控股有限公司","商億-KY","居家生活","KY","P.O.Box 31119 Grand pavilion,Hibiscus Way,802 West Bay Road,","	82172064","謝智通","謝淑韞","林芳毅","財務長","江韻如","02-77111060","2014/09/30","2018/08/15",新台幣                 10.0000元,1074440000,107444000,0,0,合併,每年,股東會,"凱基證券股務代理部","02-23892999","台北市重慶南路一段2號5樓","勤業眾信聯合會計師事務所","張耿禧","劉力維","Shane Global","2F,No.97,Sec.2,Dunhua S.Rd.,Daan Dist.,Taipei City 10682","02-77117288","ann_chiang@shayne.com.tw","http://www.shaneglobal.com.tw","林芳毅","財務長","+86-571-5859-2248","david_lin@shayne.com.tw","http://www.shaneglobal.com.tw","https://www.shaneglobal.com.tw/investor/corporate_governance"
"8487","愛爾達科技股份有限公司","愛爾達-創","數位雲端","－","台北市中正區中華路一段41號4樓","	70542247","陳怡君","陳怡君","江瑋玲","內容長","謝思毅","02-23411100","2000/03/28","2024/03/26",新台幣                 10.0000元,265350000,26535000,0,0,個別,每年,董事會,"宏遠證券股份有限公司","02-23268818","台北市大安區信義路4段236號3樓","勤業眾信聯合會計師事務所","劉怡青","吳世宗","ELTA","4F., NO.41, Sec. 1, Jhonghua Rd.,Taipei City 100, Taiwan(R.O.C)","02-23410488","eltaipo@elta.com.tw","www.elta.com.tw","許牧群","財務長","2341-1100","elta_ir@elta.com.tw","https://www.elta.com.tw/investor/stakeholders","https://www.elta.com.tw/investor/corporate_governance"
"8488","吉源控股股份有限公司","吉源-KY","其他","KY","P. O. Box 31119 Grand Pavilion, Hibiscus Way, 802 West Bay R","	47848647","林漢清","陳金龍","林子閔","執行副總","李宗憲","06-289-5658","2014/03/27","2016/12/13",新台幣                 10.0000元,735000000,73500000,0,0,合併,每年,股東會,"中國信託商業銀行代理部","02-66365566","台北市中正區重慶南路一段八十三號五樓","資誠聯合會計師事務所","葉翠苗","林佳鴻","JYPKG","No.197, Sec. 1, Funong St., East Dist.Tainan City 701, Taiwan","06-267-6528","ir@jypkg.com","http://www.jypkg.com","林子閔","執行副總","06-289-5658","ir@jypkg.com","http://www.jypkg.com","http://www.jypkg.com/ir02.html"
"8499","鼎炫投資控股股份有限公司","鼎炫-KY","其他電子業","KY","新北市五股區五權七路20號1樓","	72780928","傅青炫","傅秀月","傅秀月","總經理","傅羿揚","0222265102","2013/11/08","2017/11/24",新台幣                 10.0000元,411655570,41165557,0,0,合併,每年,股東會,"中國信託商業銀行股務代理部","0266365566","台北市重慶南路一段83號5樓","勤業眾信聯合會計師事務所","彭以驊","曾建銘","TOP BRIGHT","1F., No. 20, Wuquan 7th Rd.,Wugu District, New Taipei City, Taiwa","0222265172","finance@tscale.com.tw","http://topbright.taiwanscale.com","傅秀月","總經理","0222265102","finance@tscale.com.tw","http://topbright.taiwanscale.com/cn/relationship_cn.asp?relationship_class=producthistory","http://topbright.taiwanscale.com/cn/investment_subclass_cn.asp?subclass=actions"
"8926","台灣汽電共生股份有限公司","台汽電","油電燃氣業","－","北市內湖區瑞光路392號6樓","	86685142","王振勇","陳意通","陳意通","總經理","周尚恆","8798-2000","1992/05/07","2003/08/25",新台幣                 10.0000元,7302820000,730282000,0,0,合併,每年,股東會,"凱基證券股份有限公司股務代理部","(02)2389-2999","台北市重慶南路一段2號5樓","勤業眾信聯合會計師事務所","陳招美","虞成全","TCC　　","6F,392,Rui Guang Road　Taipei, Taiwan　　","8798-2020","account@cogen.com.tw","www.cogen.com.tw","周尚恆","財務部經理","8798-2000#620","sam@cogen.com.tw","https://www.cogen.com.tw/tw/Contact-us","https://esg.cogen.com.tw/tw/"
"8940","新天地國際實業股份有限公司","新天地","觀光餐旅","－","台中市東區旱溪東路1段456號","	84435578","歐宗憲","歐政宏","陳銘琿","執行副總","歐宗憲","(04)22475222","1993/07/19","2009/05/15",新台幣                 10.0000元,674910320,67491032,0,0,合併,每年,股東會,"富邦綜合證券股務代理部","(02)23611300","100415台北市中正區許昌街17號11樓","安永聯合會計師事務所","黃宇廷","賴書晨","New Palace","B1、1F-1、1F-2、2F、3F, NO.456 Han Shi Dong Rd.Taichung, Taiwan, R. O. C.　","(04)22419976","ml08220601@newpalace.com.tw","www.newpalace.com.tw","陳銘琿","執行副總","(04)22475222","bill@newpalace.com.tw","https://www.newpalace.com.tw/investors","https://www.newpalace.com.tw/investors"
"8996","高力熱處理工業股份有限公司","高力","電機機械","－","桃園市中壢區吉林北路5-2號","	35319185","吳誌雄","王心五","吳俊英","副總經理","莊瑞琴","03-4527005-9","1970/10/11","2014/02/14",新台幣                 10.0000元,924829440,92482944,0,0,合併,每年,董事會,"兆豐證券股份有限公司","(02)3393-0898","台北市忠孝東路二段95號1樓","勤業眾信聯合會計師事務所","蘇郁琇","陳文香","KAORI　","NO5-2, CHI-LIN NORTH ROAD,CHUNG-LI INDUSTRIAL ZONE　CHUNG-LI CITY, TAIWAN, ROC　　","03-4525505","gilbert_wu@kaori.com.tw","https://www.kaori.com.tw/","吳俊英","副總經理","03-4527005#325","gilbert_wu@kaori.com.tw","https://www.kaori.com.tw/tw/modules/investors/stakeholder","https://www.kaori.com.tw/tw/modules/investors/main"
"9103","美德向邦醫療國際股份有限公司","美德醫療-DR","存託憑證","BM","台北市信義區松高路9號11樓","	00000000","楊克誠","楊威遠","林逸清","財務長","楊宛蒨","02-27392222","1997/11/26","2002/12/13",美金0.05元,827042000,549411240,0,0,合併,每年,股東會,"元大證券股務代理部","(02)2586-5859","(106)臺北市大安區敦化南路2段67號地下一樓","Baker Tilly TFW LLP","王建源","-","MEDTECS","11F,NO.9,Songgao Road,Xinyi District,Taipei CITY 11073,TaiwanTaipei Taiwan","(02)2729-8055","investor.relations@medtecs.com","www.medtecs.com","－","－","－","－","－","－"
"910322","康師傅控股有限公司","康師傅-DR","存託憑證","KY","中國上海閔行區吳中路1688號A棟","	00000000","魏宏名","魏宏名","林清棠","副總裁","劉國維86-21-31753564","86-2131753698","1994/01/12","2009/12/16",美金0.0050元,916513457,5620600000,0,0,合併,每年,股東會,"元大證券股份有限公司","(02)2586-5859","臺北市大安區敦化南路2段67號地下一樓","富睿瑪澤會計師事務所有限公司","陳志明","不適用","Tingyi","Block A, No.1688, WuZhong Rd.,MinHang DistrictShanghai, China 201103","862131754320","info@tingyi.com","http://www.masterkong.com.cn/","－","－","－","－","－","－"
"9105","泰金寶科技股份有限公司","泰金寶-DR","存託憑證","TH","新北市深坑區北深路三段147號","	00000000","許介立","鄒孔訓","周怡君","經理","羅家珠","02-7705-8001","1989/12/02","2003/09/22",泰銖1元,9383139832,10450002831,0,0,合併,每年,股東會,"亞東證券股份有限公司","02-77531699","新北市板橋區新站路16 號13 樓","安永聯合會計師事務所","Naraya Srisukh","N/A","CCET","No.147, Sec 3, Beishen Rd, Shen Keng Dist,New Taipei City 222,Taiwan R.O.C","02-7705-8034","ir@calcomp.com.tw","http://www.calcomp.co.th","－","－","－","－","－","－"
"910861","神州數碼控股有限公司","神州-DR","存託憑證","BM","香港灣仔告士打道77-79 號富通大廈31樓","	00000000","郭為","郭為","董帥","財務部總經理","王自強","852 3416 8000","2001/01/25","2010/11/24",港幣0.1元,644726418,1673607386,0,0,合併,每年,股東會,"宏遠證券股份有限公司","(02) 23268818","臺北市信義路4段236號3樓","信永中和(香港)會計師事務所公司","彭衛恆","NA","DCH","31/F,Fortis Tower,77-79 Gloucester Road,Wanchai, Hong KongHong Kong","852 2805 5991","dch-ir@dcholdings.com","www.dcholdings.com","－","－","－","－","－","－"
"9110","越南製造加工出口控股有限公司","越南控-DR","存託憑證","KY","越南同奈省邊和市三協坊第五區","	00000000","葉蕙棻","吳睿蕎","吳睿蕎","行政總裁","林俊宇","(852)25621692","2005/06/20","2009/12/03",0.01,38168000,907680000,0,0,合併,每年,股東會,"富邦綜合證券股份有限公司","(02)2361-1300","台北市中正區許昌街17號11樓","畢馬威華振會計師事務所","無","無","VMEP Holdings","Section 5, Tam Hiep WardBien Hoa City, Dong Nai , Vietnam","(852)25621691","info@vmeph.com","www.vmeph.com","－","－","－","－","－","－"
"911608","明輝環球企業有限公司","明輝-DR","存託憑證","SG","8 Penjuru Lane,Singapore 609189","	26264842","林翔寬","-","林翔寬","執行長","蔡志偉","(65)6291-4444","2004/04/23","2010/10/20",不適用,526896000,480000000,0,0,合併,每年,股東會,"元大證券股務代理部","(02)2586-5859","(106)台北市大安區敦化南路二段67號地下一樓","Baker Tilly TFW LLP","-","-","BH Global","8 Penjuru Lane,Singapore 6091898 Penjuru Lane,Singapore 609189","(65)6265-1768","keegan@bhglobal.com.sg","http://www.bhglobal.com.sg/","－","－","－","－","－","－"
"911622","聚亨企業集團(泰國)大眾有限公司","泰聚亨-DR","存託憑證","TH","99 Moo1, Tumbon Nikompattana, Amphur Nikompattana, Rayong TH","	26064801","黃文松","黃炳綸","黃炳綸","總經理","黃鳳梅","+66-38-636800","1996/09/09","2011/09/29",泰銖7.5元,3714761903,596748900,0,0,合併,每年,股東會,"福邦證券股份有限公司","02-23711658","台北市中正區忠孝西路一段6號6樓","安永聯合會計師事務所","Khitsada Lerdwana","不適用","TYCN","99 Moo1, Tumbon Nikompattana, Amphur Nikompattana,Rayong 21180 Thailand","+66-38-636969","tycoons@tycons.com","www.tycons.com","－","－","－","－","－","－"
"911868","同方友友控股有限公司","同方友友-DR","存託憑證","KY","香港干諾道西118號34樓3405 室","	00000000","連琛瑋","-","謝漢良","-","何育明","(852)27862329","2006/10/06","2009/12/22",HKD 0.1,356242582,2109163417,0,0,合併,每年,股東會,"富邦綜合證券股務代理部","02-23611300","100415 台北市中正區許昌街 17 號 11 樓","安永會計師事務所","不適用","不適用","Neo-Neon","Unit 3405, 34/F., 118 Connaught Road West, Hong KongHong Kong","(852)27862479","zcb@neo-neon.com","http://www.neo-neon.com/","－","－","－","－","－","－"
"912000","晨訊科技集團有限公司","晨訊科-DR","存託憑證","BM","香港觀塘鴻圖道31號鴻貿中心12樓1206室","	00000000","王祖同","朱琪","朱文輝","財務總監及公司秘書","N/A","(852)23686824","2004/10/27","2011/04/25",0.1,1063575000,2362546300,0,0,合併,每年,股東會,"元大證券(股)公司股務代理部","(02)2586-5859","臺北市大安區敦化南路2段67號地下一樓","德勤．關黃陳方會計師行","不適用","不適用","SIM TECH","Unit 1206, 12/F., Billion Trade Centre, 31 Hung To Road, Kwun Tong, Hong KongHong Kong","(852)23676724","karen.chan@sim.com","http://www.sim.com","－","－","－","－","－","－"
"9136","巨騰國際控股有限公司","巨騰-DR","存託憑證","KY","香港康樂廣場1號怡和大廈33樓3311-3312室","	00000000","鄭立育","N/A","黃正斌","特別助理","N/A","852-28400115","2004/07/12","2009/05/25",0.1,440764000,1200008445,0,0,合併,每年,股東會,"元大證券股份有限公司","02-2586-5859","臺北市大安區敦化南路2段67號地下一樓","安永會計師事務所","鄺嘉茵","NA","Ju Teng","Suites 3311-3312, 33rd Floor, Jardine House, 1 Connaught PlaceHong Kong","852-28401023","ir@juteng-intl.com","http://www.juteng.com.hk/","－","－","－","－","－","－"
"9802","鈺齊國際股份有限公司","鈺齊-KY","運動休閒","KY","臺灣雲林縣斗六市雲科路三段76號(訴訟及非訴訟代理人聯絡處)","	39737838","林文智","廖芳祝","廖志誠","執行副總","洪健朝","(886)55514619","2009/11/24","2012/10/18",新台幣                 10.0000元,2009916730,200991673,0,0,合併,每半會計年度,董事會,"中國信託商業銀行股份有限公司","(02)6636-5566","台北市100中正區重慶南路一段83號5樓","資誠聯合會計師事務所","梁華玲","王玉娟","Fulgent Sun","No.76 Sec.3, Yunke Rd,Douliu City,Yunlin Country,Taiwan,R.O.C.","(886)55514630","service@fulgentsun.com","http://www.fulgentsun.com","張家華","高專","(886)55514619","service@fulgentsun.com","http://www.fulgentsun.com/contact.asp","https://www.fulgentsun.com/investors01_4.asp"
"9902","台火開發股份有限公司","台火","其他","－","台北市中正區延平南路七十五號二、三樓","	03562308","李泰祺","陳文正","陳文正","總經理","林&#32137;香","(02)2311-8531","1950/01/14","1964/07/14",新台幣                 10.0000元,980496000,98049600,0,0,合併,每年,股東會,"永豐金證券(股)公司股務代理部","(02)2381-6288","100台北市中正區博愛路17號3樓","大中國際聯合會計師事務所","林寬照","張卉諭","TIDEHOLD","2-3FL., 75, Yan-Ping S. Road.Taipei, Taiwan, R.O.C.","(02)2371-8132","services@tidehold.com","http://www.tidehold.com","林&#32137;香","財務處協理","(02)2311-8531","hhlin@tidehold.com","http://www.tidehold.com/interested_parties/interested_parties.html","https://www.tidehold.com/governance/organization.html"
"9904","寶成工業股份有限公司","寶成","運動休閒","－","台中市西屯區台灣大道四段600號","	58711014","吳邦治","盧金柱","游淑惠","副協理","周吟紛","04-24615678","1969/09/04","1990/01/19",新台幣                 10.0000元,29467872130,2946787213,0,0,合併,每年,董事會,"元大證券股份有限公司","02-25865859","台北市大安區敦化南路二段67號B1","勤業眾信聯合會計師事務所","黃毅民","吳恪昌","PCC","No.600, Sec. 4, Taiwan Blvd., Xitun Dist., Taichung City 407, Taiwan (R.O.C.)TAICHUNG,TAIWAN, R.O.C. 40764","04-24606668","ir@pouchen.com","www.pouchen.com","周吟紛","副協理","04-24615678#7839","ir@pouchen.com","http://www.pouchen.com/index.php/stakeholders","https://www.pouchen.com/index.php/tw/esg/corporate-governance"
"9905","大華金屬工業股份有限公司","大華","其他","－","台北市松江路293之805號","	04403363","姜明理","姜明德","姜佳君","公司治理主管","林庭億","(02)25030340","1973/11/26","1990/08/08",新台幣                 10.0000元,3050000000,305000000,0,0,合併,每年,股東會,"群益金鼎證券股份有限公司","(02)27023999","台北市大安區敦化南路二段97號地下二樓","勤業眾信聯合會計師事務所","劉明賢","鄭欽宗","GCM","NO.293-805,SUNG CHIANG RD.TAIPEI,TAIWAN.","(02)25081196","gcmtai@greatchina.com.tw","https://www.greatchina.com.tw","姜佳君","公司治理主管","(02)29015153","jessie@greatchina.com.tw","https://www.greatchina.com.tw/stakeholder/","https://www.greatchina.com.tw/board-of-directors/#investor-show"
"9906","欣巴巴事業股份有限公司","欣巴巴","建材營造","－","高雄市前鎮區民權二路6號27樓","	33428716","黃〝火冏〞輝","張宏圖","李鎮宇","財務長","黃秀媚","07-5378899","1967/01/16","1990/12/15",新台幣                 10.0000元,903763580,90376358,0,0,合併,每年,董事會,"台新綜合證券股務代理部","(02)2504-8125","台北市建國北路一段96號地下一樓","安永聯合會計師事務所","陳政初","李芳文","HSIN BA BA","27F., No.6, Minquan 2nd Rd., Qianzhen Dist.,Kaohsiung City 80661, Taiwan (R.O.C.)","07-5377699","hsinbabair@baba6688.com.tw","http://www.hsinbaba.com.tw","黃詮閎","會計主管","07-5361624","hsinbabair@baba6688.com.tw","http://www.hsinbaba.com.tw","https://www.hsinbaba.com.tw/Enterprise/Index2"
"9907","統一實業股份有限公司","統一實","其他","－","台南市永康區蔦松里中正北路837號","	73252657","羅智先","徐金成；張祐信","張祐信","總經理","徐金成；林美香","06-2531131","1969/04/14","1991/01/29",新台幣                 10.0000元,15791453420,1579145342,0,0,合併,每年,股東會,"統一綜合證券(股)公司股務代理部","02-27463797","台北市松山區東興路8號地下1樓","資誠聯合會計師事務所","葉芳婷","田中玉","TON YI","No.837, Zhongzheng N. Rd., Yongkang Dist.,Tainan City , Taiwan (R.O.C.)","06-2535222","tty@tonyi.com.tw","https://www.tonyi.com.tw","林美香","經理","06-2531131","ir-tonyi@tonyi.com.tw","https://www.tonyi.com.tw/contact.php","https://www.tonyi.com.tw/invest.php"
"9908","大台北區瓦斯股份有限公司","大台北","油電燃氣業","－","台北市光復北路11巷35號1,2,4,5,13樓","	11072304","吳東進","鄭嘉耘","陳信良","協理","吳德信","2768-4999","1964/10/24","1991/02/06",新台幣                 10.0000元,5163580000,516358000,0,0,合併,每年,股東會,"新光證券(股)公司股務代理部","(02)23118787","台北市中正區重慶南路一段66之1號11樓","勤業眾信聯合會計師事務所","曾建銘","劉書琳","GTG","5FL., NO.35, LANE 11 KWANG-FU NORTH RD.TAIPEI, TAIWAN, R.O.C.","27687522","k2@taipeigas.com.tw","www.taipeigas.com.tw","陳信良","協理","27684999-105","liang@taipeigas.com.tw","http://www.taipeigas.com.tw/IR/","https://www.taipeigas.com.tw/IR/governance"
"9910","豐泰企業股份有限公司","豐泰","運動休閒","－","雲林縣斗六市科工八路52號","	63400932","王建弘","陳昭吉","許芳瑋","董事會辦公室主任","李宗鴻","05-5379100","1971/07/29","1992/02/18",新台幣                 10.0000元,9874828310,987482831,0,0,合併,每年,股東會,"群益金鼎證券股份有限公司","02-27023999","台北市敦化南路2段97號B2","安侯建業聯合會計師事務所","郭柔蘭","陳盈如","FT","NO.52 KEGONG 8TH ROADDOULIOU CITY, YUNLIN COUNTY 64064, TAIWA","05-5379105","stella.hsu@fengtay.com","www.fengtay.com","許芳瑋","董事會辦公室主任","05-5379100","stella.hsu@fengtay.com","https://www.fengtay.com/chinese/05_contact/03_stackholder.aspx","https://www.fengtay.com/tw/investor/governance"
"9911","台灣櫻花股份有限公司","櫻花","居家生活","－","台中市大雅區雅潭路4段436號","	23113940","張永杰","李惠恂","李秋玉","資深經理","詹秀琪","(04)2566-6106","1988/10/20","1992/07/16",新台幣                 10.0000元,2223895840,222389584,0,0,合併,每年,董事會,"中國信託商業銀行代理部","(02)6636-5566","台北市重慶南路一段83號3樓","安永聯合會計師事務所","黃宇廷","黃子評","TAIWAN SAKURA","No.436,Sec. 4,Yatan Rd.,Daya Dist.,Taichung City,Taiwan","(04)2305-2986","1005670@sakura.com.tw","www.sakura.com.tw","李秋玉","資深經理","(04)2566-6106#529","1005670@sakura.com.tw","https://www.sakura.com.tw/About","https://www.sakura.com.tw/About"
"9912","偉聯科技股份有限公司","偉聯","電腦及週邊設備業","－","台北市南港區園區街3之1號五樓之1","	20792640","皮華中","趙欣媛","趙欣媛","總經理","鹿琬為","02-26558080","1978/05/18","1992/08/08",新台幣                 10.0000元,541705690,54170569,0,0,合併,每年,股東會,"群益金鼎證券股份有限公司","02-27023999","台北市大安區敦化南二段97號地下二樓","安侯建業聯合會計師事務所","簡思娟","劉振興","AIC","5F-1, No. 3-1, Park Street, Nangang District, Taipei, 11503, TaiwanTaipei,Taiwan, R.O.C.","02-26557878","stockaffairs@agneovo.com","http://www.agneovo.com/","鹿琬為","副總經理","02-26558080#601","stockaffairs@agneovo.com","https://www.agneovo.com/tw/corporate-governance/stakeholders-area","https://www.agneovo.com/tw/corporate-governance"
"9914","美利達工業股份有限公司","美利達","運動休閒","－","彰化縣大村鄉美港村美港路116號","	59052361","曾崧柱","曾上原","張振墉","行銷本部副總","吳明風","(04)8526171","1972/09/29","1992/09/30",新台幣                 10.0000元,2989838000,298983800,0,0,合併,每年,股東會,"元大證券股份有限公司","(02) 25865859","106臺北市大安區敦化南路2段67號地下一樓","勤業眾信聯合會計師事務所","吳少君","曾棟鋆","MIC","NO. 116 MEGAN ROAD,DACUN TOWNSHIPCHANGHUA COUNTY,TAIWAN, R.O.C.","(04)8527881","bicycle@merida.com.tw","https://www.merida-bikes.com/zh-tw/","張振墉","行銷本部副總","(04)8526171","daryl@merida.com.tw","https://www.merida-bikes.com/zh-tw/p/tou-zi-ren-zi-xuninvestors/tou-zi-ren-zi-xun-352.html","https://www.merida-bikes.com/zh-tw/p/tou-zi-ren-zi-xuninvestors/tou-zi-ren-zi-xun-352.html#widget-62"
"9917","中興保全科技股份有限公司","中保科","其他","－","台北市南港區經貿二路135號13樓","	12148598","林建涵","林建涵","張惠清","副總經理","李定銓","25575050","1977/11/08","1993/12/08",新台幣                 10.0000元,4511970930,451197093,0,0,合併,每年,股東會,"元大證券股份有限公司股務代理部","(02)2586-5859","臺北市大安區敦化南路2段67號地下一樓","安永聯合會計師事務所","余倩如","王瑄瑄","TAIWAN SECOM","13 F., No. 135, Jingmao 2nd Rd., Nangang Dist., Taipei CityTAIPEI,TAIWAN","25571115","fenshop@SECOM.COM.TW","WWW.SECOM.COM.TW","張惠清","副總經理","25575050-803","kikiya123@secom.com.tw","http://www.secom.com.tw/about/about_01.aspx?cid=2014010001&id=2015010001","https://www.secom.com.tw/"
"9918","欣欣天然氣股份有限公司","欣天然","油電燃氣業","－","新北市中和區新民街29號8樓","	33665843","陳何家","柳惠千","簡益信","副總經理","廖崇義","29217811","1971/05/01","1994/04/26",新台幣                 10.0000元,1805374530,180537453,0,0,合併,每年,董事會,"凱基證券股份有限公司股務代理部","23892999","台北市重慶南路一段二號五樓","立本台灣聯合會計師事務所","柯俊輝","王麗燕","S.S.N.G","8 F., No. 29, Xinmin St.Zhonghe Dist.,New Taipei City Taiwan","29253004","ssngas11@ms67.hinet.net","http://www.shinshingas.com.tw","黃逸揚","財務部經理","29218548","yiyoun5392@shinshingas.com.tw","https://www.shinshingas.com.tw/sustainable_02.html","https://www.shinshingas.com.tw/shareowner_manage_2020.aspx"
"9919","康那香企業股份有限公司","康那香","其他","－","台南市佳里區民安里同安寮77-1號","	74231126","戴華銘","戴秀玲","吳政蓉","副總經理","賴亭甫","(02)2345-9909","1971/12/10","1994/11/04",新台幣                 10.0000元,1953627500,195362750,0,0,合併,每年,董事會,"凱基證券股份有限公司股務代理部","(02)2389-2999","台北市重慶南路一段二號五樓","資誠聯合會計師事務所","黃珮娟","支秉鈞","KNH","27F., No. 456, Section 4, Xinyi Road, Xinyi DistrictTaipei City 110501, Taiwan","(02)2345-6299","knh@knh-global.com","https://www.knh.com.tw/homepage.html","吳政蓉","副總經理","(02)2345-9909-2800","knh@knh-global.com","https://www.knh.com.tw/share4.html","https://www.knh.com.tw/govermance.html"
"9921","巨大機械工業股份有限公司","巨大","運動休閒","－","台中市西屯區東大路一段997&999號","	56054251","劉湧昌","劉素娟","李書耕","全球公關暨行銷負責人","葉蘋萱","(04)-24609099","1972/10/27","1994/12/29",新台幣                 10.0000元,3920653950,392065395,0,0,合併,每年,股東會,"福邦證券股份有限公司","(02)23711658","台北市中正區忠孝西路一段６號６樓","勤業眾信聯合會計師事務所","蘇定堅","蔣淑菁","GIANT","No. 997&999, Sec. 1, Dongda Rd., Xitun Dist.,Taichung City 40763, Taiwan (R.O.C.)","(04)24627368","Sandylin@giant.com.tw","https://www.giantgroup-cycling.com/","潘巧莉","投資關係","(04)24609099#1320","cherrypan@giant.com.tw","https://www.giantgroup-cycling.com/ir-shareholderservice","https://www.giantgroup-cycling.com/ir-corporategovernance"
"9924","台灣福興工業股份有限公司","福興","居家生活","－","高雄市岡山區本洲里育才路88號","	75706009","林瑞章","陳建昆","李國偉","財務長","蔡燕芬","07-6225151","1957/11/23","1995/03/15",新台幣                 10.0000元,1507617360,150761736,0,0,合併,每年,董事會,"群益金鼎證券股份有限公司","02-2702-3999","(106大安區)台北巿敦化南路2段97號B2","資誠聯合會計師事務所","王駿凱","吳建志","TAIWAN FU HSING","No.88, YUCAI RDKANGSHAN, KAOHSIUNG CITY, TAIWAN, R.O.C.","07-6225466","stephen@fuhsing.com.tw","www.fuhsing.com.tw","李國偉","財務長","(07)6225151-450","stephen@fuhsing.com.tw","http://www.fuhsing.com.tw/exec/msg.php?mid=92&cid=40&pid=92&lg=T","https://www.fuhsing.com.tw/organization"
"9925","台灣新光保全股份有限公司","新保","其他","－","台北市內湖區行愛路128號","	12261768","吳昕東","洪國超","黃春明","執行副總經理","鄒國民","02-77199888","1980/01/21","1995/12/09",新台幣                 10.0000元,3874896050,387489605,0,0,合併,每年,股東會,"新光證券股份有限公司股務代理部","02-2311-8787","台北市中正區重慶南路一段66之1號11樓","勤業眾信聯合會計師事務所","劉書琳","郭乃華","SKS","No.128, Xing’ai Rd., Neihu DistTAIPEI,TAIWAN,R.O.C","02-27908573","arther@sks.com.tw","www.sks.com.tw","鄒國民","資深協理","02-77199888-20200","arther@sks.com.tw","www.sks.com.tw/Stakeholder","https://www.sks.com.tw/Company#list-chairman"
"9926","新海瓦斯股份有限公司","新海","油電燃氣業","－","新北市三重區力行路一段52號(通訊地址)","	35433242","林坤正","伍啟豪","楊朝凱","副總經理","李佳陽","(02)2982-1131","1966/06/11","1998/04/08",新台幣                 10.0000元,1795040750,179504075,0,0,合併,每年,股東會,"新光證券股份有限公司股務代理部","(02)23118787","台北市中正區重慶南路1段66-1號11樓","勤業眾信聯合會計師事務所","蘇郁琇","曾建銘","S.H.","No.52, SECTION 1, LI-SHING ROAD, SAN CHUNG DISTRICT.NEW TAIPEI CITY, TAIWAN, R.O.C.","(02)2982-6901","service@shinhaigas.com.tw","https://www.shinhaigas.com.tw/","楊凱雯","副課長","29821131#3302","cky@shinhaigas.com.tw","https://www.shinhaigas.com.tw/AboutShinhai/Stakeholder.html","https://www.shinhaigas.com.tw/Investors/Investor.html"
"9927","泰銘實業股份有限公司","泰銘","其他","－","高雄市大寮區莒光三街六號","	79875202","陳豊明","李茂生","童新沅","財會部經理","李淑芬","(07)787-2278","1983/02/19","1999/03/12",新台幣                 10.0000元,1200000000,120000000,0,0,合併,每年,董事會,"台新證券股務代理部","(02)2504-8125","台北市建國北路一段96號地下一樓","勤業眾信聯合會計師事務所","吳秋燕","劉裕祥","TMI","NO.6,Chu Kuang 3rd StDaliao Dist, Kaohsiung City,Taiwan,R.O.C","(07)787-3496","financial@tmicl.com.tw","www.tmicl.com.tw","童新沅","財會部經理","07-7872278","frank@tmicl.com.tw","http://www.tmicl.com.tw/inside-c-5.html","http://www.tmicl.com.tw/inside-c-7.html"
"9928","中國電視事業股份有限公司","中視","其他","－","台北市南港區重陽路118號","	18556774","盧秀芳","盧秀芳","盧秀芳","董事長","姚欣偉","(02)2783-8308","1968/10/24","1999/08/09",新台幣                 10.0000元,707245830,70724583,8800240,0,合併,每年,股東會,"凱基證券股份有限公司","02- 2389-2999","台北市重慶南路一段2號5樓","安侯建業聯合會計師事務所","韓沂璉","陳宗哲","CTV","118,Chung-Yang RoadTaipe,Taiwan,ROC","(02)2796-5284","bullock.yao@ctv.com.tw","www.ctv.com.tw","盧秀芳","董事長","(02)2789-6612","bullock.yao@ctv.com.tw","http://www.ctv.com.tw/opencms/investor/","https://www.ctv.com.tw/Cms_Data/Contents/CTV4/Media/investorRelations/index.html"
"9929","秋雨創新股份有限公司","秋雨","其他","－","台北市信義區市民大道六段288號9樓","	69439272","陳慧遊","陳鴻璸","王佩玲","經理","李振華","(02)87681999","1976/10/01","1999/06/28",新台幣                 10.0000元,1012800000,101280000,43800000,0,合併,每年,董事會,"福邦證券股份有限公司","(02)2371-1658","台北市中正區忠孝西路一段6號6樓","勤業眾信聯合會計師事務所","辛宥呈","葉淑娟","CHOICE","9F, No.288, Sec. 6, Civic Blvd.,  Taipei City 11087Taipei,Taiwan,ROC","(02)87681966","job@choicecompany.com.tw","http://www.choiceprintgroup.com","王佩玲","經理","(02)87681999","vivian@choicecompany.com.tw","http://www.choiceprintgroup.com/ch/rule.php?id=14","http://www.choiceprintgroup.com/ch/rule.php"
"9930","中聯資源股份有限公司","中聯資源","綠能環保","－","80661高雄市前鎮區成功二路88號22樓","	86119908","周文賢","吳一民","曹慧柔","副總經理","鍾鴻書","(07)336-8377","1991/05/25","1999/11/22",新台幣                 10.0000元,2485403680,248540368,0,0,合併,每年,股東會,"凱基證券股份有限公司","(02)2389-2999","台北市重慶南路一段2號4樓","勤業眾信聯合會計師事務所","劉裕祥","王兆群","CHC","22F,No.88,Chenggong 2nd Rd.,Qian-Zhen,Kaohsiung,80661,Taiwan,R.O.C","(07)336-8433","wilyen@chc.com.tw","www.chc.com.tw","施俊雄","經理","(07)9736696","avo@chc.com.tw","https://www.chc.com.tw/csr/html/ov/ov_co_sus.html","https://www.chc.com.tw/cg.html"
"9931","欣高石油氣股份有限公司","欣高","油電燃氣業","－","高雄市苓雅區民權一路12號","	79882718","陳建東","王繼開","黃進雄","副總經理","黃羅慧","075315701","1983/12/15","2000/03/21",新台幣                 10.0000元,1203693030,120369303,0,0,合併,每年,股東會,"群益金鼎證券股份有限公司","02-27023999","台北市大安區敦化南路二段97號B2","正風聯合會計師事務所","吳欣亮","林啟平","HSIN KAO","No. 12, Minquan 1st Rd., Lingya Dist.,Kaohsiung City 802037, Taiwan (R.O.C.)","075312932","acct@hkgas.com.tw","www.hkgas.com.tw","廖品昇","董事會秘書","075315701-508","sotb508@hkgas.com.tw","http://www.hkgas.com.tw/custuser.aspx","https://www.hkgas.com.tw/compwork.aspx"
"9933","中鼎工程股份有限公司","中鼎","其他","－","台北市中山北路六段89號","	20817282","楊宗興","李銘賢","李銘賢","總經理","李定壯","(02)2833-9999","1979/04/06","1993/05/28",新台幣                 10.0000元,9004098730,900409873,0,0,合併,每年,董事會,"凱基證券股份有限公司","(02)2389-2999","台北市重慶南路一段2號5樓","資誠聯合會計師事務所","廖福銘","陳晉昌","CTCI","89, Sec. 6, Zhongshan North RoadTAIPEI, TAIWAN, R.O.C.","(02)2833-8833","ctcigrp@ctci.com","www.ctci.com","蘇琪君","投資人關係主管","(02)2833-9999#10238","ir@ctci.com","https://www.ctci.com/csr/ch/0107","https://www.ctci.com/www/ctci2022/page.aspx?L=CH&C=0601"
"9934","成霖企業股份有限公司","成霖","居家生活","－","台中市潭子區建國路22號","	30899261","歐陽玄","歐陽玄","陳映帆","會計處協理","王勝鋒","04-25349676","1979/10/29","2000/09/11",新台幣                 10.0000元,4110169620,411016962,0,0,合併,每年,董事會,"永豐金證券股份有限公司","02-23816288","台北市中正區博愛路17號3樓","安永聯合會計師事務所","陳明宏","羅文振","GUIC","No. 22, Chien-Kuo Rd.,Tanzi District,Taichung City, Taiwan","04-25340840","-","https://tw.globeunion.com/","陳映帆","協理","04-25349676","IR@globeunion.com","https://tw.globeunion.com/stakeholders/","https://tw.globeunion.com/investors/corporate-governance/"
"9935","慶豐富實業股份有限公司","慶豐富","居家生活","－","彰化縣福興鄉沿海路四段三七三號","	59198197","許閔琁","許竣然","許竣然","總經理","張峻銘","04-7801967","1977/03/09","2000/09/11",新台幣                 10.0000元,1778389260,177838926,0,0,合併,每年,董事會,"元大證券股份有限公司","02-25865859","台北市大安區敦化南路二段67號地下一樓","安侯建業聯合會計師事務所","莊鈞維","許明芳","CF","373. SEC.  4, YEN-HAI  RD, FU-NAN VILLAGEFU HSIEN  CHANG-HWA TAIWAN R.O.C 50642","04-7707789","ir@chingfeng.com","http://www.chingfeng.com","張峻銘","財務副總經理","04-7801967","ir@chingfeng.com","http://www.chingfeng.com/cn/shareholders/Organization.html","https://www.chingfeng.com/msg/Organization.html"
"9937","全國加油站股份有限公司","全國","油電燃氣業","－","台北市羅斯福路六段140號4樓","	22958907","王瑞瑜","蔡佳璋","蔡佳璋","總經理","林玉儷","(02)2935-6500","1988/08/08","2000/09/11",新台幣                 10.0000元,3090430000,309043000,0,0,合併,每年,股東會,"元大證券股份有限公司","(02)2586-5859","106台北市大安區敦化南路2段67號B1","安永聯合會計師事務所","張正道","黃建澤","NPC","4F,No.140,Sec.6,Roosevelt Road,Taipei,Taiwan,R.O.C.","(02)2935-6505","IR@npcgas.com.tw","http://www.npcgas.com.tw","林玉儷","財務部經理","(02)29356500#230","IR@npcgas.com.tw","https://inv.npcgas.com.tw/html/investors/18.aspx","https://inv.npcgas.com.tw/html/investors/05.aspx"
"9938","台灣百和工業股份有限公司","百和","其他","－","彰化縣和美鎮好修里和港路575號","	09468343","鄭森煤","鄭誠禕","葉桂珠","副總經理","黃耀達","04-7565307","1985/01/14","2001/01/12",新台幣                 10.0000元,2979639020,297963902,0,0,合併,每年,董事會,"中國信託商業銀行代理部","02-66365566","台北市重慶南路一段83號5樓","勤業眾信聯合會計師事務所","蘇定堅","吳少君","TAIWAN PAIHO","No. 575, Hegang Rd., Haoxiu Vil., Hemei Township,Chang Hua County, Taiwan, R.O.C.","04-7570670","finance@paiho.com","https://www.paiho.com","黃耀達","協理","04-7565307","finance@paiho.com","https://www.paiho.com","https://www.paiho.com/tw/investors/"
"9939","宏全國際股份有限公司","宏全","其他","－","台中市西屯區工業區2路6號","	58176511","鄭雅文","曹宏宇","盧麒伊","投資人關係室經理","尚未派任","04-23590088","1969/07/15","2001/03/02",新台幣                 10.0000元,2957864750,295786475,0,0,合併,每年,董事會,"凱基證券股份有限公司","02-23892999","台北市重慶南路一段2號5樓","勤業眾信聯合會計師事務所","吳少君","蔣淑菁","HON CHUAN","No.6, 2nd. Road, Industrial Park, Xitun Dist.Taichung Taiwan, R.O.C","04-23590086","emily@mail.honchuan.com.tw","www.honchuan.com","盧麒伊","投資人關係室經理","04-23590088","emily@mail.honchuan.com.tw","http://www.honchuan.com/tw/investor","https://www.honchuan.com/tw/investors/corporate-governance"
"9940","信義房屋股份有限公司","信義","其他","－","台北市信義區信義路五段一００號","	22354940","周耕宇","陳麗心","陳志桓","副總經理","林俊安","27557666","1987/01/21","2001/09/17",新台幣                 10.0000元,7368465000,736846500,0,0,合併,每年,股東會,"群益金鼎證券(股)公司股務代理部","27023999","台北市敦化南路二段97號B2","勤業眾信聯合會計師事務所","王攀發","施錦川","Sinyi","No.100, SEC.5, XINYI ROAD, XINYI DISTRICTTAIPEI,TAIWAN","27228169","kepner.su@sinyi.com.tw","WWW.SINYI.COM.TW","蘇珮宜","經理","27557666#42602","investor@sinyi.com.tw","https://www.sinyi.com.tw/investors","https://www.sinyi.com.tw/investors"
"9941","裕融企業股份有限公司","裕融","其他","－","台北市敦化南路二段二號十五樓","	23528130","嚴陳莉蓮","闕源龍","廖淑華","副總經理","胡銘琦、林筱凡","2702-5055","1990/04/12","2001/09/17",新台幣                 10.0000元,6756363460,575636346,0,100000000,合併,每年,股東會,"裕融企業股份有限公司股務室","2515-6421","新北市新店區中興路三段3號1樓","勤業眾信會計師事務所","戴信維","張麗君","TAC","15F., No.2, Sec. 2, Dunhua South RoadTaipei,Taiwan","2702-9347","ir@tac.com.tw","http://www.tac.com.tw","廖淑華","副總經理","2702-5055","ir@tac.com.tw","http://www.tac.com.tw","https://www.tac.com.tw/Tw/business"
"9942","茂順密封元件科技股份有限公司","茂順","其他","－","南投市工業路336號","	61904541","石正復","石銘耀","薛汝青","財務部經理","陳玉琴","(049)2255-011","1976/08/04","2002/01/28",新台幣                 10.0000元,831613200,83161320,0,0,合併,每年,股東會,"元大證券股份有限公司","(02)2586-5859","台北市大安區敦化南路二段67號地下一樓","資誠聯合會計師事務所","吳松源","賴志維","MAO SHUN","NO 336 INDUSTRIAL ROAD., NANKANG INDUSTRIAL ZONE,NANTOU CITY, TAIWAN , R.O.C.","(049)2255-401","simon@mail.nak.com.tw","www.nak.com.tw","薛汝青","財務部經理","(049)2255-011#212","Simon@mail.nak.com.tw","http://www.nak.com.tw/template/zh/AboutUs.asp?CatID=122","https://www.nak.com.tw/index.php/zh-TW/investors/governance"
"9943","好樂迪股份有限公司","好樂迪","觀光餐旅","－","台北市信義區忠孝東路5段293號4樓","	84256265","林佳霖","李天行","李天行","總經理","林麗杏","(02)2769-5567","1993/04/10","2002/08/26",新台幣                 10.0000元,1251715100,125171510,0,0,合併,每年,董事會,"福邦證券股份有限公司","(02)2371-1658","台北市中正區忠孝西路一段６號６樓","資誠聯合會計師事務所","顏裕芳","林一帆","HOLIDAY","4th Floor Zhongxiao East Road, Xinyi District, Taipei 293 paragraph 5Taipei,Taiwan,R.O.C　　","(02)2769-6607","ir@holiday.com.tw","www.holiday.com.tw","林秀娟","經理","(02)27695567","a01123@holiday.com.tw","www.holiday.com.tw","https://www.holiday.com.tw/Act/shareholder/governance.html"
"9944","新麗企業股份有限公司","新麗","其他","－","桃園市八德區聯華街41號","	33375909","簡瑞瑞","吳東曜","簡裘裘","特別助理","施中南","(03)365-9903","1962/09/14","2002/08/26",新台幣                 10.0000元,1059081000,105908100,0,0,合併,每年,董事會,"中國信託商業銀行代理部","(02)6636-5566","台北市重慶南路一段83號5樓","國富浩華聯合會計師事務所","黃千真","邵朝彬","Shinih","No.41, Lianhua StBade Dist., Taoyuan City 334, Taiwan","(03)3653635","ir@shinih.com","www.shinih.com.tw","施中南","副總經理","03-3659903","ir@shinih.com","https://www.shinih.com/stakeholder","https://www.shinih.com/zh-hant/investors/corporate-governance/"
"9945","潤泰創新國際股份有限公司","潤泰新","其他","－","台北市八德路二段三０八號十一樓之一","	12139612","簡滄圳","盧玉璜","陳柏宇","協理","林金賜","81619888","1977/09/12","1992/04/30",新台幣                 10.0000元,28442250860,2844225086,0,0,合併,每年,股東會,"本公司股務室","81617958","台北市八德路二段三０八號十二樓","資誠聯合會計師事務所","張淑瓊","黃金連","RUENTEX DEVELOP","11/F,No.308,Section 2, Bade Road,Taipei,Taiwan,Republic of China","81617968","cmc@mail.ruentex.com.tw","www.rt-develop.com.tw","陳柏宇","協理","81619888","RT015630@mail.ruentex.com.tw","www.rt-develop.com.tw","https://www.rt-develop.com.tw/tw"
"9946","三發地產股份有限公司","三發地產","建材營造","－","台北市松山區八德路3段30號12樓","	84466749","鍾鼎晟","楊題銓","蔡文玲","執行副總經理","楊題銓","02-2570-9988","1993/09/20","2013/09/17",新台幣                 10.0000元,3265541500,326554150,0,0,合併,每季,董事會,"元大證券股份有限公司","02-2586-5859","臺北市大安區敦化南路2段67號地下一樓","安侯建業聯合會計師事務所","韓沂璉","黃欣婷","SANFAR","12F, No.30, Section 3, Bade Road, Songshan DistrictTaipei City, Taiwan","02-2570-6985","contact01@sanfar.com.tw","https://www.sanfar.com.tw","蔡文玲","投資人關係","02-2570-9988","contact01@sanfar.com.tw","https://sanfar.com.tw/zh-TW/investors/investor","https://sanfar.com.tw/zh-TW/investors/investor"
"9955","佳龍科技工程股份有限公司","佳龍","綠能環保","－","桃園市觀音區大潭里一鄰環科路323號","	97211972","吳界欣","楊明曄","陸怡豪","策略顧問","陳澤輝","(03)473-6566","1996/09/25","2008/01/21",新台幣                 10.0000元,1044358290,104435829,0,0,合併,每年,股東會,"台新綜合證券(股)公司股務代理部","(02)2504-8125","台北市中山區建國北路1段96號地下1樓","安永聯合會計師事務所","鄭清標","林政緯","SDTI　","No.323,Huanke Rd.,Guanyin Dist.,Taoyuan 328,Taiwan　","(03)473-5259","service@sdti.com.tw","www.sdti.com.tw","陸怡豪","策略顧問","(03)4736566","service@sdti.com.tw","https://www.sdti.com.tw/investors_shareholder.html","https://www.sdti.com.tw/investors_director.html"
"9958","世紀鋼鐵結構股份有限公司","世紀鋼","鋼鐵工業","－","桃園市觀音區中山路一段1119號","	22649001","賴文祥","李建安","瞿生元","財務主管","李建安","03-4730201","1987/10/09","2008/03/12",新台幣                 10.0000元,2468966650,246896665,0,0,合併,每年,董事會,"群益金鼎證券股份有限公司","(02)2702-3999","台北市106大安區敦化南路二段97號B2","安永聯合會計師事務所","林政緯","陳國帥","CIS　　","No. 1119, Section 1, Zhongshan Rd., Guanyin District, Taoyuan City 328, TaiwanTAOYUAN, TAIWAN　","03-4738325","ct.service@century.com.tw","www.century.com.tw","瞿生元","財務主管","03-4730201","aachiu@century.com.tw","https://www.century.com.tw/tw/duty/68/","https://www.century.com.tw/tw/info/7/"